src/c.y: warning: 1246 shift/reduce conflict
src/c.y: warning: 4 reduce/reduce conflict


Grammar

    0 accept: constant_expression

    1 constant_expression: expression

    2 expression: IDENTIFIER
    3  | CONSTANT
    4  | STRING_LITERAL
    5  | '(' expression ')'
    6  | expression '[' expression ']'
    7  | expression '(' ')'
    8  | expression '(' expression ')'
    9  | expression '.' IDENTIFIER
    10  | expression PTR_OP IDENTIFIER
    11  | expression INC_OP
    12  | expression DEC_OP
    13  | expression ',' expression
    14  | INC_OP expression
    15  | DEC_OP expression
    16  | SIZEOF expression
    17  | SIZEOF '(' type_name ')'
    18  | '(' type_name ')' expression
    19  | '&' expression
    20  | '*' expression
    21  | '+' expression
    22  | '-' expression
    23  | '~' expression
    24  | '!' expression
    25  | expression '+' expression
    26  | expression '-' expression
    27  | expression '*' expression
    28  | expression '/' expression
    29  | expression '%' expression
    30  | expression LEFT_OP expression
    31  | expression RIGHT_OP expression
    32  | expression '<' expression
    33  | expression '>' expression
    34  | expression LE_OP expression
    35  | expression GE_OP expression
    36  | expression EQ_OP expression
    37  | expression NE_OP expression
    38  | expression '&' expression
    39  | expression '^' expression
    40  | expression '|' expression
    41  | expression AND_OP expression
    42  | expression OR_OP expression
    43  | expression '=' expression
    44  | expression MUL_ASSIGN expression
    45  | expression DIV_ASSIGN expression
    46  | expression MOD_ASSIGN expression
    47  | expression ADD_ASSIGN expression
    48  | expression SUB_ASSIGN expression
    49  | expression LEFT_ASSIGN expression
    50  | expression RIGHT_ASSIGN expression
    51  | expression AND_ASSIGN expression
    52  | expression XOR_ASSIGN expression
    53  | expression OR_ASSIGN expression
    54  | expression ',' expression
    55  | expression '?' expression ':' expression

    56 type_name:


Terminals, with rules where they appear

    accept (2)
    IDENTIFIER (3) 2 9 10
    STRING_LITERAL (4) 4
    CONSTANT (5) 3
    SIZEOF (6) 16 17
    PTR_OP (7) 10
    INC_OP (8) 11 14
    DEC_OP (9) 12 15
    LEFT_OP (10) 30
    RIGHT_OP (11) 31
    LE_OP (12) 34
    GE_OP (13) 35
    EQ_OP (14) 36
    NE_OP (15) 37
    AND_OP (16) 41
    OR_OP (17) 42
    MUL_ASSIGN (18) 44
    DIV_ASSIGN (19) 45
    MOD_ASSIGN (20) 46
    ADD_ASSIGN (21) 47
    SUB_ASSIGN (22) 48
    LEFT_ASSIGN (23) 49
    RIGHT_ASSIGN (24) 50
    AND_ASSIGN (25) 51
    XOR_ASSIGN (26) 52
    OR_ASSIGN (27) 53
    TYPE_NAME (28)
    TYPEDEF (29)
    EXTERN (30)
    STATIC (31)
    AUTO (32)
    REGISTER (33)
    CHAR (34)
    SHORT (35)
    INT (36)
    LONG (37)
    SIGNED (38)
    UNSIGNED (39)
    FLOAT (40)
    DOUBLE (41)
    CONST (42)
    VOLATILE (43)
    VOID (44)
    STRUCT (45)
    UNION (46)
    ENUM (47)
    ELLIPSIS (48)
    CASE (49)
    DEFAULT (50)
    IF (51)
    ELSE (52)
    SWITCH (53)
    WHILE (54)
    DO (55)
    FOR (56)
    GOTO (57)
    CONTINUE (58)
    BREAK (59)
    RETURN (60)
    '(' (63) 5 7 8 17 18
    ')' (64) 5 7 8 17 18
    '[' (65) 6
    ']' (66) 6
    '.' (67) 9
    ',' (68) 13 54
    '&' (70) 19 38
    '*' (71) 20 27
    '+' (72) 21 25
    '-' (73) 22 26
    '~' (74) 23
    '!' (75) 24
    '/' (76) 28
    '%' (77) 29
    '<' (78) 32
    '>' (79) 33
    '^' (80) 39
    '|' (81) 40
    '=' (82) 43
    '?' (83) 55
    ':' (84) 55


Nonterminals, with rules where they appear

    expression (61)
        on left: 2 3 4 5 6 7 8 9 10 11 12 13 14 15 16 17 18 19 20 21 22 23 24 25 26 27 28 29 30 31 32 33 34 35 36 37 38 39 40 41 42 43 44 45 46 47 48 49 50 51 52 53 54 55
        on right: 1 5 6 7 8 9 10 11 12 13 14 15 16 18 19 20 21 22 23 24 25 26 27 28 29 30 31 32 33 34 35 36 37 38 39 40 41 42 43 44 45 46 47 48 49 50 51 52 53 54 55
    constant_expression (62)
        on left: 1
        on right: 0
    type_name (69)
        on left: 56
        on right: 17 18

State 0

    0 accept -> • constant_expression, yyeof
    1 constant_expression -> • expression, yyeof
    2 expression -> • IDENTIFIER, yyeof/PTR_OP/INC_OP/DEC_OP/LEFT_OP/RIGHT_OP/LE_OP/GE_OP/EQ_OP/NE_OP/AND_OP/OR_OP/MUL_ASSIGN/DIV_ASSIGN/MOD_ASSIGN/ADD_ASSIGN/SUB_ASSIGN/LEFT_ASSIGN/RIGHT_ASSIGN/AND_ASSIGN/XOR_ASSIGN/OR_ASSIGN/'('/'['/'.'/','/'&'/'*'/'+'/'-'/'/'/'%'/'<'/'>'/'^'/'|'/'='/'?'
    3 expression -> • CONSTANT, yyeof/PTR_OP/INC_OP/DEC_OP/LEFT_OP/RIGHT_OP/LE_OP/GE_OP/EQ_OP/NE_OP/AND_OP/OR_OP/MUL_ASSIGN/DIV_ASSIGN/MOD_ASSIGN/ADD_ASSIGN/SUB_ASSIGN/LEFT_ASSIGN/RIGHT_ASSIGN/AND_ASSIGN/XOR_ASSIGN/OR_ASSIGN/'('/'['/'.'/','/'&'/'*'/'+'/'-'/'/'/'%'/'<'/'>'/'^'/'|'/'='/'?'
    4 expression -> • STRING_LITERAL, yyeof/PTR_OP/INC_OP/DEC_OP/LEFT_OP/RIGHT_OP/LE_OP/GE_OP/EQ_OP/NE_OP/AND_OP/OR_OP/MUL_ASSIGN/DIV_ASSIGN/MOD_ASSIGN/ADD_ASSIGN/SUB_ASSIGN/LEFT_ASSIGN/RIGHT_ASSIGN/AND_ASSIGN/XOR_ASSIGN/OR_ASSIGN/'('/'['/'.'/','/'&'/'*'/'+'/'-'/'/'/'%'/'<'/'>'/'^'/'|'/'='/'?'
    5 expression -> • '(' expression ')', yyeof/PTR_OP/INC_OP/DEC_OP/LEFT_OP/RIGHT_OP/LE_OP/GE_OP/EQ_OP/NE_OP/AND_OP/OR_OP/MUL_ASSIGN/DIV_ASSIGN/MOD_ASSIGN/ADD_ASSIGN/SUB_ASSIGN/LEFT_ASSIGN/RIGHT_ASSIGN/AND_ASSIGN/XOR_ASSIGN/OR_ASSIGN/'('/'['/'.'/','/'&'/'*'/'+'/'-'/'/'/'%'/'<'/'>'/'^'/'|'/'='/'?'
    6 expression -> • expression '[' expression ']', yyeof/PTR_OP/INC_OP/DEC_OP/LEFT_OP/RIGHT_OP/LE_OP/GE_OP/EQ_OP/NE_OP/AND_OP/OR_OP/MUL_ASSIGN/DIV_ASSIGN/MOD_ASSIGN/ADD_ASSIGN/SUB_ASSIGN/LEFT_ASSIGN/RIGHT_ASSIGN/AND_ASSIGN/XOR_ASSIGN/OR_ASSIGN/'('/'['/'.'/','/'&'/'*'/'+'/'-'/'/'/'%'/'<'/'>'/'^'/'|'/'='/'?'
    7 expression -> • expression '(' ')', yyeof/PTR_OP/INC_OP/DEC_OP/LEFT_OP/RIGHT_OP/LE_OP/GE_OP/EQ_OP/NE_OP/AND_OP/OR_OP/MUL_ASSIGN/DIV_ASSIGN/MOD_ASSIGN/ADD_ASSIGN/SUB_ASSIGN/LEFT_ASSIGN/RIGHT_ASSIGN/AND_ASSIGN/XOR_ASSIGN/OR_ASSIGN/'('/'['/'.'/','/'&'/'*'/'+'/'-'/'/'/'%'/'<'/'>'/'^'/'|'/'='/'?'
    8 expression -> • expression '(' expression ')', yyeof/PTR_OP/INC_OP/DEC_OP/LEFT_OP/RIGHT_OP/LE_OP/GE_OP/EQ_OP/NE_OP/AND_OP/OR_OP/MUL_ASSIGN/DIV_ASSIGN/MOD_ASSIGN/ADD_ASSIGN/SUB_ASSIGN/LEFT_ASSIGN/RIGHT_ASSIGN/AND_ASSIGN/XOR_ASSIGN/OR_ASSIGN/'('/'['/'.'/','/'&'/'*'/'+'/'-'/'/'/'%'/'<'/'>'/'^'/'|'/'='/'?'
    9 expression -> • expression '.' IDENTIFIER, yyeof/PTR_OP/INC_OP/DEC_OP/LEFT_OP/RIGHT_OP/LE_OP/GE_OP/EQ_OP/NE_OP/AND_OP/OR_OP/MUL_ASSIGN/DIV_ASSIGN/MOD_ASSIGN/ADD_ASSIGN/SUB_ASSIGN/LEFT_ASSIGN/RIGHT_ASSIGN/AND_ASSIGN/XOR_ASSIGN/OR_ASSIGN/'('/'['/'.'/','/'&'/'*'/'+'/'-'/'/'/'%'/'<'/'>'/'^'/'|'/'='/'?'
    10 expression -> • expression PTR_OP IDENTIFIER, yyeof/PTR_OP/INC_OP/DEC_OP/LEFT_OP/RIGHT_OP/LE_OP/GE_OP/EQ_OP/NE_OP/AND_OP/OR_OP/MUL_ASSIGN/DIV_ASSIGN/MOD_ASSIGN/ADD_ASSIGN/SUB_ASSIGN/LEFT_ASSIGN/RIGHT_ASSIGN/AND_ASSIGN/XOR_ASSIGN/OR_ASSIGN/'('/'['/'.'/','/'&'/'*'/'+'/'-'/'/'/'%'/'<'/'>'/'^'/'|'/'='/'?'
    11 expression -> • expression INC_OP, yyeof/PTR_OP/INC_OP/DEC_OP/LEFT_OP/RIGHT_OP/LE_OP/GE_OP/EQ_OP/NE_OP/AND_OP/OR_OP/MUL_ASSIGN/DIV_ASSIGN/MOD_ASSIGN/ADD_ASSIGN/SUB_ASSIGN/LEFT_ASSIGN/RIGHT_ASSIGN/AND_ASSIGN/XOR_ASSIGN/OR_ASSIGN/'('/'['/'.'/','/'&'/'*'/'+'/'-'/'/'/'%'/'<'/'>'/'^'/'|'/'='/'?'
    12 expression -> • expression DEC_OP, yyeof/PTR_OP/INC_OP/DEC_OP/LEFT_OP/RIGHT_OP/LE_OP/GE_OP/EQ_OP/NE_OP/AND_OP/OR_OP/MUL_ASSIGN/DIV_ASSIGN/MOD_ASSIGN/ADD_ASSIGN/SUB_ASSIGN/LEFT_ASSIGN/RIGHT_ASSIGN/AND_ASSIGN/XOR_ASSIGN/OR_ASSIGN/'('/'['/'.'/','/'&'/'*'/'+'/'-'/'/'/'%'/'<'/'>'/'^'/'|'/'='/'?'
    13 expression -> • expression ',' expression, yyeof/PTR_OP/INC_OP/DEC_OP/LEFT_OP/RIGHT_OP/LE_OP/GE_OP/EQ_OP/NE_OP/AND_OP/OR_OP/MUL_ASSIGN/DIV_ASSIGN/MOD_ASSIGN/ADD_ASSIGN/SUB_ASSIGN/LEFT_ASSIGN/RIGHT_ASSIGN/AND_ASSIGN/XOR_ASSIGN/OR_ASSIGN/'('/'['/'.'/','/'&'/'*'/'+'/'-'/'/'/'%'/'<'/'>'/'^'/'|'/'='/'?'
    14 expression -> • INC_OP expression, yyeof/PTR_OP/INC_OP/DEC_OP/LEFT_OP/RIGHT_OP/LE_OP/GE_OP/EQ_OP/NE_OP/AND_OP/OR_OP/MUL_ASSIGN/DIV_ASSIGN/MOD_ASSIGN/ADD_ASSIGN/SUB_ASSIGN/LEFT_ASSIGN/RIGHT_ASSIGN/AND_ASSIGN/XOR_ASSIGN/OR_ASSIGN/'('/'['/'.'/','/'&'/'*'/'+'/'-'/'/'/'%'/'<'/'>'/'^'/'|'/'='/'?'
    15 expression -> • DEC_OP expression, yyeof/PTR_OP/INC_OP/DEC_OP/LEFT_OP/RIGHT_OP/LE_OP/GE_OP/EQ_OP/NE_OP/AND_OP/OR_OP/MUL_ASSIGN/DIV_ASSIGN/MOD_ASSIGN/ADD_ASSIGN/SUB_ASSIGN/LEFT_ASSIGN/RIGHT_ASSIGN/AND_ASSIGN/XOR_ASSIGN/OR_ASSIGN/'('/'['/'.'/','/'&'/'*'/'+'/'-'/'/'/'%'/'<'/'>'/'^'/'|'/'='/'?'
    16 expression -> • SIZEOF expression, yyeof/PTR_OP/INC_OP/DEC_OP/LEFT_OP/RIGHT_OP/LE_OP/GE_OP/EQ_OP/NE_OP/AND_OP/OR_OP/MUL_ASSIGN/DIV_ASSIGN/MOD_ASSIGN/ADD_ASSIGN/SUB_ASSIGN/LEFT_ASSIGN/RIGHT_ASSIGN/AND_ASSIGN/XOR_ASSIGN/OR_ASSIGN/'('/'['/'.'/','/'&'/'*'/'+'/'-'/'/'/'%'/'<'/'>'/'^'/'|'/'='/'?'
    17 expression -> • SIZEOF '(' type_name ')', yyeof/PTR_OP/INC_OP/DEC_OP/LEFT_OP/RIGHT_OP/LE_OP/GE_OP/EQ_OP/NE_OP/AND_OP/OR_OP/MUL_ASSIGN/DIV_ASSIGN/MOD_ASSIGN/ADD_ASSIGN/SUB_ASSIGN/LEFT_ASSIGN/RIGHT_ASSIGN/AND_ASSIGN/XOR_ASSIGN/OR_ASSIGN/'('/'['/'.'/','/'&'/'*'/'+'/'-'/'/'/'%'/'<'/'>'/'^'/'|'/'='/'?'
    18 expression -> • '(' type_name ')' expression, yyeof/PTR_OP/INC_OP/DEC_OP/LEFT_OP/RIGHT_OP/LE_OP/GE_OP/EQ_OP/NE_OP/AND_OP/OR_OP/MUL_ASSIGN/DIV_ASSIGN/MOD_ASSIGN/ADD_ASSIGN/SUB_ASSIGN/LEFT_ASSIGN/RIGHT_ASSIGN/AND_ASSIGN/XOR_ASSIGN/OR_ASSIGN/'('/'['/'.'/','/'&'/'*'/'+'/'-'/'/'/'%'/'<'/'>'/'^'/'|'/'='/'?'
    19 expression -> • '&' expression, yyeof/PTR_OP/INC_OP/DEC_OP/LEFT_OP/RIGHT_OP/LE_OP/GE_OP/EQ_OP/NE_OP/AND_OP/OR_OP/MUL_ASSIGN/DIV_ASSIGN/MOD_ASSIGN/ADD_ASSIGN/SUB_ASSIGN/LEFT_ASSIGN/RIGHT_ASSIGN/AND_ASSIGN/XOR_ASSIGN/OR_ASSIGN/'('/'['/'.'/','/'&'/'*'/'+'/'-'/'/'/'%'/'<'/'>'/'^'/'|'/'='/'?'
    20 expression -> • '*' expression, yyeof/PTR_OP/INC_OP/DEC_OP/LEFT_OP/RIGHT_OP/LE_OP/GE_OP/EQ_OP/NE_OP/AND_OP/OR_OP/MUL_ASSIGN/DIV_ASSIGN/MOD_ASSIGN/ADD_ASSIGN/SUB_ASSIGN/LEFT_ASSIGN/RIGHT_ASSIGN/AND_ASSIGN/XOR_ASSIGN/OR_ASSIGN/'('/'['/'.'/','/'&'/'*'/'+'/'-'/'/'/'%'/'<'/'>'/'^'/'|'/'='/'?'
    21 expression -> • '+' expression, yyeof/PTR_OP/INC_OP/DEC_OP/LEFT_OP/RIGHT_OP/LE_OP/GE_OP/EQ_OP/NE_OP/AND_OP/OR_OP/MUL_ASSIGN/DIV_ASSIGN/MOD_ASSIGN/ADD_ASSIGN/SUB_ASSIGN/LEFT_ASSIGN/RIGHT_ASSIGN/AND_ASSIGN/XOR_ASSIGN/OR_ASSIGN/'('/'['/'.'/','/'&'/'*'/'+'/'-'/'/'/'%'/'<'/'>'/'^'/'|'/'='/'?'
    22 expression -> • '-' expression, yyeof/PTR_OP/INC_OP/DEC_OP/LEFT_OP/RIGHT_OP/LE_OP/GE_OP/EQ_OP/NE_OP/AND_OP/OR_OP/MUL_ASSIGN/DIV_ASSIGN/MOD_ASSIGN/ADD_ASSIGN/SUB_ASSIGN/LEFT_ASSIGN/RIGHT_ASSIGN/AND_ASSIGN/XOR_ASSIGN/OR_ASSIGN/'('/'['/'.'/','/'&'/'*'/'+'/'-'/'/'/'%'/'<'/'>'/'^'/'|'/'='/'?'
    23 expression -> • '~' expression, yyeof/PTR_OP/INC_OP/DEC_OP/LEFT_OP/RIGHT_OP/LE_OP/GE_OP/EQ_OP/NE_OP/AND_OP/OR_OP/MUL_ASSIGN/DIV_ASSIGN/MOD_ASSIGN/ADD_ASSIGN/SUB_ASSIGN/LEFT_ASSIGN/RIGHT_ASSIGN/AND_ASSIGN/XOR_ASSIGN/OR_ASSIGN/'('/'['/'.'/','/'&'/'*'/'+'/'-'/'/'/'%'/'<'/'>'/'^'/'|'/'='/'?'
    24 expression -> • '!' expression, yyeof/PTR_OP/INC_OP/DEC_OP/LEFT_OP/RIGHT_OP/LE_OP/GE_OP/EQ_OP/NE_OP/AND_OP/OR_OP/MUL_ASSIGN/DIV_ASSIGN/MOD_ASSIGN/ADD_ASSIGN/SUB_ASSIGN/LEFT_ASSIGN/RIGHT_ASSIGN/AND_ASSIGN/XOR_ASSIGN/OR_ASSIGN/'('/'['/'.'/','/'&'/'*'/'+'/'-'/'/'/'%'/'<'/'>'/'^'/'|'/'='/'?'
    25 expression -> • expression '+' expression, yyeof/PTR_OP/INC_OP/DEC_OP/LEFT_OP/RIGHT_OP/LE_OP/GE_OP/EQ_OP/NE_OP/AND_OP/OR_OP/MUL_ASSIGN/DIV_ASSIGN/MOD_ASSIGN/ADD_ASSIGN/SUB_ASSIGN/LEFT_ASSIGN/RIGHT_ASSIGN/AND_ASSIGN/XOR_ASSIGN/OR_ASSIGN/'('/'['/'.'/','/'&'/'*'/'+'/'-'/'/'/'%'/'<'/'>'/'^'/'|'/'='/'?'
    26 expression -> • expression '-' expression, yyeof/PTR_OP/INC_OP/DEC_OP/LEFT_OP/RIGHT_OP/LE_OP/GE_OP/EQ_OP/NE_OP/AND_OP/OR_OP/MUL_ASSIGN/DIV_ASSIGN/MOD_ASSIGN/ADD_ASSIGN/SUB_ASSIGN/LEFT_ASSIGN/RIGHT_ASSIGN/AND_ASSIGN/XOR_ASSIGN/OR_ASSIGN/'('/'['/'.'/','/'&'/'*'/'+'/'-'/'/'/'%'/'<'/'>'/'^'/'|'/'='/'?'
    27 expression -> • expression '*' expression, yyeof/PTR_OP/INC_OP/DEC_OP/LEFT_OP/RIGHT_OP/LE_OP/GE_OP/EQ_OP/NE_OP/AND_OP/OR_OP/MUL_ASSIGN/DIV_ASSIGN/MOD_ASSIGN/ADD_ASSIGN/SUB_ASSIGN/LEFT_ASSIGN/RIGHT_ASSIGN/AND_ASSIGN/XOR_ASSIGN/OR_ASSIGN/'('/'['/'.'/','/'&'/'*'/'+'/'-'/'/'/'%'/'<'/'>'/'^'/'|'/'='/'?'
    28 expression -> • expression '/' expression, yyeof/PTR_OP/INC_OP/DEC_OP/LEFT_OP/RIGHT_OP/LE_OP/GE_OP/EQ_OP/NE_OP/AND_OP/OR_OP/MUL_ASSIGN/DIV_ASSIGN/MOD_ASSIGN/ADD_ASSIGN/SUB_ASSIGN/LEFT_ASSIGN/RIGHT_ASSIGN/AND_ASSIGN/XOR_ASSIGN/OR_ASSIGN/'('/'['/'.'/','/'&'/'*'/'+'/'-'/'/'/'%'/'<'/'>'/'^'/'|'/'='/'?'
    29 expression -> • expression '%' expression, yyeof/PTR_OP/INC_OP/DEC_OP/LEFT_OP/RIGHT_OP/LE_OP/GE_OP/EQ_OP/NE_OP/AND_OP/OR_OP/MUL_ASSIGN/DIV_ASSIGN/MOD_ASSIGN/ADD_ASSIGN/SUB_ASSIGN/LEFT_ASSIGN/RIGHT_ASSIGN/AND_ASSIGN/XOR_ASSIGN/OR_ASSIGN/'('/'['/'.'/','/'&'/'*'/'+'/'-'/'/'/'%'/'<'/'>'/'^'/'|'/'='/'?'
    30 expression -> • expression LEFT_OP expression, yyeof/PTR_OP/INC_OP/DEC_OP/LEFT_OP/RIGHT_OP/LE_OP/GE_OP/EQ_OP/NE_OP/AND_OP/OR_OP/MUL_ASSIGN/DIV_ASSIGN/MOD_ASSIGN/ADD_ASSIGN/SUB_ASSIGN/LEFT_ASSIGN/RIGHT_ASSIGN/AND_ASSIGN/XOR_ASSIGN/OR_ASSIGN/'('/'['/'.'/','/'&'/'*'/'+'/'-'/'/'/'%'/'<'/'>'/'^'/'|'/'='/'?'
    31 expression -> • expression RIGHT_OP expression, yyeof/PTR_OP/INC_OP/DEC_OP/LEFT_OP/RIGHT_OP/LE_OP/GE_OP/EQ_OP/NE_OP/AND_OP/OR_OP/MUL_ASSIGN/DIV_ASSIGN/MOD_ASSIGN/ADD_ASSIGN/SUB_ASSIGN/LEFT_ASSIGN/RIGHT_ASSIGN/AND_ASSIGN/XOR_ASSIGN/OR_ASSIGN/'('/'['/'.'/','/'&'/'*'/'+'/'-'/'/'/'%'/'<'/'>'/'^'/'|'/'='/'?'
    32 expression -> • expression '<' expression, yyeof/PTR_OP/INC_OP/DEC_OP/LEFT_OP/RIGHT_OP/LE_OP/GE_OP/EQ_OP/NE_OP/AND_OP/OR_OP/MUL_ASSIGN/DIV_ASSIGN/MOD_ASSIGN/ADD_ASSIGN/SUB_ASSIGN/LEFT_ASSIGN/RIGHT_ASSIGN/AND_ASSIGN/XOR_ASSIGN/OR_ASSIGN/'('/'['/'.'/','/'&'/'*'/'+'/'-'/'/'/'%'/'<'/'>'/'^'/'|'/'='/'?'
    33 expression -> • expression '>' expression, yyeof/PTR_OP/INC_OP/DEC_OP/LEFT_OP/RIGHT_OP/LE_OP/GE_OP/EQ_OP/NE_OP/AND_OP/OR_OP/MUL_ASSIGN/DIV_ASSIGN/MOD_ASSIGN/ADD_ASSIGN/SUB_ASSIGN/LEFT_ASSIGN/RIGHT_ASSIGN/AND_ASSIGN/XOR_ASSIGN/OR_ASSIGN/'('/'['/'.'/','/'&'/'*'/'+'/'-'/'/'/'%'/'<'/'>'/'^'/'|'/'='/'?'
    34 expression -> • expression LE_OP expression, yyeof/PTR_OP/INC_OP/DEC_OP/LEFT_OP/RIGHT_OP/LE_OP/GE_OP/EQ_OP/NE_OP/AND_OP/OR_OP/MUL_ASSIGN/DIV_ASSIGN/MOD_ASSIGN/ADD_ASSIGN/SUB_ASSIGN/LEFT_ASSIGN/RIGHT_ASSIGN/AND_ASSIGN/XOR_ASSIGN/OR_ASSIGN/'('/'['/'.'/','/'&'/'*'/'+'/'-'/'/'/'%'/'<'/'>'/'^'/'|'/'='/'?'
    35 expression -> • expression GE_OP expression, yyeof/PTR_OP/INC_OP/DEC_OP/LEFT_OP/RIGHT_OP/LE_OP/GE_OP/EQ_OP/NE_OP/AND_OP/OR_OP/MUL_ASSIGN/DIV_ASSIGN/MOD_ASSIGN/ADD_ASSIGN/SUB_ASSIGN/LEFT_ASSIGN/RIGHT_ASSIGN/AND_ASSIGN/XOR_ASSIGN/OR_ASSIGN/'('/'['/'.'/','/'&'/'*'/'+'/'-'/'/'/'%'/'<'/'>'/'^'/'|'/'='/'?'
    36 expression -> • expression EQ_OP expression, yyeof/PTR_OP/INC_OP/DEC_OP/LEFT_OP/RIGHT_OP/LE_OP/GE_OP/EQ_OP/NE_OP/AND_OP/OR_OP/MUL_ASSIGN/DIV_ASSIGN/MOD_ASSIGN/ADD_ASSIGN/SUB_ASSIGN/LEFT_ASSIGN/RIGHT_ASSIGN/AND_ASSIGN/XOR_ASSIGN/OR_ASSIGN/'('/'['/'.'/','/'&'/'*'/'+'/'-'/'/'/'%'/'<'/'>'/'^'/'|'/'='/'?'
    37 expression -> • expression NE_OP expression, yyeof/PTR_OP/INC_OP/DEC_OP/LEFT_OP/RIGHT_OP/LE_OP/GE_OP/EQ_OP/NE_OP/AND_OP/OR_OP/MUL_ASSIGN/DIV_ASSIGN/MOD_ASSIGN/ADD_ASSIGN/SUB_ASSIGN/LEFT_ASSIGN/RIGHT_ASSIGN/AND_ASSIGN/XOR_ASSIGN/OR_ASSIGN/'('/'['/'.'/','/'&'/'*'/'+'/'-'/'/'/'%'/'<'/'>'/'^'/'|'/'='/'?'
    38 expression -> • expression '&' expression, yyeof/PTR_OP/INC_OP/DEC_OP/LEFT_OP/RIGHT_OP/LE_OP/GE_OP/EQ_OP/NE_OP/AND_OP/OR_OP/MUL_ASSIGN/DIV_ASSIGN/MOD_ASSIGN/ADD_ASSIGN/SUB_ASSIGN/LEFT_ASSIGN/RIGHT_ASSIGN/AND_ASSIGN/XOR_ASSIGN/OR_ASSIGN/'('/'['/'.'/','/'&'/'*'/'+'/'-'/'/'/'%'/'<'/'>'/'^'/'|'/'='/'?'
    39 expression -> • expression '^' expression, yyeof/PTR_OP/INC_OP/DEC_OP/LEFT_OP/RIGHT_OP/LE_OP/GE_OP/EQ_OP/NE_OP/AND_OP/OR_OP/MUL_ASSIGN/DIV_ASSIGN/MOD_ASSIGN/ADD_ASSIGN/SUB_ASSIGN/LEFT_ASSIGN/RIGHT_ASSIGN/AND_ASSIGN/XOR_ASSIGN/OR_ASSIGN/'('/'['/'.'/','/'&'/'*'/'+'/'-'/'/'/'%'/'<'/'>'/'^'/'|'/'='/'?'
    40 expression -> • expression '|' expression, yyeof/PTR_OP/INC_OP/DEC_OP/LEFT_OP/RIGHT_OP/LE_OP/GE_OP/EQ_OP/NE_OP/AND_OP/OR_OP/MUL_ASSIGN/DIV_ASSIGN/MOD_ASSIGN/ADD_ASSIGN/SUB_ASSIGN/LEFT_ASSIGN/RIGHT_ASSIGN/AND_ASSIGN/XOR_ASSIGN/OR_ASSIGN/'('/'['/'.'/','/'&'/'*'/'+'/'-'/'/'/'%'/'<'/'>'/'^'/'|'/'='/'?'
    41 expression -> • expression AND_OP expression, yyeof/PTR_OP/INC_OP/DEC_OP/LEFT_OP/RIGHT_OP/LE_OP/GE_OP/EQ_OP/NE_OP/AND_OP/OR_OP/MUL_ASSIGN/DIV_ASSIGN/MOD_ASSIGN/ADD_ASSIGN/SUB_ASSIGN/LEFT_ASSIGN/RIGHT_ASSIGN/AND_ASSIGN/XOR_ASSIGN/OR_ASSIGN/'('/'['/'.'/','/'&'/'*'/'+'/'-'/'/'/'%'/'<'/'>'/'^'/'|'/'='/'?'
    42 expression -> • expression OR_OP expression, yyeof/PTR_OP/INC_OP/DEC_OP/LEFT_OP/RIGHT_OP/LE_OP/GE_OP/EQ_OP/NE_OP/AND_OP/OR_OP/MUL_ASSIGN/DIV_ASSIGN/MOD_ASSIGN/ADD_ASSIGN/SUB_ASSIGN/LEFT_ASSIGN/RIGHT_ASSIGN/AND_ASSIGN/XOR_ASSIGN/OR_ASSIGN/'('/'['/'.'/','/'&'/'*'/'+'/'-'/'/'/'%'/'<'/'>'/'^'/'|'/'='/'?'
    43 expression -> • expression '=' expression, yyeof/PTR_OP/INC_OP/DEC_OP/LEFT_OP/RIGHT_OP/LE_OP/GE_OP/EQ_OP/NE_OP/AND_OP/OR_OP/MUL_ASSIGN/DIV_ASSIGN/MOD_ASSIGN/ADD_ASSIGN/SUB_ASSIGN/LEFT_ASSIGN/RIGHT_ASSIGN/AND_ASSIGN/XOR_ASSIGN/OR_ASSIGN/'('/'['/'.'/','/'&'/'*'/'+'/'-'/'/'/'%'/'<'/'>'/'^'/'|'/'='/'?'
    44 expression -> • expression MUL_ASSIGN expression, yyeof/PTR_OP/INC_OP/DEC_OP/LEFT_OP/RIGHT_OP/LE_OP/GE_OP/EQ_OP/NE_OP/AND_OP/OR_OP/MUL_ASSIGN/DIV_ASSIGN/MOD_ASSIGN/ADD_ASSIGN/SUB_ASSIGN/LEFT_ASSIGN/RIGHT_ASSIGN/AND_ASSIGN/XOR_ASSIGN/OR_ASSIGN/'('/'['/'.'/','/'&'/'*'/'+'/'-'/'/'/'%'/'<'/'>'/'^'/'|'/'='/'?'
    45 expression -> • expression DIV_ASSIGN expression, yyeof/PTR_OP/INC_OP/DEC_OP/LEFT_OP/RIGHT_OP/LE_OP/GE_OP/EQ_OP/NE_OP/AND_OP/OR_OP/MUL_ASSIGN/DIV_ASSIGN/MOD_ASSIGN/ADD_ASSIGN/SUB_ASSIGN/LEFT_ASSIGN/RIGHT_ASSIGN/AND_ASSIGN/XOR_ASSIGN/OR_ASSIGN/'('/'['/'.'/','/'&'/'*'/'+'/'-'/'/'/'%'/'<'/'>'/'^'/'|'/'='/'?'
    46 expression -> • expression MOD_ASSIGN expression, yyeof/PTR_OP/INC_OP/DEC_OP/LEFT_OP/RIGHT_OP/LE_OP/GE_OP/EQ_OP/NE_OP/AND_OP/OR_OP/MUL_ASSIGN/DIV_ASSIGN/MOD_ASSIGN/ADD_ASSIGN/SUB_ASSIGN/LEFT_ASSIGN/RIGHT_ASSIGN/AND_ASSIGN/XOR_ASSIGN/OR_ASSIGN/'('/'['/'.'/','/'&'/'*'/'+'/'-'/'/'/'%'/'<'/'>'/'^'/'|'/'='/'?'
    47 expression -> • expression ADD_ASSIGN expression, yyeof/PTR_OP/INC_OP/DEC_OP/LEFT_OP/RIGHT_OP/LE_OP/GE_OP/EQ_OP/NE_OP/AND_OP/OR_OP/MUL_ASSIGN/DIV_ASSIGN/MOD_ASSIGN/ADD_ASSIGN/SUB_ASSIGN/LEFT_ASSIGN/RIGHT_ASSIGN/AND_ASSIGN/XOR_ASSIGN/OR_ASSIGN/'('/'['/'.'/','/'&'/'*'/'+'/'-'/'/'/'%'/'<'/'>'/'^'/'|'/'='/'?'
    48 expression -> • expression SUB_ASSIGN expression, yyeof/PTR_OP/INC_OP/DEC_OP/LEFT_OP/RIGHT_OP/LE_OP/GE_OP/EQ_OP/NE_OP/AND_OP/OR_OP/MUL_ASSIGN/DIV_ASSIGN/MOD_ASSIGN/ADD_ASSIGN/SUB_ASSIGN/LEFT_ASSIGN/RIGHT_ASSIGN/AND_ASSIGN/XOR_ASSIGN/OR_ASSIGN/'('/'['/'.'/','/'&'/'*'/'+'/'-'/'/'/'%'/'<'/'>'/'^'/'|'/'='/'?'
    49 expression -> • expression LEFT_ASSIGN expression, yyeof/PTR_OP/INC_OP/DEC_OP/LEFT_OP/RIGHT_OP/LE_OP/GE_OP/EQ_OP/NE_OP/AND_OP/OR_OP/MUL_ASSIGN/DIV_ASSIGN/MOD_ASSIGN/ADD_ASSIGN/SUB_ASSIGN/LEFT_ASSIGN/RIGHT_ASSIGN/AND_ASSIGN/XOR_ASSIGN/OR_ASSIGN/'('/'['/'.'/','/'&'/'*'/'+'/'-'/'/'/'%'/'<'/'>'/'^'/'|'/'='/'?'
    50 expression -> • expression RIGHT_ASSIGN expression, yyeof/PTR_OP/INC_OP/DEC_OP/LEFT_OP/RIGHT_OP/LE_OP/GE_OP/EQ_OP/NE_OP/AND_OP/OR_OP/MUL_ASSIGN/DIV_ASSIGN/MOD_ASSIGN/ADD_ASSIGN/SUB_ASSIGN/LEFT_ASSIGN/RIGHT_ASSIGN/AND_ASSIGN/XOR_ASSIGN/OR_ASSIGN/'('/'['/'.'/','/'&'/'*'/'+'/'-'/'/'/'%'/'<'/'>'/'^'/'|'/'='/'?'
    51 expression -> • expression AND_ASSIGN expression, yyeof/PTR_OP/INC_OP/DEC_OP/LEFT_OP/RIGHT_OP/LE_OP/GE_OP/EQ_OP/NE_OP/AND_OP/OR_OP/MUL_ASSIGN/DIV_ASSIGN/MOD_ASSIGN/ADD_ASSIGN/SUB_ASSIGN/LEFT_ASSIGN/RIGHT_ASSIGN/AND_ASSIGN/XOR_ASSIGN/OR_ASSIGN/'('/'['/'.'/','/'&'/'*'/'+'/'-'/'/'/'%'/'<'/'>'/'^'/'|'/'='/'?'
    52 expression -> • expression XOR_ASSIGN expression, yyeof/PTR_OP/INC_OP/DEC_OP/LEFT_OP/RIGHT_OP/LE_OP/GE_OP/EQ_OP/NE_OP/AND_OP/OR_OP/MUL_ASSIGN/DIV_ASSIGN/MOD_ASSIGN/ADD_ASSIGN/SUB_ASSIGN/LEFT_ASSIGN/RIGHT_ASSIGN/AND_ASSIGN/XOR_ASSIGN/OR_ASSIGN/'('/'['/'.'/','/'&'/'*'/'+'/'-'/'/'/'%'/'<'/'>'/'^'/'|'/'='/'?'
    53 expression -> • expression OR_ASSIGN expression, yyeof/PTR_OP/INC_OP/DEC_OP/LEFT_OP/RIGHT_OP/LE_OP/GE_OP/EQ_OP/NE_OP/AND_OP/OR_OP/MUL_ASSIGN/DIV_ASSIGN/MOD_ASSIGN/ADD_ASSIGN/SUB_ASSIGN/LEFT_ASSIGN/RIGHT_ASSIGN/AND_ASSIGN/XOR_ASSIGN/OR_ASSIGN/'('/'['/'.'/','/'&'/'*'/'+'/'-'/'/'/'%'/'<'/'>'/'^'/'|'/'='/'?'
    54 expression -> • expression ',' expression, yyeof/PTR_OP/INC_OP/DEC_OP/LEFT_OP/RIGHT_OP/LE_OP/GE_OP/EQ_OP/NE_OP/AND_OP/OR_OP/MUL_ASSIGN/DIV_ASSIGN/MOD_ASSIGN/ADD_ASSIGN/SUB_ASSIGN/LEFT_ASSIGN/RIGHT_ASSIGN/AND_ASSIGN/XOR_ASSIGN/OR_ASSIGN/'('/'['/'.'/','/'&'/'*'/'+'/'-'/'/'/'%'/'<'/'>'/'^'/'|'/'='/'?'
    55 expression -> • expression '?' expression ':' expression, yyeof/PTR_OP/INC_OP/DEC_OP/LEFT_OP/RIGHT_OP/LE_OP/GE_OP/EQ_OP/NE_OP/AND_OP/OR_OP/MUL_ASSIGN/DIV_ASSIGN/MOD_ASSIGN/ADD_ASSIGN/SUB_ASSIGN/LEFT_ASSIGN/RIGHT_ASSIGN/AND_ASSIGN/XOR_ASSIGN/OR_ASSIGN/'('/'['/'.'/','/'&'/'*'/'+'/'-'/'/'/'%'/'<'/'>'/'^'/'|'/'='/'?'

    IDENTIFIER shift, and go to state 1
    STRING_LITERAL shift, and go to state 2
    CONSTANT shift, and go to state 3
    SIZEOF shift, and go to state 4
    INC_OP shift, and go to state 5
    DEC_OP shift, and go to state 6
    '(' shift, and go to state 9
    '&' shift, and go to state 10
    '*' shift, and go to state 11
    '+' shift, and go to state 12
    '-' shift, and go to state 13
    '~' shift, and go to state 14
    '!' shift, and go to state 15

    expression go to state 7
    constant_expression go to state 8


State 1

    2 expression -> IDENTIFIER•, yyeof/PTR_OP/INC_OP/DEC_OP/LEFT_OP/RIGHT_OP/LE_OP/GE_OP/EQ_OP/NE_OP/AND_OP/OR_OP/MUL_ASSIGN/DIV_ASSIGN/MOD_ASSIGN/ADD_ASSIGN/SUB_ASSIGN/LEFT_ASSIGN/RIGHT_ASSIGN/AND_ASSIGN/XOR_ASSIGN/OR_ASSIGN/'('/')'/'['/']'/'.'/','/'&'/'*'/'+'/'-'/'/'/'%'/'<'/'>'/'^'/'|'/'='/'?'/':'

    yyeof reduce using rule 2 (expression)
    PTR_OP reduce using rule 2 (expression)
    INC_OP reduce using rule 2 (expression)
    DEC_OP reduce using rule 2 (expression)
    LEFT_OP reduce using rule 2 (expression)
    RIGHT_OP reduce using rule 2 (expression)
    LE_OP reduce using rule 2 (expression)
    GE_OP reduce using rule 2 (expression)
    EQ_OP reduce using rule 2 (expression)
    NE_OP reduce using rule 2 (expression)
    AND_OP reduce using rule 2 (expression)
    OR_OP reduce using rule 2 (expression)
    MUL_ASSIGN reduce using rule 2 (expression)
    DIV_ASSIGN reduce using rule 2 (expression)
    MOD_ASSIGN reduce using rule 2 (expression)
    ADD_ASSIGN reduce using rule 2 (expression)
    SUB_ASSIGN reduce using rule 2 (expression)
    LEFT_ASSIGN reduce using rule 2 (expression)
    RIGHT_ASSIGN reduce using rule 2 (expression)
    AND_ASSIGN reduce using rule 2 (expression)
    XOR_ASSIGN reduce using rule 2 (expression)
    OR_ASSIGN reduce using rule 2 (expression)
    '(' reduce using rule 2 (expression)
    ')' reduce using rule 2 (expression)
    '[' reduce using rule 2 (expression)
    ']' reduce using rule 2 (expression)
    '.' reduce using rule 2 (expression)
    ',' reduce using rule 2 (expression)
    '&' reduce using rule 2 (expression)
    '*' reduce using rule 2 (expression)
    '+' reduce using rule 2 (expression)
    '-' reduce using rule 2 (expression)
    '/' reduce using rule 2 (expression)
    '%' reduce using rule 2 (expression)
    '<' reduce using rule 2 (expression)
    '>' reduce using rule 2 (expression)
    '^' reduce using rule 2 (expression)
    '|' reduce using rule 2 (expression)
    '=' reduce using rule 2 (expression)
    '?' reduce using rule 2 (expression)
    ':' reduce using rule 2 (expression)


State 2

    4 expression -> STRING_LITERAL•, yyeof/PTR_OP/INC_OP/DEC_OP/LEFT_OP/RIGHT_OP/LE_OP/GE_OP/EQ_OP/NE_OP/AND_OP/OR_OP/MUL_ASSIGN/DIV_ASSIGN/MOD_ASSIGN/ADD_ASSIGN/SUB_ASSIGN/LEFT_ASSIGN/RIGHT_ASSIGN/AND_ASSIGN/XOR_ASSIGN/OR_ASSIGN/'('/')'/'['/']'/'.'/','/'&'/'*'/'+'/'-'/'/'/'%'/'<'/'>'/'^'/'|'/'='/'?'/':'

    yyeof reduce using rule 4 (expression)
    PTR_OP reduce using rule 4 (expression)
    INC_OP reduce using rule 4 (expression)
    DEC_OP reduce using rule 4 (expression)
    LEFT_OP reduce using rule 4 (expression)
    RIGHT_OP reduce using rule 4 (expression)
    LE_OP reduce using rule 4 (expression)
    GE_OP reduce using rule 4 (expression)
    EQ_OP reduce using rule 4 (expression)
    NE_OP reduce using rule 4 (expression)
    AND_OP reduce using rule 4 (expression)
    OR_OP reduce using rule 4 (expression)
    MUL_ASSIGN reduce using rule 4 (expression)
    DIV_ASSIGN reduce using rule 4 (expression)
    MOD_ASSIGN reduce using rule 4 (expression)
    ADD_ASSIGN reduce using rule 4 (expression)
    SUB_ASSIGN reduce using rule 4 (expression)
    LEFT_ASSIGN reduce using rule 4 (expression)
    RIGHT_ASSIGN reduce using rule 4 (expression)
    AND_ASSIGN reduce using rule 4 (expression)
    XOR_ASSIGN reduce using rule 4 (expression)
    OR_ASSIGN reduce using rule 4 (expression)
    '(' reduce using rule 4 (expression)
    ')' reduce using rule 4 (expression)
    '[' reduce using rule 4 (expression)
    ']' reduce using rule 4 (expression)
    '.' reduce using rule 4 (expression)
    ',' reduce using rule 4 (expression)
    '&' reduce using rule 4 (expression)
    '*' reduce using rule 4 (expression)
    '+' reduce using rule 4 (expression)
    '-' reduce using rule 4 (expression)
    '/' reduce using rule 4 (expression)
    '%' reduce using rule 4 (expression)
    '<' reduce using rule 4 (expression)
    '>' reduce using rule 4 (expression)
    '^' reduce using rule 4 (expression)
    '|' reduce using rule 4 (expression)
    '=' reduce using rule 4 (expression)
    '?' reduce using rule 4 (expression)
    ':' reduce using rule 4 (expression)


State 3

    3 expression -> CONSTANT•, yyeof/PTR_OP/INC_OP/DEC_OP/LEFT_OP/RIGHT_OP/LE_OP/GE_OP/EQ_OP/NE_OP/AND_OP/OR_OP/MUL_ASSIGN/DIV_ASSIGN/MOD_ASSIGN/ADD_ASSIGN/SUB_ASSIGN/LEFT_ASSIGN/RIGHT_ASSIGN/AND_ASSIGN/XOR_ASSIGN/OR_ASSIGN/'('/')'/'['/']'/'.'/','/'&'/'*'/'+'/'-'/'/'/'%'/'<'/'>'/'^'/'|'/'='/'?'/':'

    yyeof reduce using rule 3 (expression)
    PTR_OP reduce using rule 3 (expression)
    INC_OP reduce using rule 3 (expression)
    DEC_OP reduce using rule 3 (expression)
    LEFT_OP reduce using rule 3 (expression)
    RIGHT_OP reduce using rule 3 (expression)
    LE_OP reduce using rule 3 (expression)
    GE_OP reduce using rule 3 (expression)
    EQ_OP reduce using rule 3 (expression)
    NE_OP reduce using rule 3 (expression)
    AND_OP reduce using rule 3 (expression)
    OR_OP reduce using rule 3 (expression)
    MUL_ASSIGN reduce using rule 3 (expression)
    DIV_ASSIGN reduce using rule 3 (expression)
    MOD_ASSIGN reduce using rule 3 (expression)
    ADD_ASSIGN reduce using rule 3 (expression)
    SUB_ASSIGN reduce using rule 3 (expression)
    LEFT_ASSIGN reduce using rule 3 (expression)
    RIGHT_ASSIGN reduce using rule 3 (expression)
    AND_ASSIGN reduce using rule 3 (expression)
    XOR_ASSIGN reduce using rule 3 (expression)
    OR_ASSIGN reduce using rule 3 (expression)
    '(' reduce using rule 3 (expression)
    ')' reduce using rule 3 (expression)
    '[' reduce using rule 3 (expression)
    ']' reduce using rule 3 (expression)
    '.' reduce using rule 3 (expression)
    ',' reduce using rule 3 (expression)
    '&' reduce using rule 3 (expression)
    '*' reduce using rule 3 (expression)
    '+' reduce using rule 3 (expression)
    '-' reduce using rule 3 (expression)
    '/' reduce using rule 3 (expression)
    '%' reduce using rule 3 (expression)
    '<' reduce using rule 3 (expression)
    '>' reduce using rule 3 (expression)
    '^' reduce using rule 3 (expression)
    '|' reduce using rule 3 (expression)
    '=' reduce using rule 3 (expression)
    '?' reduce using rule 3 (expression)
    ':' reduce using rule 3 (expression)


State 4

    2 expression -> • IDENTIFIER, yyeof/PTR_OP/INC_OP/DEC_OP/LEFT_OP/RIGHT_OP/LE_OP/GE_OP/EQ_OP/NE_OP/AND_OP/OR_OP/MUL_ASSIGN/DIV_ASSIGN/MOD_ASSIGN/ADD_ASSIGN/SUB_ASSIGN/LEFT_ASSIGN/RIGHT_ASSIGN/AND_ASSIGN/XOR_ASSIGN/OR_ASSIGN/'('/')'/'['/']'/'.'/','/'&'/'*'/'+'/'-'/'/'/'%'/'<'/'>'/'^'/'|'/'='/'?'/':'
    3 expression -> • CONSTANT, yyeof/PTR_OP/INC_OP/DEC_OP/LEFT_OP/RIGHT_OP/LE_OP/GE_OP/EQ_OP/NE_OP/AND_OP/OR_OP/MUL_ASSIGN/DIV_ASSIGN/MOD_ASSIGN/ADD_ASSIGN/SUB_ASSIGN/LEFT_ASSIGN/RIGHT_ASSIGN/AND_ASSIGN/XOR_ASSIGN/OR_ASSIGN/'('/')'/'['/']'/'.'/','/'&'/'*'/'+'/'-'/'/'/'%'/'<'/'>'/'^'/'|'/'='/'?'/':'
    4 expression -> • STRING_LITERAL, yyeof/PTR_OP/INC_OP/DEC_OP/LEFT_OP/RIGHT_OP/LE_OP/GE_OP/EQ_OP/NE_OP/AND_OP/OR_OP/MUL_ASSIGN/DIV_ASSIGN/MOD_ASSIGN/ADD_ASSIGN/SUB_ASSIGN/LEFT_ASSIGN/RIGHT_ASSIGN/AND_ASSIGN/XOR_ASSIGN/OR_ASSIGN/'('/')'/'['/']'/'.'/','/'&'/'*'/'+'/'-'/'/'/'%'/'<'/'>'/'^'/'|'/'='/'?'/':'
    5 expression -> • '(' expression ')', yyeof/PTR_OP/INC_OP/DEC_OP/LEFT_OP/RIGHT_OP/LE_OP/GE_OP/EQ_OP/NE_OP/AND_OP/OR_OP/MUL_ASSIGN/DIV_ASSIGN/MOD_ASSIGN/ADD_ASSIGN/SUB_ASSIGN/LEFT_ASSIGN/RIGHT_ASSIGN/AND_ASSIGN/XOR_ASSIGN/OR_ASSIGN/'('/')'/'['/']'/'.'/','/'&'/'*'/'+'/'-'/'/'/'%'/'<'/'>'/'^'/'|'/'='/'?'/':'
    6 expression -> • expression '[' expression ']', yyeof/PTR_OP/INC_OP/DEC_OP/LEFT_OP/RIGHT_OP/LE_OP/GE_OP/EQ_OP/NE_OP/AND_OP/OR_OP/MUL_ASSIGN/DIV_ASSIGN/MOD_ASSIGN/ADD_ASSIGN/SUB_ASSIGN/LEFT_ASSIGN/RIGHT_ASSIGN/AND_ASSIGN/XOR_ASSIGN/OR_ASSIGN/'('/')'/'['/']'/'.'/','/'&'/'*'/'+'/'-'/'/'/'%'/'<'/'>'/'^'/'|'/'='/'?'/':'
    7 expression -> • expression '(' ')', yyeof/PTR_OP/INC_OP/DEC_OP/LEFT_OP/RIGHT_OP/LE_OP/GE_OP/EQ_OP/NE_OP/AND_OP/OR_OP/MUL_ASSIGN/DIV_ASSIGN/MOD_ASSIGN/ADD_ASSIGN/SUB_ASSIGN/LEFT_ASSIGN/RIGHT_ASSIGN/AND_ASSIGN/XOR_ASSIGN/OR_ASSIGN/'('/')'/'['/']'/'.'/','/'&'/'*'/'+'/'-'/'/'/'%'/'<'/'>'/'^'/'|'/'='/'?'/':'
    8 expression -> • expression '(' expression ')', yyeof/PTR_OP/INC_OP/DEC_OP/LEFT_OP/RIGHT_OP/LE_OP/GE_OP/EQ_OP/NE_OP/AND_OP/OR_OP/MUL_ASSIGN/DIV_ASSIGN/MOD_ASSIGN/ADD_ASSIGN/SUB_ASSIGN/LEFT_ASSIGN/RIGHT_ASSIGN/AND_ASSIGN/XOR_ASSIGN/OR_ASSIGN/'('/')'/'['/']'/'.'/','/'&'/'*'/'+'/'-'/'/'/'%'/'<'/'>'/'^'/'|'/'='/'?'/':'
    9 expression -> • expression '.' IDENTIFIER, yyeof/PTR_OP/INC_OP/DEC_OP/LEFT_OP/RIGHT_OP/LE_OP/GE_OP/EQ_OP/NE_OP/AND_OP/OR_OP/MUL_ASSIGN/DIV_ASSIGN/MOD_ASSIGN/ADD_ASSIGN/SUB_ASSIGN/LEFT_ASSIGN/RIGHT_ASSIGN/AND_ASSIGN/XOR_ASSIGN/OR_ASSIGN/'('/')'/'['/']'/'.'/','/'&'/'*'/'+'/'-'/'/'/'%'/'<'/'>'/'^'/'|'/'='/'?'/':'
    10 expression -> • expression PTR_OP IDENTIFIER, yyeof/PTR_OP/INC_OP/DEC_OP/LEFT_OP/RIGHT_OP/LE_OP/GE_OP/EQ_OP/NE_OP/AND_OP/OR_OP/MUL_ASSIGN/DIV_ASSIGN/MOD_ASSIGN/ADD_ASSIGN/SUB_ASSIGN/LEFT_ASSIGN/RIGHT_ASSIGN/AND_ASSIGN/XOR_ASSIGN/OR_ASSIGN/'('/')'/'['/']'/'.'/','/'&'/'*'/'+'/'-'/'/'/'%'/'<'/'>'/'^'/'|'/'='/'?'/':'
    11 expression -> • expression INC_OP, yyeof/PTR_OP/INC_OP/DEC_OP/LEFT_OP/RIGHT_OP/LE_OP/GE_OP/EQ_OP/NE_OP/AND_OP/OR_OP/MUL_ASSIGN/DIV_ASSIGN/MOD_ASSIGN/ADD_ASSIGN/SUB_ASSIGN/LEFT_ASSIGN/RIGHT_ASSIGN/AND_ASSIGN/XOR_ASSIGN/OR_ASSIGN/'('/')'/'['/']'/'.'/','/'&'/'*'/'+'/'-'/'/'/'%'/'<'/'>'/'^'/'|'/'='/'?'/':'
    12 expression -> • expression DEC_OP, yyeof/PTR_OP/INC_OP/DEC_OP/LEFT_OP/RIGHT_OP/LE_OP/GE_OP/EQ_OP/NE_OP/AND_OP/OR_OP/MUL_ASSIGN/DIV_ASSIGN/MOD_ASSIGN/ADD_ASSIGN/SUB_ASSIGN/LEFT_ASSIGN/RIGHT_ASSIGN/AND_ASSIGN/XOR_ASSIGN/OR_ASSIGN/'('/')'/'['/']'/'.'/','/'&'/'*'/'+'/'-'/'/'/'%'/'<'/'>'/'^'/'|'/'='/'?'/':'
    13 expression -> • expression ',' expression, yyeof/PTR_OP/INC_OP/DEC_OP/LEFT_OP/RIGHT_OP/LE_OP/GE_OP/EQ_OP/NE_OP/AND_OP/OR_OP/MUL_ASSIGN/DIV_ASSIGN/MOD_ASSIGN/ADD_ASSIGN/SUB_ASSIGN/LEFT_ASSIGN/RIGHT_ASSIGN/AND_ASSIGN/XOR_ASSIGN/OR_ASSIGN/'('/')'/'['/']'/'.'/','/'&'/'*'/'+'/'-'/'/'/'%'/'<'/'>'/'^'/'|'/'='/'?'/':'
    14 expression -> • INC_OP expression, yyeof/PTR_OP/INC_OP/DEC_OP/LEFT_OP/RIGHT_OP/LE_OP/GE_OP/EQ_OP/NE_OP/AND_OP/OR_OP/MUL_ASSIGN/DIV_ASSIGN/MOD_ASSIGN/ADD_ASSIGN/SUB_ASSIGN/LEFT_ASSIGN/RIGHT_ASSIGN/AND_ASSIGN/XOR_ASSIGN/OR_ASSIGN/'('/')'/'['/']'/'.'/','/'&'/'*'/'+'/'-'/'/'/'%'/'<'/'>'/'^'/'|'/'='/'?'/':'
    15 expression -> • DEC_OP expression, yyeof/PTR_OP/INC_OP/DEC_OP/LEFT_OP/RIGHT_OP/LE_OP/GE_OP/EQ_OP/NE_OP/AND_OP/OR_OP/MUL_ASSIGN/DIV_ASSIGN/MOD_ASSIGN/ADD_ASSIGN/SUB_ASSIGN/LEFT_ASSIGN/RIGHT_ASSIGN/AND_ASSIGN/XOR_ASSIGN/OR_ASSIGN/'('/')'/'['/']'/'.'/','/'&'/'*'/'+'/'-'/'/'/'%'/'<'/'>'/'^'/'|'/'='/'?'/':'
    16 expression -> • SIZEOF expression, yyeof/PTR_OP/INC_OP/DEC_OP/LEFT_OP/RIGHT_OP/LE_OP/GE_OP/EQ_OP/NE_OP/AND_OP/OR_OP/MUL_ASSIGN/DIV_ASSIGN/MOD_ASSIGN/ADD_ASSIGN/SUB_ASSIGN/LEFT_ASSIGN/RIGHT_ASSIGN/AND_ASSIGN/XOR_ASSIGN/OR_ASSIGN/'('/')'/'['/']'/'.'/','/'&'/'*'/'+'/'-'/'/'/'%'/'<'/'>'/'^'/'|'/'='/'?'/':'
    16 expression -> SIZEOF • expression, yyeof/PTR_OP/INC_OP/DEC_OP/LEFT_OP/RIGHT_OP/LE_OP/GE_OP/EQ_OP/NE_OP/AND_OP/OR_OP/MUL_ASSIGN/DIV_ASSIGN/MOD_ASSIGN/ADD_ASSIGN/SUB_ASSIGN/LEFT_ASSIGN/RIGHT_ASSIGN/AND_ASSIGN/XOR_ASSIGN/OR_ASSIGN/'('/')'/'['/']'/'.'/','/'&'/'*'/'+'/'-'/'/'/'%'/'<'/'>'/'^'/'|'/'='/'?'/':'
    17 expression -> • SIZEOF '(' type_name ')', yyeof/PTR_OP/INC_OP/DEC_OP/LEFT_OP/RIGHT_OP/LE_OP/GE_OP/EQ_OP/NE_OP/AND_OP/OR_OP/MUL_ASSIGN/DIV_ASSIGN/MOD_ASSIGN/ADD_ASSIGN/SUB_ASSIGN/LEFT_ASSIGN/RIGHT_ASSIGN/AND_ASSIGN/XOR_ASSIGN/OR_ASSIGN/'('/')'/'['/']'/'.'/','/'&'/'*'/'+'/'-'/'/'/'%'/'<'/'>'/'^'/'|'/'='/'?'/':'
    17 expression -> SIZEOF • '(' type_name ')', yyeof/PTR_OP/INC_OP/DEC_OP/LEFT_OP/RIGHT_OP/LE_OP/GE_OP/EQ_OP/NE_OP/AND_OP/OR_OP/MUL_ASSIGN/DIV_ASSIGN/MOD_ASSIGN/ADD_ASSIGN/SUB_ASSIGN/LEFT_ASSIGN/RIGHT_ASSIGN/AND_ASSIGN/XOR_ASSIGN/OR_ASSIGN/'('/')'/'['/']'/'.'/','/'&'/'*'/'+'/'-'/'/'/'%'/'<'/'>'/'^'/'|'/'='/'?'/':'
    18 expression -> • '(' type_name ')' expression, yyeof/PTR_OP/INC_OP/DEC_OP/LEFT_OP/RIGHT_OP/LE_OP/GE_OP/EQ_OP/NE_OP/AND_OP/OR_OP/MUL_ASSIGN/DIV_ASSIGN/MOD_ASSIGN/ADD_ASSIGN/SUB_ASSIGN/LEFT_ASSIGN/RIGHT_ASSIGN/AND_ASSIGN/XOR_ASSIGN/OR_ASSIGN/'('/')'/'['/']'/'.'/','/'&'/'*'/'+'/'-'/'/'/'%'/'<'/'>'/'^'/'|'/'='/'?'/':'
    19 expression -> • '&' expression, yyeof/PTR_OP/INC_OP/DEC_OP/LEFT_OP/RIGHT_OP/LE_OP/GE_OP/EQ_OP/NE_OP/AND_OP/OR_OP/MUL_ASSIGN/DIV_ASSIGN/MOD_ASSIGN/ADD_ASSIGN/SUB_ASSIGN/LEFT_ASSIGN/RIGHT_ASSIGN/AND_ASSIGN/XOR_ASSIGN/OR_ASSIGN/'('/')'/'['/']'/'.'/','/'&'/'*'/'+'/'-'/'/'/'%'/'<'/'>'/'^'/'|'/'='/'?'/':'
    20 expression -> • '*' expression, yyeof/PTR_OP/INC_OP/DEC_OP/LEFT_OP/RIGHT_OP/LE_OP/GE_OP/EQ_OP/NE_OP/AND_OP/OR_OP/MUL_ASSIGN/DIV_ASSIGN/MOD_ASSIGN/ADD_ASSIGN/SUB_ASSIGN/LEFT_ASSIGN/RIGHT_ASSIGN/AND_ASSIGN/XOR_ASSIGN/OR_ASSIGN/'('/')'/'['/']'/'.'/','/'&'/'*'/'+'/'-'/'/'/'%'/'<'/'>'/'^'/'|'/'='/'?'/':'
    21 expression -> • '+' expression, yyeof/PTR_OP/INC_OP/DEC_OP/LEFT_OP/RIGHT_OP/LE_OP/GE_OP/EQ_OP/NE_OP/AND_OP/OR_OP/MUL_ASSIGN/DIV_ASSIGN/MOD_ASSIGN/ADD_ASSIGN/SUB_ASSIGN/LEFT_ASSIGN/RIGHT_ASSIGN/AND_ASSIGN/XOR_ASSIGN/OR_ASSIGN/'('/')'/'['/']'/'.'/','/'&'/'*'/'+'/'-'/'/'/'%'/'<'/'>'/'^'/'|'/'='/'?'/':'
    22 expression -> • '-' expression, yyeof/PTR_OP/INC_OP/DEC_OP/LEFT_OP/RIGHT_OP/LE_OP/GE_OP/EQ_OP/NE_OP/AND_OP/OR_OP/MUL_ASSIGN/DIV_ASSIGN/MOD_ASSIGN/ADD_ASSIGN/SUB_ASSIGN/LEFT_ASSIGN/RIGHT_ASSIGN/AND_ASSIGN/XOR_ASSIGN/OR_ASSIGN/'('/')'/'['/']'/'.'/','/'&'/'*'/'+'/'-'/'/'/'%'/'<'/'>'/'^'/'|'/'='/'?'/':'
    23 expression -> • '~' expression, yyeof/PTR_OP/INC_OP/DEC_OP/LEFT_OP/RIGHT_OP/LE_OP/GE_OP/EQ_OP/NE_OP/AND_OP/OR_OP/MUL_ASSIGN/DIV_ASSIGN/MOD_ASSIGN/ADD_ASSIGN/SUB_ASSIGN/LEFT_ASSIGN/RIGHT_ASSIGN/AND_ASSIGN/XOR_ASSIGN/OR_ASSIGN/'('/')'/'['/']'/'.'/','/'&'/'*'/'+'/'-'/'/'/'%'/'<'/'>'/'^'/'|'/'='/'?'/':'
    24 expression -> • '!' expression, yyeof/PTR_OP/INC_OP/DEC_OP/LEFT_OP/RIGHT_OP/LE_OP/GE_OP/EQ_OP/NE_OP/AND_OP/OR_OP/MUL_ASSIGN/DIV_ASSIGN/MOD_ASSIGN/ADD_ASSIGN/SUB_ASSIGN/LEFT_ASSIGN/RIGHT_ASSIGN/AND_ASSIGN/XOR_ASSIGN/OR_ASSIGN/'('/')'/'['/']'/'.'/','/'&'/'*'/'+'/'-'/'/'/'%'/'<'/'>'/'^'/'|'/'='/'?'/':'
    25 expression -> • expression '+' expression, yyeof/PTR_OP/INC_OP/DEC_OP/LEFT_OP/RIGHT_OP/LE_OP/GE_OP/EQ_OP/NE_OP/AND_OP/OR_OP/MUL_ASSIGN/DIV_ASSIGN/MOD_ASSIGN/ADD_ASSIGN/SUB_ASSIGN/LEFT_ASSIGN/RIGHT_ASSIGN/AND_ASSIGN/XOR_ASSIGN/OR_ASSIGN/'('/')'/'['/']'/'.'/','/'&'/'*'/'+'/'-'/'/'/'%'/'<'/'>'/'^'/'|'/'='/'?'/':'
    26 expression -> • expression '-' expression, yyeof/PTR_OP/INC_OP/DEC_OP/LEFT_OP/RIGHT_OP/LE_OP/GE_OP/EQ_OP/NE_OP/AND_OP/OR_OP/MUL_ASSIGN/DIV_ASSIGN/MOD_ASSIGN/ADD_ASSIGN/SUB_ASSIGN/LEFT_ASSIGN/RIGHT_ASSIGN/AND_ASSIGN/XOR_ASSIGN/OR_ASSIGN/'('/')'/'['/']'/'.'/','/'&'/'*'/'+'/'-'/'/'/'%'/'<'/'>'/'^'/'|'/'='/'?'/':'
    27 expression -> • expression '*' expression, yyeof/PTR_OP/INC_OP/DEC_OP/LEFT_OP/RIGHT_OP/LE_OP/GE_OP/EQ_OP/NE_OP/AND_OP/OR_OP/MUL_ASSIGN/DIV_ASSIGN/MOD_ASSIGN/ADD_ASSIGN/SUB_ASSIGN/LEFT_ASSIGN/RIGHT_ASSIGN/AND_ASSIGN/XOR_ASSIGN/OR_ASSIGN/'('/')'/'['/']'/'.'/','/'&'/'*'/'+'/'-'/'/'/'%'/'<'/'>'/'^'/'|'/'='/'?'/':'
    28 expression -> • expression '/' expression, yyeof/PTR_OP/INC_OP/DEC_OP/LEFT_OP/RIGHT_OP/LE_OP/GE_OP/EQ_OP/NE_OP/AND_OP/OR_OP/MUL_ASSIGN/DIV_ASSIGN/MOD_ASSIGN/ADD_ASSIGN/SUB_ASSIGN/LEFT_ASSIGN/RIGHT_ASSIGN/AND_ASSIGN/XOR_ASSIGN/OR_ASSIGN/'('/')'/'['/']'/'.'/','/'&'/'*'/'+'/'-'/'/'/'%'/'<'/'>'/'^'/'|'/'='/'?'/':'
    29 expression -> • expression '%' expression, yyeof/PTR_OP/INC_OP/DEC_OP/LEFT_OP/RIGHT_OP/LE_OP/GE_OP/EQ_OP/NE_OP/AND_OP/OR_OP/MUL_ASSIGN/DIV_ASSIGN/MOD_ASSIGN/ADD_ASSIGN/SUB_ASSIGN/LEFT_ASSIGN/RIGHT_ASSIGN/AND_ASSIGN/XOR_ASSIGN/OR_ASSIGN/'('/')'/'['/']'/'.'/','/'&'/'*'/'+'/'-'/'/'/'%'/'<'/'>'/'^'/'|'/'='/'?'/':'
    30 expression -> • expression LEFT_OP expression, yyeof/PTR_OP/INC_OP/DEC_OP/LEFT_OP/RIGHT_OP/LE_OP/GE_OP/EQ_OP/NE_OP/AND_OP/OR_OP/MUL_ASSIGN/DIV_ASSIGN/MOD_ASSIGN/ADD_ASSIGN/SUB_ASSIGN/LEFT_ASSIGN/RIGHT_ASSIGN/AND_ASSIGN/XOR_ASSIGN/OR_ASSIGN/'('/')'/'['/']'/'.'/','/'&'/'*'/'+'/'-'/'/'/'%'/'<'/'>'/'^'/'|'/'='/'?'/':'
    31 expression -> • expression RIGHT_OP expression, yyeof/PTR_OP/INC_OP/DEC_OP/LEFT_OP/RIGHT_OP/LE_OP/GE_OP/EQ_OP/NE_OP/AND_OP/OR_OP/MUL_ASSIGN/DIV_ASSIGN/MOD_ASSIGN/ADD_ASSIGN/SUB_ASSIGN/LEFT_ASSIGN/RIGHT_ASSIGN/AND_ASSIGN/XOR_ASSIGN/OR_ASSIGN/'('/')'/'['/']'/'.'/','/'&'/'*'/'+'/'-'/'/'/'%'/'<'/'>'/'^'/'|'/'='/'?'/':'
    32 expression -> • expression '<' expression, yyeof/PTR_OP/INC_OP/DEC_OP/LEFT_OP/RIGHT_OP/LE_OP/GE_OP/EQ_OP/NE_OP/AND_OP/OR_OP/MUL_ASSIGN/DIV_ASSIGN/MOD_ASSIGN/ADD_ASSIGN/SUB_ASSIGN/LEFT_ASSIGN/RIGHT_ASSIGN/AND_ASSIGN/XOR_ASSIGN/OR_ASSIGN/'('/')'/'['/']'/'.'/','/'&'/'*'/'+'/'-'/'/'/'%'/'<'/'>'/'^'/'|'/'='/'?'/':'
    33 expression -> • expression '>' expression, yyeof/PTR_OP/INC_OP/DEC_OP/LEFT_OP/RIGHT_OP/LE_OP/GE_OP/EQ_OP/NE_OP/AND_OP/OR_OP/MUL_ASSIGN/DIV_ASSIGN/MOD_ASSIGN/ADD_ASSIGN/SUB_ASSIGN/LEFT_ASSIGN/RIGHT_ASSIGN/AND_ASSIGN/XOR_ASSIGN/OR_ASSIGN/'('/')'/'['/']'/'.'/','/'&'/'*'/'+'/'-'/'/'/'%'/'<'/'>'/'^'/'|'/'='/'?'/':'
    34 expression -> • expression LE_OP expression, yyeof/PTR_OP/INC_OP/DEC_OP/LEFT_OP/RIGHT_OP/LE_OP/GE_OP/EQ_OP/NE_OP/AND_OP/OR_OP/MUL_ASSIGN/DIV_ASSIGN/MOD_ASSIGN/ADD_ASSIGN/SUB_ASSIGN/LEFT_ASSIGN/RIGHT_ASSIGN/AND_ASSIGN/XOR_ASSIGN/OR_ASSIGN/'('/')'/'['/']'/'.'/','/'&'/'*'/'+'/'-'/'/'/'%'/'<'/'>'/'^'/'|'/'='/'?'/':'
    35 expression -> • expression GE_OP expression, yyeof/PTR_OP/INC_OP/DEC_OP/LEFT_OP/RIGHT_OP/LE_OP/GE_OP/EQ_OP/NE_OP/AND_OP/OR_OP/MUL_ASSIGN/DIV_ASSIGN/MOD_ASSIGN/ADD_ASSIGN/SUB_ASSIGN/LEFT_ASSIGN/RIGHT_ASSIGN/AND_ASSIGN/XOR_ASSIGN/OR_ASSIGN/'('/')'/'['/']'/'.'/','/'&'/'*'/'+'/'-'/'/'/'%'/'<'/'>'/'^'/'|'/'='/'?'/':'
    36 expression -> • expression EQ_OP expression, yyeof/PTR_OP/INC_OP/DEC_OP/LEFT_OP/RIGHT_OP/LE_OP/GE_OP/EQ_OP/NE_OP/AND_OP/OR_OP/MUL_ASSIGN/DIV_ASSIGN/MOD_ASSIGN/ADD_ASSIGN/SUB_ASSIGN/LEFT_ASSIGN/RIGHT_ASSIGN/AND_ASSIGN/XOR_ASSIGN/OR_ASSIGN/'('/')'/'['/']'/'.'/','/'&'/'*'/'+'/'-'/'/'/'%'/'<'/'>'/'^'/'|'/'='/'?'/':'
    37 expression -> • expression NE_OP expression, yyeof/PTR_OP/INC_OP/DEC_OP/LEFT_OP/RIGHT_OP/LE_OP/GE_OP/EQ_OP/NE_OP/AND_OP/OR_OP/MUL_ASSIGN/DIV_ASSIGN/MOD_ASSIGN/ADD_ASSIGN/SUB_ASSIGN/LEFT_ASSIGN/RIGHT_ASSIGN/AND_ASSIGN/XOR_ASSIGN/OR_ASSIGN/'('/')'/'['/']'/'.'/','/'&'/'*'/'+'/'-'/'/'/'%'/'<'/'>'/'^'/'|'/'='/'?'/':'
    38 expression -> • expression '&' expression, yyeof/PTR_OP/INC_OP/DEC_OP/LEFT_OP/RIGHT_OP/LE_OP/GE_OP/EQ_OP/NE_OP/AND_OP/OR_OP/MUL_ASSIGN/DIV_ASSIGN/MOD_ASSIGN/ADD_ASSIGN/SUB_ASSIGN/LEFT_ASSIGN/RIGHT_ASSIGN/AND_ASSIGN/XOR_ASSIGN/OR_ASSIGN/'('/')'/'['/']'/'.'/','/'&'/'*'/'+'/'-'/'/'/'%'/'<'/'>'/'^'/'|'/'='/'?'/':'
    39 expression -> • expression '^' expression, yyeof/PTR_OP/INC_OP/DEC_OP/LEFT_OP/RIGHT_OP/LE_OP/GE_OP/EQ_OP/NE_OP/AND_OP/OR_OP/MUL_ASSIGN/DIV_ASSIGN/MOD_ASSIGN/ADD_ASSIGN/SUB_ASSIGN/LEFT_ASSIGN/RIGHT_ASSIGN/AND_ASSIGN/XOR_ASSIGN/OR_ASSIGN/'('/')'/'['/']'/'.'/','/'&'/'*'/'+'/'-'/'/'/'%'/'<'/'>'/'^'/'|'/'='/'?'/':'
    40 expression -> • expression '|' expression, yyeof/PTR_OP/INC_OP/DEC_OP/LEFT_OP/RIGHT_OP/LE_OP/GE_OP/EQ_OP/NE_OP/AND_OP/OR_OP/MUL_ASSIGN/DIV_ASSIGN/MOD_ASSIGN/ADD_ASSIGN/SUB_ASSIGN/LEFT_ASSIGN/RIGHT_ASSIGN/AND_ASSIGN/XOR_ASSIGN/OR_ASSIGN/'('/')'/'['/']'/'.'/','/'&'/'*'/'+'/'-'/'/'/'%'/'<'/'>'/'^'/'|'/'='/'?'/':'
    41 expression -> • expression AND_OP expression, yyeof/PTR_OP/INC_OP/DEC_OP/LEFT_OP/RIGHT_OP/LE_OP/GE_OP/EQ_OP/NE_OP/AND_OP/OR_OP/MUL_ASSIGN/DIV_ASSIGN/MOD_ASSIGN/ADD_ASSIGN/SUB_ASSIGN/LEFT_ASSIGN/RIGHT_ASSIGN/AND_ASSIGN/XOR_ASSIGN/OR_ASSIGN/'('/')'/'['/']'/'.'/','/'&'/'*'/'+'/'-'/'/'/'%'/'<'/'>'/'^'/'|'/'='/'?'/':'
    42 expression -> • expression OR_OP expression, yyeof/PTR_OP/INC_OP/DEC_OP/LEFT_OP/RIGHT_OP/LE_OP/GE_OP/EQ_OP/NE_OP/AND_OP/OR_OP/MUL_ASSIGN/DIV_ASSIGN/MOD_ASSIGN/ADD_ASSIGN/SUB_ASSIGN/LEFT_ASSIGN/RIGHT_ASSIGN/AND_ASSIGN/XOR_ASSIGN/OR_ASSIGN/'('/')'/'['/']'/'.'/','/'&'/'*'/'+'/'-'/'/'/'%'/'<'/'>'/'^'/'|'/'='/'?'/':'
    43 expression -> • expression '=' expression, yyeof/PTR_OP/INC_OP/DEC_OP/LEFT_OP/RIGHT_OP/LE_OP/GE_OP/EQ_OP/NE_OP/AND_OP/OR_OP/MUL_ASSIGN/DIV_ASSIGN/MOD_ASSIGN/ADD_ASSIGN/SUB_ASSIGN/LEFT_ASSIGN/RIGHT_ASSIGN/AND_ASSIGN/XOR_ASSIGN/OR_ASSIGN/'('/')'/'['/']'/'.'/','/'&'/'*'/'+'/'-'/'/'/'%'/'<'/'>'/'^'/'|'/'='/'?'/':'
    44 expression -> • expression MUL_ASSIGN expression, yyeof/PTR_OP/INC_OP/DEC_OP/LEFT_OP/RIGHT_OP/LE_OP/GE_OP/EQ_OP/NE_OP/AND_OP/OR_OP/MUL_ASSIGN/DIV_ASSIGN/MOD_ASSIGN/ADD_ASSIGN/SUB_ASSIGN/LEFT_ASSIGN/RIGHT_ASSIGN/AND_ASSIGN/XOR_ASSIGN/OR_ASSIGN/'('/')'/'['/']'/'.'/','/'&'/'*'/'+'/'-'/'/'/'%'/'<'/'>'/'^'/'|'/'='/'?'/':'
    45 expression -> • expression DIV_ASSIGN expression, yyeof/PTR_OP/INC_OP/DEC_OP/LEFT_OP/RIGHT_OP/LE_OP/GE_OP/EQ_OP/NE_OP/AND_OP/OR_OP/MUL_ASSIGN/DIV_ASSIGN/MOD_ASSIGN/ADD_ASSIGN/SUB_ASSIGN/LEFT_ASSIGN/RIGHT_ASSIGN/AND_ASSIGN/XOR_ASSIGN/OR_ASSIGN/'('/')'/'['/']'/'.'/','/'&'/'*'/'+'/'-'/'/'/'%'/'<'/'>'/'^'/'|'/'='/'?'/':'
    46 expression -> • expression MOD_ASSIGN expression, yyeof/PTR_OP/INC_OP/DEC_OP/LEFT_OP/RIGHT_OP/LE_OP/GE_OP/EQ_OP/NE_OP/AND_OP/OR_OP/MUL_ASSIGN/DIV_ASSIGN/MOD_ASSIGN/ADD_ASSIGN/SUB_ASSIGN/LEFT_ASSIGN/RIGHT_ASSIGN/AND_ASSIGN/XOR_ASSIGN/OR_ASSIGN/'('/')'/'['/']'/'.'/','/'&'/'*'/'+'/'-'/'/'/'%'/'<'/'>'/'^'/'|'/'='/'?'/':'
    47 expression -> • expression ADD_ASSIGN expression, yyeof/PTR_OP/INC_OP/DEC_OP/LEFT_OP/RIGHT_OP/LE_OP/GE_OP/EQ_OP/NE_OP/AND_OP/OR_OP/MUL_ASSIGN/DIV_ASSIGN/MOD_ASSIGN/ADD_ASSIGN/SUB_ASSIGN/LEFT_ASSIGN/RIGHT_ASSIGN/AND_ASSIGN/XOR_ASSIGN/OR_ASSIGN/'('/')'/'['/']'/'.'/','/'&'/'*'/'+'/'-'/'/'/'%'/'<'/'>'/'^'/'|'/'='/'?'/':'
    48 expression -> • expression SUB_ASSIGN expression, yyeof/PTR_OP/INC_OP/DEC_OP/LEFT_OP/RIGHT_OP/LE_OP/GE_OP/EQ_OP/NE_OP/AND_OP/OR_OP/MUL_ASSIGN/DIV_ASSIGN/MOD_ASSIGN/ADD_ASSIGN/SUB_ASSIGN/LEFT_ASSIGN/RIGHT_ASSIGN/AND_ASSIGN/XOR_ASSIGN/OR_ASSIGN/'('/')'/'['/']'/'.'/','/'&'/'*'/'+'/'-'/'/'/'%'/'<'/'>'/'^'/'|'/'='/'?'/':'
    49 expression -> • expression LEFT_ASSIGN expression, yyeof/PTR_OP/INC_OP/DEC_OP/LEFT_OP/RIGHT_OP/LE_OP/GE_OP/EQ_OP/NE_OP/AND_OP/OR_OP/MUL_ASSIGN/DIV_ASSIGN/MOD_ASSIGN/ADD_ASSIGN/SUB_ASSIGN/LEFT_ASSIGN/RIGHT_ASSIGN/AND_ASSIGN/XOR_ASSIGN/OR_ASSIGN/'('/')'/'['/']'/'.'/','/'&'/'*'/'+'/'-'/'/'/'%'/'<'/'>'/'^'/'|'/'='/'?'/':'
    50 expression -> • expression RIGHT_ASSIGN expression, yyeof/PTR_OP/INC_OP/DEC_OP/LEFT_OP/RIGHT_OP/LE_OP/GE_OP/EQ_OP/NE_OP/AND_OP/OR_OP/MUL_ASSIGN/DIV_ASSIGN/MOD_ASSIGN/ADD_ASSIGN/SUB_ASSIGN/LEFT_ASSIGN/RIGHT_ASSIGN/AND_ASSIGN/XOR_ASSIGN/OR_ASSIGN/'('/')'/'['/']'/'.'/','/'&'/'*'/'+'/'-'/'/'/'%'/'<'/'>'/'^'/'|'/'='/'?'/':'
    51 expression -> • expression AND_ASSIGN expression, yyeof/PTR_OP/INC_OP/DEC_OP/LEFT_OP/RIGHT_OP/LE_OP/GE_OP/EQ_OP/NE_OP/AND_OP/OR_OP/MUL_ASSIGN/DIV_ASSIGN/MOD_ASSIGN/ADD_ASSIGN/SUB_ASSIGN/LEFT_ASSIGN/RIGHT_ASSIGN/AND_ASSIGN/XOR_ASSIGN/OR_ASSIGN/'('/')'/'['/']'/'.'/','/'&'/'*'/'+'/'-'/'/'/'%'/'<'/'>'/'^'/'|'/'='/'?'/':'
    52 expression -> • expression XOR_ASSIGN expression, yyeof/PTR_OP/INC_OP/DEC_OP/LEFT_OP/RIGHT_OP/LE_OP/GE_OP/EQ_OP/NE_OP/AND_OP/OR_OP/MUL_ASSIGN/DIV_ASSIGN/MOD_ASSIGN/ADD_ASSIGN/SUB_ASSIGN/LEFT_ASSIGN/RIGHT_ASSIGN/AND_ASSIGN/XOR_ASSIGN/OR_ASSIGN/'('/')'/'['/']'/'.'/','/'&'/'*'/'+'/'-'/'/'/'%'/'<'/'>'/'^'/'|'/'='/'?'/':'
    53 expression -> • expression OR_ASSIGN expression, yyeof/PTR_OP/INC_OP/DEC_OP/LEFT_OP/RIGHT_OP/LE_OP/GE_OP/EQ_OP/NE_OP/AND_OP/OR_OP/MUL_ASSIGN/DIV_ASSIGN/MOD_ASSIGN/ADD_ASSIGN/SUB_ASSIGN/LEFT_ASSIGN/RIGHT_ASSIGN/AND_ASSIGN/XOR_ASSIGN/OR_ASSIGN/'('/')'/'['/']'/'.'/','/'&'/'*'/'+'/'-'/'/'/'%'/'<'/'>'/'^'/'|'/'='/'?'/':'
    54 expression -> • expression ',' expression, yyeof/PTR_OP/INC_OP/DEC_OP/LEFT_OP/RIGHT_OP/LE_OP/GE_OP/EQ_OP/NE_OP/AND_OP/OR_OP/MUL_ASSIGN/DIV_ASSIGN/MOD_ASSIGN/ADD_ASSIGN/SUB_ASSIGN/LEFT_ASSIGN/RIGHT_ASSIGN/AND_ASSIGN/XOR_ASSIGN/OR_ASSIGN/'('/')'/'['/']'/'.'/','/'&'/'*'/'+'/'-'/'/'/'%'/'<'/'>'/'^'/'|'/'='/'?'/':'
    55 expression -> • expression '?' expression ':' expression, yyeof/PTR_OP/INC_OP/DEC_OP/LEFT_OP/RIGHT_OP/LE_OP/GE_OP/EQ_OP/NE_OP/AND_OP/OR_OP/MUL_ASSIGN/DIV_ASSIGN/MOD_ASSIGN/ADD_ASSIGN/SUB_ASSIGN/LEFT_ASSIGN/RIGHT_ASSIGN/AND_ASSIGN/XOR_ASSIGN/OR_ASSIGN/'('/')'/'['/']'/'.'/','/'&'/'*'/'+'/'-'/'/'/'%'/'<'/'>'/'^'/'|'/'='/'?'/':'

    IDENTIFIER shift, and go to state 1
    STRING_LITERAL shift, and go to state 2
    CONSTANT shift, and go to state 3
    SIZEOF shift, and go to state 4
    INC_OP shift, and go to state 5
    DEC_OP shift, and go to state 6
    '&' shift, and go to state 10
    '*' shift, and go to state 11
    '+' shift, and go to state 12
    '-' shift, and go to state 13
    '~' shift, and go to state 14
    '!' shift, and go to state 15
    '(' shift, and go to state 17

    expression go to state 16


State 5

    2 expression -> • IDENTIFIER, yyeof/PTR_OP/INC_OP/DEC_OP/LEFT_OP/RIGHT_OP/LE_OP/GE_OP/EQ_OP/NE_OP/AND_OP/OR_OP/MUL_ASSIGN/DIV_ASSIGN/MOD_ASSIGN/ADD_ASSIGN/SUB_ASSIGN/LEFT_ASSIGN/RIGHT_ASSIGN/AND_ASSIGN/XOR_ASSIGN/OR_ASSIGN/'('/')'/'['/']'/'.'/','/'&'/'*'/'+'/'-'/'/'/'%'/'<'/'>'/'^'/'|'/'='/'?'/':'
    3 expression -> • CONSTANT, yyeof/PTR_OP/INC_OP/DEC_OP/LEFT_OP/RIGHT_OP/LE_OP/GE_OP/EQ_OP/NE_OP/AND_OP/OR_OP/MUL_ASSIGN/DIV_ASSIGN/MOD_ASSIGN/ADD_ASSIGN/SUB_ASSIGN/LEFT_ASSIGN/RIGHT_ASSIGN/AND_ASSIGN/XOR_ASSIGN/OR_ASSIGN/'('/')'/'['/']'/'.'/','/'&'/'*'/'+'/'-'/'/'/'%'/'<'/'>'/'^'/'|'/'='/'?'/':'
    4 expression -> • STRING_LITERAL, yyeof/PTR_OP/INC_OP/DEC_OP/LEFT_OP/RIGHT_OP/LE_OP/GE_OP/EQ_OP/NE_OP/AND_OP/OR_OP/MUL_ASSIGN/DIV_ASSIGN/MOD_ASSIGN/ADD_ASSIGN/SUB_ASSIGN/LEFT_ASSIGN/RIGHT_ASSIGN/AND_ASSIGN/XOR_ASSIGN/OR_ASSIGN/'('/')'/'['/']'/'.'/','/'&'/'*'/'+'/'-'/'/'/'%'/'<'/'>'/'^'/'|'/'='/'?'/':'
    5 expression -> • '(' expression ')', yyeof/PTR_OP/INC_OP/DEC_OP/LEFT_OP/RIGHT_OP/LE_OP/GE_OP/EQ_OP/NE_OP/AND_OP/OR_OP/MUL_ASSIGN/DIV_ASSIGN/MOD_ASSIGN/ADD_ASSIGN/SUB_ASSIGN/LEFT_ASSIGN/RIGHT_ASSIGN/AND_ASSIGN/XOR_ASSIGN/OR_ASSIGN/'('/')'/'['/']'/'.'/','/'&'/'*'/'+'/'-'/'/'/'%'/'<'/'>'/'^'/'|'/'='/'?'/':'
    6 expression -> • expression '[' expression ']', yyeof/PTR_OP/INC_OP/DEC_OP/LEFT_OP/RIGHT_OP/LE_OP/GE_OP/EQ_OP/NE_OP/AND_OP/OR_OP/MUL_ASSIGN/DIV_ASSIGN/MOD_ASSIGN/ADD_ASSIGN/SUB_ASSIGN/LEFT_ASSIGN/RIGHT_ASSIGN/AND_ASSIGN/XOR_ASSIGN/OR_ASSIGN/'('/')'/'['/']'/'.'/','/'&'/'*'/'+'/'-'/'/'/'%'/'<'/'>'/'^'/'|'/'='/'?'/':'
    7 expression -> • expression '(' ')', yyeof/PTR_OP/INC_OP/DEC_OP/LEFT_OP/RIGHT_OP/LE_OP/GE_OP/EQ_OP/NE_OP/AND_OP/OR_OP/MUL_ASSIGN/DIV_ASSIGN/MOD_ASSIGN/ADD_ASSIGN/SUB_ASSIGN/LEFT_ASSIGN/RIGHT_ASSIGN/AND_ASSIGN/XOR_ASSIGN/OR_ASSIGN/'('/')'/'['/']'/'.'/','/'&'/'*'/'+'/'-'/'/'/'%'/'<'/'>'/'^'/'|'/'='/'?'/':'
    8 expression -> • expression '(' expression ')', yyeof/PTR_OP/INC_OP/DEC_OP/LEFT_OP/RIGHT_OP/LE_OP/GE_OP/EQ_OP/NE_OP/AND_OP/OR_OP/MUL_ASSIGN/DIV_ASSIGN/MOD_ASSIGN/ADD_ASSIGN/SUB_ASSIGN/LEFT_ASSIGN/RIGHT_ASSIGN/AND_ASSIGN/XOR_ASSIGN/OR_ASSIGN/'('/')'/'['/']'/'.'/','/'&'/'*'/'+'/'-'/'/'/'%'/'<'/'>'/'^'/'|'/'='/'?'/':'
    9 expression -> • expression '.' IDENTIFIER, yyeof/PTR_OP/INC_OP/DEC_OP/LEFT_OP/RIGHT_OP/LE_OP/GE_OP/EQ_OP/NE_OP/AND_OP/OR_OP/MUL_ASSIGN/DIV_ASSIGN/MOD_ASSIGN/ADD_ASSIGN/SUB_ASSIGN/LEFT_ASSIGN/RIGHT_ASSIGN/AND_ASSIGN/XOR_ASSIGN/OR_ASSIGN/'('/')'/'['/']'/'.'/','/'&'/'*'/'+'/'-'/'/'/'%'/'<'/'>'/'^'/'|'/'='/'?'/':'
    10 expression -> • expression PTR_OP IDENTIFIER, yyeof/PTR_OP/INC_OP/DEC_OP/LEFT_OP/RIGHT_OP/LE_OP/GE_OP/EQ_OP/NE_OP/AND_OP/OR_OP/MUL_ASSIGN/DIV_ASSIGN/MOD_ASSIGN/ADD_ASSIGN/SUB_ASSIGN/LEFT_ASSIGN/RIGHT_ASSIGN/AND_ASSIGN/XOR_ASSIGN/OR_ASSIGN/'('/')'/'['/']'/'.'/','/'&'/'*'/'+'/'-'/'/'/'%'/'<'/'>'/'^'/'|'/'='/'?'/':'
    11 expression -> • expression INC_OP, yyeof/PTR_OP/INC_OP/DEC_OP/LEFT_OP/RIGHT_OP/LE_OP/GE_OP/EQ_OP/NE_OP/AND_OP/OR_OP/MUL_ASSIGN/DIV_ASSIGN/MOD_ASSIGN/ADD_ASSIGN/SUB_ASSIGN/LEFT_ASSIGN/RIGHT_ASSIGN/AND_ASSIGN/XOR_ASSIGN/OR_ASSIGN/'('/')'/'['/']'/'.'/','/'&'/'*'/'+'/'-'/'/'/'%'/'<'/'>'/'^'/'|'/'='/'?'/':'
    12 expression -> • expression DEC_OP, yyeof/PTR_OP/INC_OP/DEC_OP/LEFT_OP/RIGHT_OP/LE_OP/GE_OP/EQ_OP/NE_OP/AND_OP/OR_OP/MUL_ASSIGN/DIV_ASSIGN/MOD_ASSIGN/ADD_ASSIGN/SUB_ASSIGN/LEFT_ASSIGN/RIGHT_ASSIGN/AND_ASSIGN/XOR_ASSIGN/OR_ASSIGN/'('/')'/'['/']'/'.'/','/'&'/'*'/'+'/'-'/'/'/'%'/'<'/'>'/'^'/'|'/'='/'?'/':'
    13 expression -> • expression ',' expression, yyeof/PTR_OP/INC_OP/DEC_OP/LEFT_OP/RIGHT_OP/LE_OP/GE_OP/EQ_OP/NE_OP/AND_OP/OR_OP/MUL_ASSIGN/DIV_ASSIGN/MOD_ASSIGN/ADD_ASSIGN/SUB_ASSIGN/LEFT_ASSIGN/RIGHT_ASSIGN/AND_ASSIGN/XOR_ASSIGN/OR_ASSIGN/'('/')'/'['/']'/'.'/','/'&'/'*'/'+'/'-'/'/'/'%'/'<'/'>'/'^'/'|'/'='/'?'/':'
    14 expression -> • INC_OP expression, yyeof/PTR_OP/INC_OP/DEC_OP/LEFT_OP/RIGHT_OP/LE_OP/GE_OP/EQ_OP/NE_OP/AND_OP/OR_OP/MUL_ASSIGN/DIV_ASSIGN/MOD_ASSIGN/ADD_ASSIGN/SUB_ASSIGN/LEFT_ASSIGN/RIGHT_ASSIGN/AND_ASSIGN/XOR_ASSIGN/OR_ASSIGN/'('/')'/'['/']'/'.'/','/'&'/'*'/'+'/'-'/'/'/'%'/'<'/'>'/'^'/'|'/'='/'?'/':'
    14 expression -> INC_OP • expression, yyeof/PTR_OP/INC_OP/DEC_OP/LEFT_OP/RIGHT_OP/LE_OP/GE_OP/EQ_OP/NE_OP/AND_OP/OR_OP/MUL_ASSIGN/DIV_ASSIGN/MOD_ASSIGN/ADD_ASSIGN/SUB_ASSIGN/LEFT_ASSIGN/RIGHT_ASSIGN/AND_ASSIGN/XOR_ASSIGN/OR_ASSIGN/'('/')'/'['/']'/'.'/','/'&'/'*'/'+'/'-'/'/'/'%'/'<'/'>'/'^'/'|'/'='/'?'/':'
    15 expression -> • DEC_OP expression, yyeof/PTR_OP/INC_OP/DEC_OP/LEFT_OP/RIGHT_OP/LE_OP/GE_OP/EQ_OP/NE_OP/AND_OP/OR_OP/MUL_ASSIGN/DIV_ASSIGN/MOD_ASSIGN/ADD_ASSIGN/SUB_ASSIGN/LEFT_ASSIGN/RIGHT_ASSIGN/AND_ASSIGN/XOR_ASSIGN/OR_ASSIGN/'('/')'/'['/']'/'.'/','/'&'/'*'/'+'/'-'/'/'/'%'/'<'/'>'/'^'/'|'/'='/'?'/':'
    16 expression -> • SIZEOF expression, yyeof/PTR_OP/INC_OP/DEC_OP/LEFT_OP/RIGHT_OP/LE_OP/GE_OP/EQ_OP/NE_OP/AND_OP/OR_OP/MUL_ASSIGN/DIV_ASSIGN/MOD_ASSIGN/ADD_ASSIGN/SUB_ASSIGN/LEFT_ASSIGN/RIGHT_ASSIGN/AND_ASSIGN/XOR_ASSIGN/OR_ASSIGN/'('/')'/'['/']'/'.'/','/'&'/'*'/'+'/'-'/'/'/'%'/'<'/'>'/'^'/'|'/'='/'?'/':'
    17 expression -> • SIZEOF '(' type_name ')', yyeof/PTR_OP/INC_OP/DEC_OP/LEFT_OP/RIGHT_OP/LE_OP/GE_OP/EQ_OP/NE_OP/AND_OP/OR_OP/MUL_ASSIGN/DIV_ASSIGN/MOD_ASSIGN/ADD_ASSIGN/SUB_ASSIGN/LEFT_ASSIGN/RIGHT_ASSIGN/AND_ASSIGN/XOR_ASSIGN/OR_ASSIGN/'('/')'/'['/']'/'.'/','/'&'/'*'/'+'/'-'/'/'/'%'/'<'/'>'/'^'/'|'/'='/'?'/':'
    18 expression -> • '(' type_name ')' expression, yyeof/PTR_OP/INC_OP/DEC_OP/LEFT_OP/RIGHT_OP/LE_OP/GE_OP/EQ_OP/NE_OP/AND_OP/OR_OP/MUL_ASSIGN/DIV_ASSIGN/MOD_ASSIGN/ADD_ASSIGN/SUB_ASSIGN/LEFT_ASSIGN/RIGHT_ASSIGN/AND_ASSIGN/XOR_ASSIGN/OR_ASSIGN/'('/')'/'['/']'/'.'/','/'&'/'*'/'+'/'-'/'/'/'%'/'<'/'>'/'^'/'|'/'='/'?'/':'
    19 expression -> • '&' expression, yyeof/PTR_OP/INC_OP/DEC_OP/LEFT_OP/RIGHT_OP/LE_OP/GE_OP/EQ_OP/NE_OP/AND_OP/OR_OP/MUL_ASSIGN/DIV_ASSIGN/MOD_ASSIGN/ADD_ASSIGN/SUB_ASSIGN/LEFT_ASSIGN/RIGHT_ASSIGN/AND_ASSIGN/XOR_ASSIGN/OR_ASSIGN/'('/')'/'['/']'/'.'/','/'&'/'*'/'+'/'-'/'/'/'%'/'<'/'>'/'^'/'|'/'='/'?'/':'
    20 expression -> • '*' expression, yyeof/PTR_OP/INC_OP/DEC_OP/LEFT_OP/RIGHT_OP/LE_OP/GE_OP/EQ_OP/NE_OP/AND_OP/OR_OP/MUL_ASSIGN/DIV_ASSIGN/MOD_ASSIGN/ADD_ASSIGN/SUB_ASSIGN/LEFT_ASSIGN/RIGHT_ASSIGN/AND_ASSIGN/XOR_ASSIGN/OR_ASSIGN/'('/')'/'['/']'/'.'/','/'&'/'*'/'+'/'-'/'/'/'%'/'<'/'>'/'^'/'|'/'='/'?'/':'
    21 expression -> • '+' expression, yyeof/PTR_OP/INC_OP/DEC_OP/LEFT_OP/RIGHT_OP/LE_OP/GE_OP/EQ_OP/NE_OP/AND_OP/OR_OP/MUL_ASSIGN/DIV_ASSIGN/MOD_ASSIGN/ADD_ASSIGN/SUB_ASSIGN/LEFT_ASSIGN/RIGHT_ASSIGN/AND_ASSIGN/XOR_ASSIGN/OR_ASSIGN/'('/')'/'['/']'/'.'/','/'&'/'*'/'+'/'-'/'/'/'%'/'<'/'>'/'^'/'|'/'='/'?'/':'
    22 expression -> • '-' expression, yyeof/PTR_OP/INC_OP/DEC_OP/LEFT_OP/RIGHT_OP/LE_OP/GE_OP/EQ_OP/NE_OP/AND_OP/OR_OP/MUL_ASSIGN/DIV_ASSIGN/MOD_ASSIGN/ADD_ASSIGN/SUB_ASSIGN/LEFT_ASSIGN/RIGHT_ASSIGN/AND_ASSIGN/XOR_ASSIGN/OR_ASSIGN/'('/')'/'['/']'/'.'/','/'&'/'*'/'+'/'-'/'/'/'%'/'<'/'>'/'^'/'|'/'='/'?'/':'
    23 expression -> • '~' expression, yyeof/PTR_OP/INC_OP/DEC_OP/LEFT_OP/RIGHT_OP/LE_OP/GE_OP/EQ_OP/NE_OP/AND_OP/OR_OP/MUL_ASSIGN/DIV_ASSIGN/MOD_ASSIGN/ADD_ASSIGN/SUB_ASSIGN/LEFT_ASSIGN/RIGHT_ASSIGN/AND_ASSIGN/XOR_ASSIGN/OR_ASSIGN/'('/')'/'['/']'/'.'/','/'&'/'*'/'+'/'-'/'/'/'%'/'<'/'>'/'^'/'|'/'='/'?'/':'
    24 expression -> • '!' expression, yyeof/PTR_OP/INC_OP/DEC_OP/LEFT_OP/RIGHT_OP/LE_OP/GE_OP/EQ_OP/NE_OP/AND_OP/OR_OP/MUL_ASSIGN/DIV_ASSIGN/MOD_ASSIGN/ADD_ASSIGN/SUB_ASSIGN/LEFT_ASSIGN/RIGHT_ASSIGN/AND_ASSIGN/XOR_ASSIGN/OR_ASSIGN/'('/')'/'['/']'/'.'/','/'&'/'*'/'+'/'-'/'/'/'%'/'<'/'>'/'^'/'|'/'='/'?'/':'
    25 expression -> • expression '+' expression, yyeof/PTR_OP/INC_OP/DEC_OP/LEFT_OP/RIGHT_OP/LE_OP/GE_OP/EQ_OP/NE_OP/AND_OP/OR_OP/MUL_ASSIGN/DIV_ASSIGN/MOD_ASSIGN/ADD_ASSIGN/SUB_ASSIGN/LEFT_ASSIGN/RIGHT_ASSIGN/AND_ASSIGN/XOR_ASSIGN/OR_ASSIGN/'('/')'/'['/']'/'.'/','/'&'/'*'/'+'/'-'/'/'/'%'/'<'/'>'/'^'/'|'/'='/'?'/':'
    26 expression -> • expression '-' expression, yyeof/PTR_OP/INC_OP/DEC_OP/LEFT_OP/RIGHT_OP/LE_OP/GE_OP/EQ_OP/NE_OP/AND_OP/OR_OP/MUL_ASSIGN/DIV_ASSIGN/MOD_ASSIGN/ADD_ASSIGN/SUB_ASSIGN/LEFT_ASSIGN/RIGHT_ASSIGN/AND_ASSIGN/XOR_ASSIGN/OR_ASSIGN/'('/')'/'['/']'/'.'/','/'&'/'*'/'+'/'-'/'/'/'%'/'<'/'>'/'^'/'|'/'='/'?'/':'
    27 expression -> • expression '*' expression, yyeof/PTR_OP/INC_OP/DEC_OP/LEFT_OP/RIGHT_OP/LE_OP/GE_OP/EQ_OP/NE_OP/AND_OP/OR_OP/MUL_ASSIGN/DIV_ASSIGN/MOD_ASSIGN/ADD_ASSIGN/SUB_ASSIGN/LEFT_ASSIGN/RIGHT_ASSIGN/AND_ASSIGN/XOR_ASSIGN/OR_ASSIGN/'('/')'/'['/']'/'.'/','/'&'/'*'/'+'/'-'/'/'/'%'/'<'/'>'/'^'/'|'/'='/'?'/':'
    28 expression -> • expression '/' expression, yyeof/PTR_OP/INC_OP/DEC_OP/LEFT_OP/RIGHT_OP/LE_OP/GE_OP/EQ_OP/NE_OP/AND_OP/OR_OP/MUL_ASSIGN/DIV_ASSIGN/MOD_ASSIGN/ADD_ASSIGN/SUB_ASSIGN/LEFT_ASSIGN/RIGHT_ASSIGN/AND_ASSIGN/XOR_ASSIGN/OR_ASSIGN/'('/')'/'['/']'/'.'/','/'&'/'*'/'+'/'-'/'/'/'%'/'<'/'>'/'^'/'|'/'='/'?'/':'
    29 expression -> • expression '%' expression, yyeof/PTR_OP/INC_OP/DEC_OP/LEFT_OP/RIGHT_OP/LE_OP/GE_OP/EQ_OP/NE_OP/AND_OP/OR_OP/MUL_ASSIGN/DIV_ASSIGN/MOD_ASSIGN/ADD_ASSIGN/SUB_ASSIGN/LEFT_ASSIGN/RIGHT_ASSIGN/AND_ASSIGN/XOR_ASSIGN/OR_ASSIGN/'('/')'/'['/']'/'.'/','/'&'/'*'/'+'/'-'/'/'/'%'/'<'/'>'/'^'/'|'/'='/'?'/':'
    30 expression -> • expression LEFT_OP expression, yyeof/PTR_OP/INC_OP/DEC_OP/LEFT_OP/RIGHT_OP/LE_OP/GE_OP/EQ_OP/NE_OP/AND_OP/OR_OP/MUL_ASSIGN/DIV_ASSIGN/MOD_ASSIGN/ADD_ASSIGN/SUB_ASSIGN/LEFT_ASSIGN/RIGHT_ASSIGN/AND_ASSIGN/XOR_ASSIGN/OR_ASSIGN/'('/')'/'['/']'/'.'/','/'&'/'*'/'+'/'-'/'/'/'%'/'<'/'>'/'^'/'|'/'='/'?'/':'
    31 expression -> • expression RIGHT_OP expression, yyeof/PTR_OP/INC_OP/DEC_OP/LEFT_OP/RIGHT_OP/LE_OP/GE_OP/EQ_OP/NE_OP/AND_OP/OR_OP/MUL_ASSIGN/DIV_ASSIGN/MOD_ASSIGN/ADD_ASSIGN/SUB_ASSIGN/LEFT_ASSIGN/RIGHT_ASSIGN/AND_ASSIGN/XOR_ASSIGN/OR_ASSIGN/'('/')'/'['/']'/'.'/','/'&'/'*'/'+'/'-'/'/'/'%'/'<'/'>'/'^'/'|'/'='/'?'/':'
    32 expression -> • expression '<' expression, yyeof/PTR_OP/INC_OP/DEC_OP/LEFT_OP/RIGHT_OP/LE_OP/GE_OP/EQ_OP/NE_OP/AND_OP/OR_OP/MUL_ASSIGN/DIV_ASSIGN/MOD_ASSIGN/ADD_ASSIGN/SUB_ASSIGN/LEFT_ASSIGN/RIGHT_ASSIGN/AND_ASSIGN/XOR_ASSIGN/OR_ASSIGN/'('/')'/'['/']'/'.'/','/'&'/'*'/'+'/'-'/'/'/'%'/'<'/'>'/'^'/'|'/'='/'?'/':'
    33 expression -> • expression '>' expression, yyeof/PTR_OP/INC_OP/DEC_OP/LEFT_OP/RIGHT_OP/LE_OP/GE_OP/EQ_OP/NE_OP/AND_OP/OR_OP/MUL_ASSIGN/DIV_ASSIGN/MOD_ASSIGN/ADD_ASSIGN/SUB_ASSIGN/LEFT_ASSIGN/RIGHT_ASSIGN/AND_ASSIGN/XOR_ASSIGN/OR_ASSIGN/'('/')'/'['/']'/'.'/','/'&'/'*'/'+'/'-'/'/'/'%'/'<'/'>'/'^'/'|'/'='/'?'/':'
    34 expression -> • expression LE_OP expression, yyeof/PTR_OP/INC_OP/DEC_OP/LEFT_OP/RIGHT_OP/LE_OP/GE_OP/EQ_OP/NE_OP/AND_OP/OR_OP/MUL_ASSIGN/DIV_ASSIGN/MOD_ASSIGN/ADD_ASSIGN/SUB_ASSIGN/LEFT_ASSIGN/RIGHT_ASSIGN/AND_ASSIGN/XOR_ASSIGN/OR_ASSIGN/'('/')'/'['/']'/'.'/','/'&'/'*'/'+'/'-'/'/'/'%'/'<'/'>'/'^'/'|'/'='/'?'/':'
    35 expression -> • expression GE_OP expression, yyeof/PTR_OP/INC_OP/DEC_OP/LEFT_OP/RIGHT_OP/LE_OP/GE_OP/EQ_OP/NE_OP/AND_OP/OR_OP/MUL_ASSIGN/DIV_ASSIGN/MOD_ASSIGN/ADD_ASSIGN/SUB_ASSIGN/LEFT_ASSIGN/RIGHT_ASSIGN/AND_ASSIGN/XOR_ASSIGN/OR_ASSIGN/'('/')'/'['/']'/'.'/','/'&'/'*'/'+'/'-'/'/'/'%'/'<'/'>'/'^'/'|'/'='/'?'/':'
    36 expression -> • expression EQ_OP expression, yyeof/PTR_OP/INC_OP/DEC_OP/LEFT_OP/RIGHT_OP/LE_OP/GE_OP/EQ_OP/NE_OP/AND_OP/OR_OP/MUL_ASSIGN/DIV_ASSIGN/MOD_ASSIGN/ADD_ASSIGN/SUB_ASSIGN/LEFT_ASSIGN/RIGHT_ASSIGN/AND_ASSIGN/XOR_ASSIGN/OR_ASSIGN/'('/')'/'['/']'/'.'/','/'&'/'*'/'+'/'-'/'/'/'%'/'<'/'>'/'^'/'|'/'='/'?'/':'
    37 expression -> • expression NE_OP expression, yyeof/PTR_OP/INC_OP/DEC_OP/LEFT_OP/RIGHT_OP/LE_OP/GE_OP/EQ_OP/NE_OP/AND_OP/OR_OP/MUL_ASSIGN/DIV_ASSIGN/MOD_ASSIGN/ADD_ASSIGN/SUB_ASSIGN/LEFT_ASSIGN/RIGHT_ASSIGN/AND_ASSIGN/XOR_ASSIGN/OR_ASSIGN/'('/')'/'['/']'/'.'/','/'&'/'*'/'+'/'-'/'/'/'%'/'<'/'>'/'^'/'|'/'='/'?'/':'
    38 expression -> • expression '&' expression, yyeof/PTR_OP/INC_OP/DEC_OP/LEFT_OP/RIGHT_OP/LE_OP/GE_OP/EQ_OP/NE_OP/AND_OP/OR_OP/MUL_ASSIGN/DIV_ASSIGN/MOD_ASSIGN/ADD_ASSIGN/SUB_ASSIGN/LEFT_ASSIGN/RIGHT_ASSIGN/AND_ASSIGN/XOR_ASSIGN/OR_ASSIGN/'('/')'/'['/']'/'.'/','/'&'/'*'/'+'/'-'/'/'/'%'/'<'/'>'/'^'/'|'/'='/'?'/':'
    39 expression -> • expression '^' expression, yyeof/PTR_OP/INC_OP/DEC_OP/LEFT_OP/RIGHT_OP/LE_OP/GE_OP/EQ_OP/NE_OP/AND_OP/OR_OP/MUL_ASSIGN/DIV_ASSIGN/MOD_ASSIGN/ADD_ASSIGN/SUB_ASSIGN/LEFT_ASSIGN/RIGHT_ASSIGN/AND_ASSIGN/XOR_ASSIGN/OR_ASSIGN/'('/')'/'['/']'/'.'/','/'&'/'*'/'+'/'-'/'/'/'%'/'<'/'>'/'^'/'|'/'='/'?'/':'
    40 expression -> • expression '|' expression, yyeof/PTR_OP/INC_OP/DEC_OP/LEFT_OP/RIGHT_OP/LE_OP/GE_OP/EQ_OP/NE_OP/AND_OP/OR_OP/MUL_ASSIGN/DIV_ASSIGN/MOD_ASSIGN/ADD_ASSIGN/SUB_ASSIGN/LEFT_ASSIGN/RIGHT_ASSIGN/AND_ASSIGN/XOR_ASSIGN/OR_ASSIGN/'('/')'/'['/']'/'.'/','/'&'/'*'/'+'/'-'/'/'/'%'/'<'/'>'/'^'/'|'/'='/'?'/':'
    41 expression -> • expression AND_OP expression, yyeof/PTR_OP/INC_OP/DEC_OP/LEFT_OP/RIGHT_OP/LE_OP/GE_OP/EQ_OP/NE_OP/AND_OP/OR_OP/MUL_ASSIGN/DIV_ASSIGN/MOD_ASSIGN/ADD_ASSIGN/SUB_ASSIGN/LEFT_ASSIGN/RIGHT_ASSIGN/AND_ASSIGN/XOR_ASSIGN/OR_ASSIGN/'('/')'/'['/']'/'.'/','/'&'/'*'/'+'/'-'/'/'/'%'/'<'/'>'/'^'/'|'/'='/'?'/':'
    42 expression -> • expression OR_OP expression, yyeof/PTR_OP/INC_OP/DEC_OP/LEFT_OP/RIGHT_OP/LE_OP/GE_OP/EQ_OP/NE_OP/AND_OP/OR_OP/MUL_ASSIGN/DIV_ASSIGN/MOD_ASSIGN/ADD_ASSIGN/SUB_ASSIGN/LEFT_ASSIGN/RIGHT_ASSIGN/AND_ASSIGN/XOR_ASSIGN/OR_ASSIGN/'('/')'/'['/']'/'.'/','/'&'/'*'/'+'/'-'/'/'/'%'/'<'/'>'/'^'/'|'/'='/'?'/':'
    43 expression -> • expression '=' expression, yyeof/PTR_OP/INC_OP/DEC_OP/LEFT_OP/RIGHT_OP/LE_OP/GE_OP/EQ_OP/NE_OP/AND_OP/OR_OP/MUL_ASSIGN/DIV_ASSIGN/MOD_ASSIGN/ADD_ASSIGN/SUB_ASSIGN/LEFT_ASSIGN/RIGHT_ASSIGN/AND_ASSIGN/XOR_ASSIGN/OR_ASSIGN/'('/')'/'['/']'/'.'/','/'&'/'*'/'+'/'-'/'/'/'%'/'<'/'>'/'^'/'|'/'='/'?'/':'
    44 expression -> • expression MUL_ASSIGN expression, yyeof/PTR_OP/INC_OP/DEC_OP/LEFT_OP/RIGHT_OP/LE_OP/GE_OP/EQ_OP/NE_OP/AND_OP/OR_OP/MUL_ASSIGN/DIV_ASSIGN/MOD_ASSIGN/ADD_ASSIGN/SUB_ASSIGN/LEFT_ASSIGN/RIGHT_ASSIGN/AND_ASSIGN/XOR_ASSIGN/OR_ASSIGN/'('/')'/'['/']'/'.'/','/'&'/'*'/'+'/'-'/'/'/'%'/'<'/'>'/'^'/'|'/'='/'?'/':'
    45 expression -> • expression DIV_ASSIGN expression, yyeof/PTR_OP/INC_OP/DEC_OP/LEFT_OP/RIGHT_OP/LE_OP/GE_OP/EQ_OP/NE_OP/AND_OP/OR_OP/MUL_ASSIGN/DIV_ASSIGN/MOD_ASSIGN/ADD_ASSIGN/SUB_ASSIGN/LEFT_ASSIGN/RIGHT_ASSIGN/AND_ASSIGN/XOR_ASSIGN/OR_ASSIGN/'('/')'/'['/']'/'.'/','/'&'/'*'/'+'/'-'/'/'/'%'/'<'/'>'/'^'/'|'/'='/'?'/':'
    46 expression -> • expression MOD_ASSIGN expression, yyeof/PTR_OP/INC_OP/DEC_OP/LEFT_OP/RIGHT_OP/LE_OP/GE_OP/EQ_OP/NE_OP/AND_OP/OR_OP/MUL_ASSIGN/DIV_ASSIGN/MOD_ASSIGN/ADD_ASSIGN/SUB_ASSIGN/LEFT_ASSIGN/RIGHT_ASSIGN/AND_ASSIGN/XOR_ASSIGN/OR_ASSIGN/'('/')'/'['/']'/'.'/','/'&'/'*'/'+'/'-'/'/'/'%'/'<'/'>'/'^'/'|'/'='/'?'/':'
    47 expression -> • expression ADD_ASSIGN expression, yyeof/PTR_OP/INC_OP/DEC_OP/LEFT_OP/RIGHT_OP/LE_OP/GE_OP/EQ_OP/NE_OP/AND_OP/OR_OP/MUL_ASSIGN/DIV_ASSIGN/MOD_ASSIGN/ADD_ASSIGN/SUB_ASSIGN/LEFT_ASSIGN/RIGHT_ASSIGN/AND_ASSIGN/XOR_ASSIGN/OR_ASSIGN/'('/')'/'['/']'/'.'/','/'&'/'*'/'+'/'-'/'/'/'%'/'<'/'>'/'^'/'|'/'='/'?'/':'
    48 expression -> • expression SUB_ASSIGN expression, yyeof/PTR_OP/INC_OP/DEC_OP/LEFT_OP/RIGHT_OP/LE_OP/GE_OP/EQ_OP/NE_OP/AND_OP/OR_OP/MUL_ASSIGN/DIV_ASSIGN/MOD_ASSIGN/ADD_ASSIGN/SUB_ASSIGN/LEFT_ASSIGN/RIGHT_ASSIGN/AND_ASSIGN/XOR_ASSIGN/OR_ASSIGN/'('/')'/'['/']'/'.'/','/'&'/'*'/'+'/'-'/'/'/'%'/'<'/'>'/'^'/'|'/'='/'?'/':'
    49 expression -> • expression LEFT_ASSIGN expression, yyeof/PTR_OP/INC_OP/DEC_OP/LEFT_OP/RIGHT_OP/LE_OP/GE_OP/EQ_OP/NE_OP/AND_OP/OR_OP/MUL_ASSIGN/DIV_ASSIGN/MOD_ASSIGN/ADD_ASSIGN/SUB_ASSIGN/LEFT_ASSIGN/RIGHT_ASSIGN/AND_ASSIGN/XOR_ASSIGN/OR_ASSIGN/'('/')'/'['/']'/'.'/','/'&'/'*'/'+'/'-'/'/'/'%'/'<'/'>'/'^'/'|'/'='/'?'/':'
    50 expression -> • expression RIGHT_ASSIGN expression, yyeof/PTR_OP/INC_OP/DEC_OP/LEFT_OP/RIGHT_OP/LE_OP/GE_OP/EQ_OP/NE_OP/AND_OP/OR_OP/MUL_ASSIGN/DIV_ASSIGN/MOD_ASSIGN/ADD_ASSIGN/SUB_ASSIGN/LEFT_ASSIGN/RIGHT_ASSIGN/AND_ASSIGN/XOR_ASSIGN/OR_ASSIGN/'('/')'/'['/']'/'.'/','/'&'/'*'/'+'/'-'/'/'/'%'/'<'/'>'/'^'/'|'/'='/'?'/':'
    51 expression -> • expression AND_ASSIGN expression, yyeof/PTR_OP/INC_OP/DEC_OP/LEFT_OP/RIGHT_OP/LE_OP/GE_OP/EQ_OP/NE_OP/AND_OP/OR_OP/MUL_ASSIGN/DIV_ASSIGN/MOD_ASSIGN/ADD_ASSIGN/SUB_ASSIGN/LEFT_ASSIGN/RIGHT_ASSIGN/AND_ASSIGN/XOR_ASSIGN/OR_ASSIGN/'('/')'/'['/']'/'.'/','/'&'/'*'/'+'/'-'/'/'/'%'/'<'/'>'/'^'/'|'/'='/'?'/':'
    52 expression -> • expression XOR_ASSIGN expression, yyeof/PTR_OP/INC_OP/DEC_OP/LEFT_OP/RIGHT_OP/LE_OP/GE_OP/EQ_OP/NE_OP/AND_OP/OR_OP/MUL_ASSIGN/DIV_ASSIGN/MOD_ASSIGN/ADD_ASSIGN/SUB_ASSIGN/LEFT_ASSIGN/RIGHT_ASSIGN/AND_ASSIGN/XOR_ASSIGN/OR_ASSIGN/'('/')'/'['/']'/'.'/','/'&'/'*'/'+'/'-'/'/'/'%'/'<'/'>'/'^'/'|'/'='/'?'/':'
    53 expression -> • expression OR_ASSIGN expression, yyeof/PTR_OP/INC_OP/DEC_OP/LEFT_OP/RIGHT_OP/LE_OP/GE_OP/EQ_OP/NE_OP/AND_OP/OR_OP/MUL_ASSIGN/DIV_ASSIGN/MOD_ASSIGN/ADD_ASSIGN/SUB_ASSIGN/LEFT_ASSIGN/RIGHT_ASSIGN/AND_ASSIGN/XOR_ASSIGN/OR_ASSIGN/'('/')'/'['/']'/'.'/','/'&'/'*'/'+'/'-'/'/'/'%'/'<'/'>'/'^'/'|'/'='/'?'/':'
    54 expression -> • expression ',' expression, yyeof/PTR_OP/INC_OP/DEC_OP/LEFT_OP/RIGHT_OP/LE_OP/GE_OP/EQ_OP/NE_OP/AND_OP/OR_OP/MUL_ASSIGN/DIV_ASSIGN/MOD_ASSIGN/ADD_ASSIGN/SUB_ASSIGN/LEFT_ASSIGN/RIGHT_ASSIGN/AND_ASSIGN/XOR_ASSIGN/OR_ASSIGN/'('/')'/'['/']'/'.'/','/'&'/'*'/'+'/'-'/'/'/'%'/'<'/'>'/'^'/'|'/'='/'?'/':'
    55 expression -> • expression '?' expression ':' expression, yyeof/PTR_OP/INC_OP/DEC_OP/LEFT_OP/RIGHT_OP/LE_OP/GE_OP/EQ_OP/NE_OP/AND_OP/OR_OP/MUL_ASSIGN/DIV_ASSIGN/MOD_ASSIGN/ADD_ASSIGN/SUB_ASSIGN/LEFT_ASSIGN/RIGHT_ASSIGN/AND_ASSIGN/XOR_ASSIGN/OR_ASSIGN/'('/')'/'['/']'/'.'/','/'&'/'*'/'+'/'-'/'/'/'%'/'<'/'>'/'^'/'|'/'='/'?'/':'

    IDENTIFIER shift, and go to state 1
    STRING_LITERAL shift, and go to state 2
    CONSTANT shift, and go to state 3
    SIZEOF shift, and go to state 4
    INC_OP shift, and go to state 5
    DEC_OP shift, and go to state 6
    '(' shift, and go to state 9
    '&' shift, and go to state 10
    '*' shift, and go to state 11
    '+' shift, and go to state 12
    '-' shift, and go to state 13
    '~' shift, and go to state 14
    '!' shift, and go to state 15

    expression go to state 18


State 6

    2 expression -> • IDENTIFIER, yyeof/PTR_OP/INC_OP/DEC_OP/LEFT_OP/RIGHT_OP/LE_OP/GE_OP/EQ_OP/NE_OP/AND_OP/OR_OP/MUL_ASSIGN/DIV_ASSIGN/MOD_ASSIGN/ADD_ASSIGN/SUB_ASSIGN/LEFT_ASSIGN/RIGHT_ASSIGN/AND_ASSIGN/XOR_ASSIGN/OR_ASSIGN/'('/')'/'['/']'/'.'/','/'&'/'*'/'+'/'-'/'/'/'%'/'<'/'>'/'^'/'|'/'='/'?'/':'
    3 expression -> • CONSTANT, yyeof/PTR_OP/INC_OP/DEC_OP/LEFT_OP/RIGHT_OP/LE_OP/GE_OP/EQ_OP/NE_OP/AND_OP/OR_OP/MUL_ASSIGN/DIV_ASSIGN/MOD_ASSIGN/ADD_ASSIGN/SUB_ASSIGN/LEFT_ASSIGN/RIGHT_ASSIGN/AND_ASSIGN/XOR_ASSIGN/OR_ASSIGN/'('/')'/'['/']'/'.'/','/'&'/'*'/'+'/'-'/'/'/'%'/'<'/'>'/'^'/'|'/'='/'?'/':'
    4 expression -> • STRING_LITERAL, yyeof/PTR_OP/INC_OP/DEC_OP/LEFT_OP/RIGHT_OP/LE_OP/GE_OP/EQ_OP/NE_OP/AND_OP/OR_OP/MUL_ASSIGN/DIV_ASSIGN/MOD_ASSIGN/ADD_ASSIGN/SUB_ASSIGN/LEFT_ASSIGN/RIGHT_ASSIGN/AND_ASSIGN/XOR_ASSIGN/OR_ASSIGN/'('/')'/'['/']'/'.'/','/'&'/'*'/'+'/'-'/'/'/'%'/'<'/'>'/'^'/'|'/'='/'?'/':'
    5 expression -> • '(' expression ')', yyeof/PTR_OP/INC_OP/DEC_OP/LEFT_OP/RIGHT_OP/LE_OP/GE_OP/EQ_OP/NE_OP/AND_OP/OR_OP/MUL_ASSIGN/DIV_ASSIGN/MOD_ASSIGN/ADD_ASSIGN/SUB_ASSIGN/LEFT_ASSIGN/RIGHT_ASSIGN/AND_ASSIGN/XOR_ASSIGN/OR_ASSIGN/'('/')'/'['/']'/'.'/','/'&'/'*'/'+'/'-'/'/'/'%'/'<'/'>'/'^'/'|'/'='/'?'/':'
    6 expression -> • expression '[' expression ']', yyeof/PTR_OP/INC_OP/DEC_OP/LEFT_OP/RIGHT_OP/LE_OP/GE_OP/EQ_OP/NE_OP/AND_OP/OR_OP/MUL_ASSIGN/DIV_ASSIGN/MOD_ASSIGN/ADD_ASSIGN/SUB_ASSIGN/LEFT_ASSIGN/RIGHT_ASSIGN/AND_ASSIGN/XOR_ASSIGN/OR_ASSIGN/'('/')'/'['/']'/'.'/','/'&'/'*'/'+'/'-'/'/'/'%'/'<'/'>'/'^'/'|'/'='/'?'/':'
    7 expression -> • expression '(' ')', yyeof/PTR_OP/INC_OP/DEC_OP/LEFT_OP/RIGHT_OP/LE_OP/GE_OP/EQ_OP/NE_OP/AND_OP/OR_OP/MUL_ASSIGN/DIV_ASSIGN/MOD_ASSIGN/ADD_ASSIGN/SUB_ASSIGN/LEFT_ASSIGN/RIGHT_ASSIGN/AND_ASSIGN/XOR_ASSIGN/OR_ASSIGN/'('/')'/'['/']'/'.'/','/'&'/'*'/'+'/'-'/'/'/'%'/'<'/'>'/'^'/'|'/'='/'?'/':'
    8 expression -> • expression '(' expression ')', yyeof/PTR_OP/INC_OP/DEC_OP/LEFT_OP/RIGHT_OP/LE_OP/GE_OP/EQ_OP/NE_OP/AND_OP/OR_OP/MUL_ASSIGN/DIV_ASSIGN/MOD_ASSIGN/ADD_ASSIGN/SUB_ASSIGN/LEFT_ASSIGN/RIGHT_ASSIGN/AND_ASSIGN/XOR_ASSIGN/OR_ASSIGN/'('/')'/'['/']'/'.'/','/'&'/'*'/'+'/'-'/'/'/'%'/'<'/'>'/'^'/'|'/'='/'?'/':'
    9 expression -> • expression '.' IDENTIFIER, yyeof/PTR_OP/INC_OP/DEC_OP/LEFT_OP/RIGHT_OP/LE_OP/GE_OP/EQ_OP/NE_OP/AND_OP/OR_OP/MUL_ASSIGN/DIV_ASSIGN/MOD_ASSIGN/ADD_ASSIGN/SUB_ASSIGN/LEFT_ASSIGN/RIGHT_ASSIGN/AND_ASSIGN/XOR_ASSIGN/OR_ASSIGN/'('/')'/'['/']'/'.'/','/'&'/'*'/'+'/'-'/'/'/'%'/'<'/'>'/'^'/'|'/'='/'?'/':'
    10 expression -> • expression PTR_OP IDENTIFIER, yyeof/PTR_OP/INC_OP/DEC_OP/LEFT_OP/RIGHT_OP/LE_OP/GE_OP/EQ_OP/NE_OP/AND_OP/OR_OP/MUL_ASSIGN/DIV_ASSIGN/MOD_ASSIGN/ADD_ASSIGN/SUB_ASSIGN/LEFT_ASSIGN/RIGHT_ASSIGN/AND_ASSIGN/XOR_ASSIGN/OR_ASSIGN/'('/')'/'['/']'/'.'/','/'&'/'*'/'+'/'-'/'/'/'%'/'<'/'>'/'^'/'|'/'='/'?'/':'
    11 expression -> • expression INC_OP, yyeof/PTR_OP/INC_OP/DEC_OP/LEFT_OP/RIGHT_OP/LE_OP/GE_OP/EQ_OP/NE_OP/AND_OP/OR_OP/MUL_ASSIGN/DIV_ASSIGN/MOD_ASSIGN/ADD_ASSIGN/SUB_ASSIGN/LEFT_ASSIGN/RIGHT_ASSIGN/AND_ASSIGN/XOR_ASSIGN/OR_ASSIGN/'('/')'/'['/']'/'.'/','/'&'/'*'/'+'/'-'/'/'/'%'/'<'/'>'/'^'/'|'/'='/'?'/':'
    12 expression -> • expression DEC_OP, yyeof/PTR_OP/INC_OP/DEC_OP/LEFT_OP/RIGHT_OP/LE_OP/GE_OP/EQ_OP/NE_OP/AND_OP/OR_OP/MUL_ASSIGN/DIV_ASSIGN/MOD_ASSIGN/ADD_ASSIGN/SUB_ASSIGN/LEFT_ASSIGN/RIGHT_ASSIGN/AND_ASSIGN/XOR_ASSIGN/OR_ASSIGN/'('/')'/'['/']'/'.'/','/'&'/'*'/'+'/'-'/'/'/'%'/'<'/'>'/'^'/'|'/'='/'?'/':'
    13 expression -> • expression ',' expression, yyeof/PTR_OP/INC_OP/DEC_OP/LEFT_OP/RIGHT_OP/LE_OP/GE_OP/EQ_OP/NE_OP/AND_OP/OR_OP/MUL_ASSIGN/DIV_ASSIGN/MOD_ASSIGN/ADD_ASSIGN/SUB_ASSIGN/LEFT_ASSIGN/RIGHT_ASSIGN/AND_ASSIGN/XOR_ASSIGN/OR_ASSIGN/'('/')'/'['/']'/'.'/','/'&'/'*'/'+'/'-'/'/'/'%'/'<'/'>'/'^'/'|'/'='/'?'/':'
    14 expression -> • INC_OP expression, yyeof/PTR_OP/INC_OP/DEC_OP/LEFT_OP/RIGHT_OP/LE_OP/GE_OP/EQ_OP/NE_OP/AND_OP/OR_OP/MUL_ASSIGN/DIV_ASSIGN/MOD_ASSIGN/ADD_ASSIGN/SUB_ASSIGN/LEFT_ASSIGN/RIGHT_ASSIGN/AND_ASSIGN/XOR_ASSIGN/OR_ASSIGN/'('/')'/'['/']'/'.'/','/'&'/'*'/'+'/'-'/'/'/'%'/'<'/'>'/'^'/'|'/'='/'?'/':'
    15 expression -> • DEC_OP expression, yyeof/PTR_OP/INC_OP/DEC_OP/LEFT_OP/RIGHT_OP/LE_OP/GE_OP/EQ_OP/NE_OP/AND_OP/OR_OP/MUL_ASSIGN/DIV_ASSIGN/MOD_ASSIGN/ADD_ASSIGN/SUB_ASSIGN/LEFT_ASSIGN/RIGHT_ASSIGN/AND_ASSIGN/XOR_ASSIGN/OR_ASSIGN/'('/')'/'['/']'/'.'/','/'&'/'*'/'+'/'-'/'/'/'%'/'<'/'>'/'^'/'|'/'='/'?'/':'
    15 expression -> DEC_OP • expression, yyeof/PTR_OP/INC_OP/DEC_OP/LEFT_OP/RIGHT_OP/LE_OP/GE_OP/EQ_OP/NE_OP/AND_OP/OR_OP/MUL_ASSIGN/DIV_ASSIGN/MOD_ASSIGN/ADD_ASSIGN/SUB_ASSIGN/LEFT_ASSIGN/RIGHT_ASSIGN/AND_ASSIGN/XOR_ASSIGN/OR_ASSIGN/'('/')'/'['/']'/'.'/','/'&'/'*'/'+'/'-'/'/'/'%'/'<'/'>'/'^'/'|'/'='/'?'/':'
    16 expression -> • SIZEOF expression, yyeof/PTR_OP/INC_OP/DEC_OP/LEFT_OP/RIGHT_OP/LE_OP/GE_OP/EQ_OP/NE_OP/AND_OP/OR_OP/MUL_ASSIGN/DIV_ASSIGN/MOD_ASSIGN/ADD_ASSIGN/SUB_ASSIGN/LEFT_ASSIGN/RIGHT_ASSIGN/AND_ASSIGN/XOR_ASSIGN/OR_ASSIGN/'('/')'/'['/']'/'.'/','/'&'/'*'/'+'/'-'/'/'/'%'/'<'/'>'/'^'/'|'/'='/'?'/':'
    17 expression -> • SIZEOF '(' type_name ')', yyeof/PTR_OP/INC_OP/DEC_OP/LEFT_OP/RIGHT_OP/LE_OP/GE_OP/EQ_OP/NE_OP/AND_OP/OR_OP/MUL_ASSIGN/DIV_ASSIGN/MOD_ASSIGN/ADD_ASSIGN/SUB_ASSIGN/LEFT_ASSIGN/RIGHT_ASSIGN/AND_ASSIGN/XOR_ASSIGN/OR_ASSIGN/'('/')'/'['/']'/'.'/','/'&'/'*'/'+'/'-'/'/'/'%'/'<'/'>'/'^'/'|'/'='/'?'/':'
    18 expression -> • '(' type_name ')' expression, yyeof/PTR_OP/INC_OP/DEC_OP/LEFT_OP/RIGHT_OP/LE_OP/GE_OP/EQ_OP/NE_OP/AND_OP/OR_OP/MUL_ASSIGN/DIV_ASSIGN/MOD_ASSIGN/ADD_ASSIGN/SUB_ASSIGN/LEFT_ASSIGN/RIGHT_ASSIGN/AND_ASSIGN/XOR_ASSIGN/OR_ASSIGN/'('/')'/'['/']'/'.'/','/'&'/'*'/'+'/'-'/'/'/'%'/'<'/'>'/'^'/'|'/'='/'?'/':'
    19 expression -> • '&' expression, yyeof/PTR_OP/INC_OP/DEC_OP/LEFT_OP/RIGHT_OP/LE_OP/GE_OP/EQ_OP/NE_OP/AND_OP/OR_OP/MUL_ASSIGN/DIV_ASSIGN/MOD_ASSIGN/ADD_ASSIGN/SUB_ASSIGN/LEFT_ASSIGN/RIGHT_ASSIGN/AND_ASSIGN/XOR_ASSIGN/OR_ASSIGN/'('/')'/'['/']'/'.'/','/'&'/'*'/'+'/'-'/'/'/'%'/'<'/'>'/'^'/'|'/'='/'?'/':'
    20 expression -> • '*' expression, yyeof/PTR_OP/INC_OP/DEC_OP/LEFT_OP/RIGHT_OP/LE_OP/GE_OP/EQ_OP/NE_OP/AND_OP/OR_OP/MUL_ASSIGN/DIV_ASSIGN/MOD_ASSIGN/ADD_ASSIGN/SUB_ASSIGN/LEFT_ASSIGN/RIGHT_ASSIGN/AND_ASSIGN/XOR_ASSIGN/OR_ASSIGN/'('/')'/'['/']'/'.'/','/'&'/'*'/'+'/'-'/'/'/'%'/'<'/'>'/'^'/'|'/'='/'?'/':'
    21 expression -> • '+' expression, yyeof/PTR_OP/INC_OP/DEC_OP/LEFT_OP/RIGHT_OP/LE_OP/GE_OP/EQ_OP/NE_OP/AND_OP/OR_OP/MUL_ASSIGN/DIV_ASSIGN/MOD_ASSIGN/ADD_ASSIGN/SUB_ASSIGN/LEFT_ASSIGN/RIGHT_ASSIGN/AND_ASSIGN/XOR_ASSIGN/OR_ASSIGN/'('/')'/'['/']'/'.'/','/'&'/'*'/'+'/'-'/'/'/'%'/'<'/'>'/'^'/'|'/'='/'?'/':'
    22 expression -> • '-' expression, yyeof/PTR_OP/INC_OP/DEC_OP/LEFT_OP/RIGHT_OP/LE_OP/GE_OP/EQ_OP/NE_OP/AND_OP/OR_OP/MUL_ASSIGN/DIV_ASSIGN/MOD_ASSIGN/ADD_ASSIGN/SUB_ASSIGN/LEFT_ASSIGN/RIGHT_ASSIGN/AND_ASSIGN/XOR_ASSIGN/OR_ASSIGN/'('/')'/'['/']'/'.'/','/'&'/'*'/'+'/'-'/'/'/'%'/'<'/'>'/'^'/'|'/'='/'?'/':'
    23 expression -> • '~' expression, yyeof/PTR_OP/INC_OP/DEC_OP/LEFT_OP/RIGHT_OP/LE_OP/GE_OP/EQ_OP/NE_OP/AND_OP/OR_OP/MUL_ASSIGN/DIV_ASSIGN/MOD_ASSIGN/ADD_ASSIGN/SUB_ASSIGN/LEFT_ASSIGN/RIGHT_ASSIGN/AND_ASSIGN/XOR_ASSIGN/OR_ASSIGN/'('/')'/'['/']'/'.'/','/'&'/'*'/'+'/'-'/'/'/'%'/'<'/'>'/'^'/'|'/'='/'?'/':'
    24 expression -> • '!' expression, yyeof/PTR_OP/INC_OP/DEC_OP/LEFT_OP/RIGHT_OP/LE_OP/GE_OP/EQ_OP/NE_OP/AND_OP/OR_OP/MUL_ASSIGN/DIV_ASSIGN/MOD_ASSIGN/ADD_ASSIGN/SUB_ASSIGN/LEFT_ASSIGN/RIGHT_ASSIGN/AND_ASSIGN/XOR_ASSIGN/OR_ASSIGN/'('/')'/'['/']'/'.'/','/'&'/'*'/'+'/'-'/'/'/'%'/'<'/'>'/'^'/'|'/'='/'?'/':'
    25 expression -> • expression '+' expression, yyeof/PTR_OP/INC_OP/DEC_OP/LEFT_OP/RIGHT_OP/LE_OP/GE_OP/EQ_OP/NE_OP/AND_OP/OR_OP/MUL_ASSIGN/DIV_ASSIGN/MOD_ASSIGN/ADD_ASSIGN/SUB_ASSIGN/LEFT_ASSIGN/RIGHT_ASSIGN/AND_ASSIGN/XOR_ASSIGN/OR_ASSIGN/'('/')'/'['/']'/'.'/','/'&'/'*'/'+'/'-'/'/'/'%'/'<'/'>'/'^'/'|'/'='/'?'/':'
    26 expression -> • expression '-' expression, yyeof/PTR_OP/INC_OP/DEC_OP/LEFT_OP/RIGHT_OP/LE_OP/GE_OP/EQ_OP/NE_OP/AND_OP/OR_OP/MUL_ASSIGN/DIV_ASSIGN/MOD_ASSIGN/ADD_ASSIGN/SUB_ASSIGN/LEFT_ASSIGN/RIGHT_ASSIGN/AND_ASSIGN/XOR_ASSIGN/OR_ASSIGN/'('/')'/'['/']'/'.'/','/'&'/'*'/'+'/'-'/'/'/'%'/'<'/'>'/'^'/'|'/'='/'?'/':'
    27 expression -> • expression '*' expression, yyeof/PTR_OP/INC_OP/DEC_OP/LEFT_OP/RIGHT_OP/LE_OP/GE_OP/EQ_OP/NE_OP/AND_OP/OR_OP/MUL_ASSIGN/DIV_ASSIGN/MOD_ASSIGN/ADD_ASSIGN/SUB_ASSIGN/LEFT_ASSIGN/RIGHT_ASSIGN/AND_ASSIGN/XOR_ASSIGN/OR_ASSIGN/'('/')'/'['/']'/'.'/','/'&'/'*'/'+'/'-'/'/'/'%'/'<'/'>'/'^'/'|'/'='/'?'/':'
    28 expression -> • expression '/' expression, yyeof/PTR_OP/INC_OP/DEC_OP/LEFT_OP/RIGHT_OP/LE_OP/GE_OP/EQ_OP/NE_OP/AND_OP/OR_OP/MUL_ASSIGN/DIV_ASSIGN/MOD_ASSIGN/ADD_ASSIGN/SUB_ASSIGN/LEFT_ASSIGN/RIGHT_ASSIGN/AND_ASSIGN/XOR_ASSIGN/OR_ASSIGN/'('/')'/'['/']'/'.'/','/'&'/'*'/'+'/'-'/'/'/'%'/'<'/'>'/'^'/'|'/'='/'?'/':'
    29 expression -> • expression '%' expression, yyeof/PTR_OP/INC_OP/DEC_OP/LEFT_OP/RIGHT_OP/LE_OP/GE_OP/EQ_OP/NE_OP/AND_OP/OR_OP/MUL_ASSIGN/DIV_ASSIGN/MOD_ASSIGN/ADD_ASSIGN/SUB_ASSIGN/LEFT_ASSIGN/RIGHT_ASSIGN/AND_ASSIGN/XOR_ASSIGN/OR_ASSIGN/'('/')'/'['/']'/'.'/','/'&'/'*'/'+'/'-'/'/'/'%'/'<'/'>'/'^'/'|'/'='/'?'/':'
    30 expression -> • expression LEFT_OP expression, yyeof/PTR_OP/INC_OP/DEC_OP/LEFT_OP/RIGHT_OP/LE_OP/GE_OP/EQ_OP/NE_OP/AND_OP/OR_OP/MUL_ASSIGN/DIV_ASSIGN/MOD_ASSIGN/ADD_ASSIGN/SUB_ASSIGN/LEFT_ASSIGN/RIGHT_ASSIGN/AND_ASSIGN/XOR_ASSIGN/OR_ASSIGN/'('/')'/'['/']'/'.'/','/'&'/'*'/'+'/'-'/'/'/'%'/'<'/'>'/'^'/'|'/'='/'?'/':'
    31 expression -> • expression RIGHT_OP expression, yyeof/PTR_OP/INC_OP/DEC_OP/LEFT_OP/RIGHT_OP/LE_OP/GE_OP/EQ_OP/NE_OP/AND_OP/OR_OP/MUL_ASSIGN/DIV_ASSIGN/MOD_ASSIGN/ADD_ASSIGN/SUB_ASSIGN/LEFT_ASSIGN/RIGHT_ASSIGN/AND_ASSIGN/XOR_ASSIGN/OR_ASSIGN/'('/')'/'['/']'/'.'/','/'&'/'*'/'+'/'-'/'/'/'%'/'<'/'>'/'^'/'|'/'='/'?'/':'
    32 expression -> • expression '<' expression, yyeof/PTR_OP/INC_OP/DEC_OP/LEFT_OP/RIGHT_OP/LE_OP/GE_OP/EQ_OP/NE_OP/AND_OP/OR_OP/MUL_ASSIGN/DIV_ASSIGN/MOD_ASSIGN/ADD_ASSIGN/SUB_ASSIGN/LEFT_ASSIGN/RIGHT_ASSIGN/AND_ASSIGN/XOR_ASSIGN/OR_ASSIGN/'('/')'/'['/']'/'.'/','/'&'/'*'/'+'/'-'/'/'/'%'/'<'/'>'/'^'/'|'/'='/'?'/':'
    33 expression -> • expression '>' expression, yyeof/PTR_OP/INC_OP/DEC_OP/LEFT_OP/RIGHT_OP/LE_OP/GE_OP/EQ_OP/NE_OP/AND_OP/OR_OP/MUL_ASSIGN/DIV_ASSIGN/MOD_ASSIGN/ADD_ASSIGN/SUB_ASSIGN/LEFT_ASSIGN/RIGHT_ASSIGN/AND_ASSIGN/XOR_ASSIGN/OR_ASSIGN/'('/')'/'['/']'/'.'/','/'&'/'*'/'+'/'-'/'/'/'%'/'<'/'>'/'^'/'|'/'='/'?'/':'
    34 expression -> • expression LE_OP expression, yyeof/PTR_OP/INC_OP/DEC_OP/LEFT_OP/RIGHT_OP/LE_OP/GE_OP/EQ_OP/NE_OP/AND_OP/OR_OP/MUL_ASSIGN/DIV_ASSIGN/MOD_ASSIGN/ADD_ASSIGN/SUB_ASSIGN/LEFT_ASSIGN/RIGHT_ASSIGN/AND_ASSIGN/XOR_ASSIGN/OR_ASSIGN/'('/')'/'['/']'/'.'/','/'&'/'*'/'+'/'-'/'/'/'%'/'<'/'>'/'^'/'|'/'='/'?'/':'
    35 expression -> • expression GE_OP expression, yyeof/PTR_OP/INC_OP/DEC_OP/LEFT_OP/RIGHT_OP/LE_OP/GE_OP/EQ_OP/NE_OP/AND_OP/OR_OP/MUL_ASSIGN/DIV_ASSIGN/MOD_ASSIGN/ADD_ASSIGN/SUB_ASSIGN/LEFT_ASSIGN/RIGHT_ASSIGN/AND_ASSIGN/XOR_ASSIGN/OR_ASSIGN/'('/')'/'['/']'/'.'/','/'&'/'*'/'+'/'-'/'/'/'%'/'<'/'>'/'^'/'|'/'='/'?'/':'
    36 expression -> • expression EQ_OP expression, yyeof/PTR_OP/INC_OP/DEC_OP/LEFT_OP/RIGHT_OP/LE_OP/GE_OP/EQ_OP/NE_OP/AND_OP/OR_OP/MUL_ASSIGN/DIV_ASSIGN/MOD_ASSIGN/ADD_ASSIGN/SUB_ASSIGN/LEFT_ASSIGN/RIGHT_ASSIGN/AND_ASSIGN/XOR_ASSIGN/OR_ASSIGN/'('/')'/'['/']'/'.'/','/'&'/'*'/'+'/'-'/'/'/'%'/'<'/'>'/'^'/'|'/'='/'?'/':'
    37 expression -> • expression NE_OP expression, yyeof/PTR_OP/INC_OP/DEC_OP/LEFT_OP/RIGHT_OP/LE_OP/GE_OP/EQ_OP/NE_OP/AND_OP/OR_OP/MUL_ASSIGN/DIV_ASSIGN/MOD_ASSIGN/ADD_ASSIGN/SUB_ASSIGN/LEFT_ASSIGN/RIGHT_ASSIGN/AND_ASSIGN/XOR_ASSIGN/OR_ASSIGN/'('/')'/'['/']'/'.'/','/'&'/'*'/'+'/'-'/'/'/'%'/'<'/'>'/'^'/'|'/'='/'?'/':'
    38 expression -> • expression '&' expression, yyeof/PTR_OP/INC_OP/DEC_OP/LEFT_OP/RIGHT_OP/LE_OP/GE_OP/EQ_OP/NE_OP/AND_OP/OR_OP/MUL_ASSIGN/DIV_ASSIGN/MOD_ASSIGN/ADD_ASSIGN/SUB_ASSIGN/LEFT_ASSIGN/RIGHT_ASSIGN/AND_ASSIGN/XOR_ASSIGN/OR_ASSIGN/'('/')'/'['/']'/'.'/','/'&'/'*'/'+'/'-'/'/'/'%'/'<'/'>'/'^'/'|'/'='/'?'/':'
    39 expression -> • expression '^' expression, yyeof/PTR_OP/INC_OP/DEC_OP/LEFT_OP/RIGHT_OP/LE_OP/GE_OP/EQ_OP/NE_OP/AND_OP/OR_OP/MUL_ASSIGN/DIV_ASSIGN/MOD_ASSIGN/ADD_ASSIGN/SUB_ASSIGN/LEFT_ASSIGN/RIGHT_ASSIGN/AND_ASSIGN/XOR_ASSIGN/OR_ASSIGN/'('/')'/'['/']'/'.'/','/'&'/'*'/'+'/'-'/'/'/'%'/'<'/'>'/'^'/'|'/'='/'?'/':'
    40 expression -> • expression '|' expression, yyeof/PTR_OP/INC_OP/DEC_OP/LEFT_OP/RIGHT_OP/LE_OP/GE_OP/EQ_OP/NE_OP/AND_OP/OR_OP/MUL_ASSIGN/DIV_ASSIGN/MOD_ASSIGN/ADD_ASSIGN/SUB_ASSIGN/LEFT_ASSIGN/RIGHT_ASSIGN/AND_ASSIGN/XOR_ASSIGN/OR_ASSIGN/'('/')'/'['/']'/'.'/','/'&'/'*'/'+'/'-'/'/'/'%'/'<'/'>'/'^'/'|'/'='/'?'/':'
    41 expression -> • expression AND_OP expression, yyeof/PTR_OP/INC_OP/DEC_OP/LEFT_OP/RIGHT_OP/LE_OP/GE_OP/EQ_OP/NE_OP/AND_OP/OR_OP/MUL_ASSIGN/DIV_ASSIGN/MOD_ASSIGN/ADD_ASSIGN/SUB_ASSIGN/LEFT_ASSIGN/RIGHT_ASSIGN/AND_ASSIGN/XOR_ASSIGN/OR_ASSIGN/'('/')'/'['/']'/'.'/','/'&'/'*'/'+'/'-'/'/'/'%'/'<'/'>'/'^'/'|'/'='/'?'/':'
    42 expression -> • expression OR_OP expression, yyeof/PTR_OP/INC_OP/DEC_OP/LEFT_OP/RIGHT_OP/LE_OP/GE_OP/EQ_OP/NE_OP/AND_OP/OR_OP/MUL_ASSIGN/DIV_ASSIGN/MOD_ASSIGN/ADD_ASSIGN/SUB_ASSIGN/LEFT_ASSIGN/RIGHT_ASSIGN/AND_ASSIGN/XOR_ASSIGN/OR_ASSIGN/'('/')'/'['/']'/'.'/','/'&'/'*'/'+'/'-'/'/'/'%'/'<'/'>'/'^'/'|'/'='/'?'/':'
    43 expression -> • expression '=' expression, yyeof/PTR_OP/INC_OP/DEC_OP/LEFT_OP/RIGHT_OP/LE_OP/GE_OP/EQ_OP/NE_OP/AND_OP/OR_OP/MUL_ASSIGN/DIV_ASSIGN/MOD_ASSIGN/ADD_ASSIGN/SUB_ASSIGN/LEFT_ASSIGN/RIGHT_ASSIGN/AND_ASSIGN/XOR_ASSIGN/OR_ASSIGN/'('/')'/'['/']'/'.'/','/'&'/'*'/'+'/'-'/'/'/'%'/'<'/'>'/'^'/'|'/'='/'?'/':'
    44 expression -> • expression MUL_ASSIGN expression, yyeof/PTR_OP/INC_OP/DEC_OP/LEFT_OP/RIGHT_OP/LE_OP/GE_OP/EQ_OP/NE_OP/AND_OP/OR_OP/MUL_ASSIGN/DIV_ASSIGN/MOD_ASSIGN/ADD_ASSIGN/SUB_ASSIGN/LEFT_ASSIGN/RIGHT_ASSIGN/AND_ASSIGN/XOR_ASSIGN/OR_ASSIGN/'('/')'/'['/']'/'.'/','/'&'/'*'/'+'/'-'/'/'/'%'/'<'/'>'/'^'/'|'/'='/'?'/':'
    45 expression -> • expression DIV_ASSIGN expression, yyeof/PTR_OP/INC_OP/DEC_OP/LEFT_OP/RIGHT_OP/LE_OP/GE_OP/EQ_OP/NE_OP/AND_OP/OR_OP/MUL_ASSIGN/DIV_ASSIGN/MOD_ASSIGN/ADD_ASSIGN/SUB_ASSIGN/LEFT_ASSIGN/RIGHT_ASSIGN/AND_ASSIGN/XOR_ASSIGN/OR_ASSIGN/'('/')'/'['/']'/'.'/','/'&'/'*'/'+'/'-'/'/'/'%'/'<'/'>'/'^'/'|'/'='/'?'/':'
    46 expression -> • expression MOD_ASSIGN expression, yyeof/PTR_OP/INC_OP/DEC_OP/LEFT_OP/RIGHT_OP/LE_OP/GE_OP/EQ_OP/NE_OP/AND_OP/OR_OP/MUL_ASSIGN/DIV_ASSIGN/MOD_ASSIGN/ADD_ASSIGN/SUB_ASSIGN/LEFT_ASSIGN/RIGHT_ASSIGN/AND_ASSIGN/XOR_ASSIGN/OR_ASSIGN/'('/')'/'['/']'/'.'/','/'&'/'*'/'+'/'-'/'/'/'%'/'<'/'>'/'^'/'|'/'='/'?'/':'
    47 expression -> • expression ADD_ASSIGN expression, yyeof/PTR_OP/INC_OP/DEC_OP/LEFT_OP/RIGHT_OP/LE_OP/GE_OP/EQ_OP/NE_OP/AND_OP/OR_OP/MUL_ASSIGN/DIV_ASSIGN/MOD_ASSIGN/ADD_ASSIGN/SUB_ASSIGN/LEFT_ASSIGN/RIGHT_ASSIGN/AND_ASSIGN/XOR_ASSIGN/OR_ASSIGN/'('/')'/'['/']'/'.'/','/'&'/'*'/'+'/'-'/'/'/'%'/'<'/'>'/'^'/'|'/'='/'?'/':'
    48 expression -> • expression SUB_ASSIGN expression, yyeof/PTR_OP/INC_OP/DEC_OP/LEFT_OP/RIGHT_OP/LE_OP/GE_OP/EQ_OP/NE_OP/AND_OP/OR_OP/MUL_ASSIGN/DIV_ASSIGN/MOD_ASSIGN/ADD_ASSIGN/SUB_ASSIGN/LEFT_ASSIGN/RIGHT_ASSIGN/AND_ASSIGN/XOR_ASSIGN/OR_ASSIGN/'('/')'/'['/']'/'.'/','/'&'/'*'/'+'/'-'/'/'/'%'/'<'/'>'/'^'/'|'/'='/'?'/':'
    49 expression -> • expression LEFT_ASSIGN expression, yyeof/PTR_OP/INC_OP/DEC_OP/LEFT_OP/RIGHT_OP/LE_OP/GE_OP/EQ_OP/NE_OP/AND_OP/OR_OP/MUL_ASSIGN/DIV_ASSIGN/MOD_ASSIGN/ADD_ASSIGN/SUB_ASSIGN/LEFT_ASSIGN/RIGHT_ASSIGN/AND_ASSIGN/XOR_ASSIGN/OR_ASSIGN/'('/')'/'['/']'/'.'/','/'&'/'*'/'+'/'-'/'/'/'%'/'<'/'>'/'^'/'|'/'='/'?'/':'
    50 expression -> • expression RIGHT_ASSIGN expression, yyeof/PTR_OP/INC_OP/DEC_OP/LEFT_OP/RIGHT_OP/LE_OP/GE_OP/EQ_OP/NE_OP/AND_OP/OR_OP/MUL_ASSIGN/DIV_ASSIGN/MOD_ASSIGN/ADD_ASSIGN/SUB_ASSIGN/LEFT_ASSIGN/RIGHT_ASSIGN/AND_ASSIGN/XOR_ASSIGN/OR_ASSIGN/'('/')'/'['/']'/'.'/','/'&'/'*'/'+'/'-'/'/'/'%'/'<'/'>'/'^'/'|'/'='/'?'/':'
    51 expression -> • expression AND_ASSIGN expression, yyeof/PTR_OP/INC_OP/DEC_OP/LEFT_OP/RIGHT_OP/LE_OP/GE_OP/EQ_OP/NE_OP/AND_OP/OR_OP/MUL_ASSIGN/DIV_ASSIGN/MOD_ASSIGN/ADD_ASSIGN/SUB_ASSIGN/LEFT_ASSIGN/RIGHT_ASSIGN/AND_ASSIGN/XOR_ASSIGN/OR_ASSIGN/'('/')'/'['/']'/'.'/','/'&'/'*'/'+'/'-'/'/'/'%'/'<'/'>'/'^'/'|'/'='/'?'/':'
    52 expression -> • expression XOR_ASSIGN expression, yyeof/PTR_OP/INC_OP/DEC_OP/LEFT_OP/RIGHT_OP/LE_OP/GE_OP/EQ_OP/NE_OP/AND_OP/OR_OP/MUL_ASSIGN/DIV_ASSIGN/MOD_ASSIGN/ADD_ASSIGN/SUB_ASSIGN/LEFT_ASSIGN/RIGHT_ASSIGN/AND_ASSIGN/XOR_ASSIGN/OR_ASSIGN/'('/')'/'['/']'/'.'/','/'&'/'*'/'+'/'-'/'/'/'%'/'<'/'>'/'^'/'|'/'='/'?'/':'
    53 expression -> • expression OR_ASSIGN expression, yyeof/PTR_OP/INC_OP/DEC_OP/LEFT_OP/RIGHT_OP/LE_OP/GE_OP/EQ_OP/NE_OP/AND_OP/OR_OP/MUL_ASSIGN/DIV_ASSIGN/MOD_ASSIGN/ADD_ASSIGN/SUB_ASSIGN/LEFT_ASSIGN/RIGHT_ASSIGN/AND_ASSIGN/XOR_ASSIGN/OR_ASSIGN/'('/')'/'['/']'/'.'/','/'&'/'*'/'+'/'-'/'/'/'%'/'<'/'>'/'^'/'|'/'='/'?'/':'
    54 expression -> • expression ',' expression, yyeof/PTR_OP/INC_OP/DEC_OP/LEFT_OP/RIGHT_OP/LE_OP/GE_OP/EQ_OP/NE_OP/AND_OP/OR_OP/MUL_ASSIGN/DIV_ASSIGN/MOD_ASSIGN/ADD_ASSIGN/SUB_ASSIGN/LEFT_ASSIGN/RIGHT_ASSIGN/AND_ASSIGN/XOR_ASSIGN/OR_ASSIGN/'('/')'/'['/']'/'.'/','/'&'/'*'/'+'/'-'/'/'/'%'/'<'/'>'/'^'/'|'/'='/'?'/':'
    55 expression -> • expression '?' expression ':' expression, yyeof/PTR_OP/INC_OP/DEC_OP/LEFT_OP/RIGHT_OP/LE_OP/GE_OP/EQ_OP/NE_OP/AND_OP/OR_OP/MUL_ASSIGN/DIV_ASSIGN/MOD_ASSIGN/ADD_ASSIGN/SUB_ASSIGN/LEFT_ASSIGN/RIGHT_ASSIGN/AND_ASSIGN/XOR_ASSIGN/OR_ASSIGN/'('/')'/'['/']'/'.'/','/'&'/'*'/'+'/'-'/'/'/'%'/'<'/'>'/'^'/'|'/'='/'?'/':'

    IDENTIFIER shift, and go to state 1
    STRING_LITERAL shift, and go to state 2
    CONSTANT shift, and go to state 3
    SIZEOF shift, and go to state 4
    INC_OP shift, and go to state 5
    DEC_OP shift, and go to state 6
    '(' shift, and go to state 9
    '&' shift, and go to state 10
    '*' shift, and go to state 11
    '+' shift, and go to state 12
    '-' shift, and go to state 13
    '~' shift, and go to state 14
    '!' shift, and go to state 15

    expression go to state 19


State 7

    1 constant_expression -> expression•, yyeof
    6 expression -> expression • '[' expression ']', yyeof/PTR_OP/INC_OP/DEC_OP/LEFT_OP/RIGHT_OP/LE_OP/GE_OP/EQ_OP/NE_OP/AND_OP/OR_OP/MUL_ASSIGN/DIV_ASSIGN/MOD_ASSIGN/ADD_ASSIGN/SUB_ASSIGN/LEFT_ASSIGN/RIGHT_ASSIGN/AND_ASSIGN/XOR_ASSIGN/OR_ASSIGN/'('/'['/'.'/','/'&'/'*'/'+'/'-'/'/'/'%'/'<'/'>'/'^'/'|'/'='/'?'
    7 expression -> expression • '(' ')', yyeof/PTR_OP/INC_OP/DEC_OP/LEFT_OP/RIGHT_OP/LE_OP/GE_OP/EQ_OP/NE_OP/AND_OP/OR_OP/MUL_ASSIGN/DIV_ASSIGN/MOD_ASSIGN/ADD_ASSIGN/SUB_ASSIGN/LEFT_ASSIGN/RIGHT_ASSIGN/AND_ASSIGN/XOR_ASSIGN/OR_ASSIGN/'('/'['/'.'/','/'&'/'*'/'+'/'-'/'/'/'%'/'<'/'>'/'^'/'|'/'='/'?'
    8 expression -> expression • '(' expression ')', yyeof/PTR_OP/INC_OP/DEC_OP/LEFT_OP/RIGHT_OP/LE_OP/GE_OP/EQ_OP/NE_OP/AND_OP/OR_OP/MUL_ASSIGN/DIV_ASSIGN/MOD_ASSIGN/ADD_ASSIGN/SUB_ASSIGN/LEFT_ASSIGN/RIGHT_ASSIGN/AND_ASSIGN/XOR_ASSIGN/OR_ASSIGN/'('/'['/'.'/','/'&'/'*'/'+'/'-'/'/'/'%'/'<'/'>'/'^'/'|'/'='/'?'
    9 expression -> expression • '.' IDENTIFIER, yyeof/PTR_OP/INC_OP/DEC_OP/LEFT_OP/RIGHT_OP/LE_OP/GE_OP/EQ_OP/NE_OP/AND_OP/OR_OP/MUL_ASSIGN/DIV_ASSIGN/MOD_ASSIGN/ADD_ASSIGN/SUB_ASSIGN/LEFT_ASSIGN/RIGHT_ASSIGN/AND_ASSIGN/XOR_ASSIGN/OR_ASSIGN/'('/'['/'.'/','/'&'/'*'/'+'/'-'/'/'/'%'/'<'/'>'/'^'/'|'/'='/'?'
    10 expression -> expression • PTR_OP IDENTIFIER, yyeof/PTR_OP/INC_OP/DEC_OP/LEFT_OP/RIGHT_OP/LE_OP/GE_OP/EQ_OP/NE_OP/AND_OP/OR_OP/MUL_ASSIGN/DIV_ASSIGN/MOD_ASSIGN/ADD_ASSIGN/SUB_ASSIGN/LEFT_ASSIGN/RIGHT_ASSIGN/AND_ASSIGN/XOR_ASSIGN/OR_ASSIGN/'('/'['/'.'/','/'&'/'*'/'+'/'-'/'/'/'%'/'<'/'>'/'^'/'|'/'='/'?'
    11 expression -> expression • INC_OP, yyeof/PTR_OP/INC_OP/DEC_OP/LEFT_OP/RIGHT_OP/LE_OP/GE_OP/EQ_OP/NE_OP/AND_OP/OR_OP/MUL_ASSIGN/DIV_ASSIGN/MOD_ASSIGN/ADD_ASSIGN/SUB_ASSIGN/LEFT_ASSIGN/RIGHT_ASSIGN/AND_ASSIGN/XOR_ASSIGN/OR_ASSIGN/'('/'['/'.'/','/'&'/'*'/'+'/'-'/'/'/'%'/'<'/'>'/'^'/'|'/'='/'?'
    12 expression -> expression • DEC_OP, yyeof/PTR_OP/INC_OP/DEC_OP/LEFT_OP/RIGHT_OP/LE_OP/GE_OP/EQ_OP/NE_OP/AND_OP/OR_OP/MUL_ASSIGN/DIV_ASSIGN/MOD_ASSIGN/ADD_ASSIGN/SUB_ASSIGN/LEFT_ASSIGN/RIGHT_ASSIGN/AND_ASSIGN/XOR_ASSIGN/OR_ASSIGN/'('/'['/'.'/','/'&'/'*'/'+'/'-'/'/'/'%'/'<'/'>'/'^'/'|'/'='/'?'
    13 expression -> expression • ',' expression, yyeof/PTR_OP/INC_OP/DEC_OP/LEFT_OP/RIGHT_OP/LE_OP/GE_OP/EQ_OP/NE_OP/AND_OP/OR_OP/MUL_ASSIGN/DIV_ASSIGN/MOD_ASSIGN/ADD_ASSIGN/SUB_ASSIGN/LEFT_ASSIGN/RIGHT_ASSIGN/AND_ASSIGN/XOR_ASSIGN/OR_ASSIGN/'('/'['/'.'/','/'&'/'*'/'+'/'-'/'/'/'%'/'<'/'>'/'^'/'|'/'='/'?'
    25 expression -> expression • '+' expression, yyeof/PTR_OP/INC_OP/DEC_OP/LEFT_OP/RIGHT_OP/LE_OP/GE_OP/EQ_OP/NE_OP/AND_OP/OR_OP/MUL_ASSIGN/DIV_ASSIGN/MOD_ASSIGN/ADD_ASSIGN/SUB_ASSIGN/LEFT_ASSIGN/RIGHT_ASSIGN/AND_ASSIGN/XOR_ASSIGN/OR_ASSIGN/'('/'['/'.'/','/'&'/'*'/'+'/'-'/'/'/'%'/'<'/'>'/'^'/'|'/'='/'?'
    26 expression -> expression • '-' expression, yyeof/PTR_OP/INC_OP/DEC_OP/LEFT_OP/RIGHT_OP/LE_OP/GE_OP/EQ_OP/NE_OP/AND_OP/OR_OP/MUL_ASSIGN/DIV_ASSIGN/MOD_ASSIGN/ADD_ASSIGN/SUB_ASSIGN/LEFT_ASSIGN/RIGHT_ASSIGN/AND_ASSIGN/XOR_ASSIGN/OR_ASSIGN/'('/'['/'.'/','/'&'/'*'/'+'/'-'/'/'/'%'/'<'/'>'/'^'/'|'/'='/'?'
    27 expression -> expression • '*' expression, yyeof/PTR_OP/INC_OP/DEC_OP/LEFT_OP/RIGHT_OP/LE_OP/GE_OP/EQ_OP/NE_OP/AND_OP/OR_OP/MUL_ASSIGN/DIV_ASSIGN/MOD_ASSIGN/ADD_ASSIGN/SUB_ASSIGN/LEFT_ASSIGN/RIGHT_ASSIGN/AND_ASSIGN/XOR_ASSIGN/OR_ASSIGN/'('/'['/'.'/','/'&'/'*'/'+'/'-'/'/'/'%'/'<'/'>'/'^'/'|'/'='/'?'
    28 expression -> expression • '/' expression, yyeof/PTR_OP/INC_OP/DEC_OP/LEFT_OP/RIGHT_OP/LE_OP/GE_OP/EQ_OP/NE_OP/AND_OP/OR_OP/MUL_ASSIGN/DIV_ASSIGN/MOD_ASSIGN/ADD_ASSIGN/SUB_ASSIGN/LEFT_ASSIGN/RIGHT_ASSIGN/AND_ASSIGN/XOR_ASSIGN/OR_ASSIGN/'('/'['/'.'/','/'&'/'*'/'+'/'-'/'/'/'%'/'<'/'>'/'^'/'|'/'='/'?'
    29 expression -> expression • '%' expression, yyeof/PTR_OP/INC_OP/DEC_OP/LEFT_OP/RIGHT_OP/LE_OP/GE_OP/EQ_OP/NE_OP/AND_OP/OR_OP/MUL_ASSIGN/DIV_ASSIGN/MOD_ASSIGN/ADD_ASSIGN/SUB_ASSIGN/LEFT_ASSIGN/RIGHT_ASSIGN/AND_ASSIGN/XOR_ASSIGN/OR_ASSIGN/'('/'['/'.'/','/'&'/'*'/'+'/'-'/'/'/'%'/'<'/'>'/'^'/'|'/'='/'?'
    30 expression -> expression • LEFT_OP expression, yyeof/PTR_OP/INC_OP/DEC_OP/LEFT_OP/RIGHT_OP/LE_OP/GE_OP/EQ_OP/NE_OP/AND_OP/OR_OP/MUL_ASSIGN/DIV_ASSIGN/MOD_ASSIGN/ADD_ASSIGN/SUB_ASSIGN/LEFT_ASSIGN/RIGHT_ASSIGN/AND_ASSIGN/XOR_ASSIGN/OR_ASSIGN/'('/'['/'.'/','/'&'/'*'/'+'/'-'/'/'/'%'/'<'/'>'/'^'/'|'/'='/'?'
    31 expression -> expression • RIGHT_OP expression, yyeof/PTR_OP/INC_OP/DEC_OP/LEFT_OP/RIGHT_OP/LE_OP/GE_OP/EQ_OP/NE_OP/AND_OP/OR_OP/MUL_ASSIGN/DIV_ASSIGN/MOD_ASSIGN/ADD_ASSIGN/SUB_ASSIGN/LEFT_ASSIGN/RIGHT_ASSIGN/AND_ASSIGN/XOR_ASSIGN/OR_ASSIGN/'('/'['/'.'/','/'&'/'*'/'+'/'-'/'/'/'%'/'<'/'>'/'^'/'|'/'='/'?'
    32 expression -> expression • '<' expression, yyeof/PTR_OP/INC_OP/DEC_OP/LEFT_OP/RIGHT_OP/LE_OP/GE_OP/EQ_OP/NE_OP/AND_OP/OR_OP/MUL_ASSIGN/DIV_ASSIGN/MOD_ASSIGN/ADD_ASSIGN/SUB_ASSIGN/LEFT_ASSIGN/RIGHT_ASSIGN/AND_ASSIGN/XOR_ASSIGN/OR_ASSIGN/'('/'['/'.'/','/'&'/'*'/'+'/'-'/'/'/'%'/'<'/'>'/'^'/'|'/'='/'?'
    33 expression -> expression • '>' expression, yyeof/PTR_OP/INC_OP/DEC_OP/LEFT_OP/RIGHT_OP/LE_OP/GE_OP/EQ_OP/NE_OP/AND_OP/OR_OP/MUL_ASSIGN/DIV_ASSIGN/MOD_ASSIGN/ADD_ASSIGN/SUB_ASSIGN/LEFT_ASSIGN/RIGHT_ASSIGN/AND_ASSIGN/XOR_ASSIGN/OR_ASSIGN/'('/'['/'.'/','/'&'/'*'/'+'/'-'/'/'/'%'/'<'/'>'/'^'/'|'/'='/'?'
    34 expression -> expression • LE_OP expression, yyeof/PTR_OP/INC_OP/DEC_OP/LEFT_OP/RIGHT_OP/LE_OP/GE_OP/EQ_OP/NE_OP/AND_OP/OR_OP/MUL_ASSIGN/DIV_ASSIGN/MOD_ASSIGN/ADD_ASSIGN/SUB_ASSIGN/LEFT_ASSIGN/RIGHT_ASSIGN/AND_ASSIGN/XOR_ASSIGN/OR_ASSIGN/'('/'['/'.'/','/'&'/'*'/'+'/'-'/'/'/'%'/'<'/'>'/'^'/'|'/'='/'?'
    35 expression -> expression • GE_OP expression, yyeof/PTR_OP/INC_OP/DEC_OP/LEFT_OP/RIGHT_OP/LE_OP/GE_OP/EQ_OP/NE_OP/AND_OP/OR_OP/MUL_ASSIGN/DIV_ASSIGN/MOD_ASSIGN/ADD_ASSIGN/SUB_ASSIGN/LEFT_ASSIGN/RIGHT_ASSIGN/AND_ASSIGN/XOR_ASSIGN/OR_ASSIGN/'('/'['/'.'/','/'&'/'*'/'+'/'-'/'/'/'%'/'<'/'>'/'^'/'|'/'='/'?'
    36 expression -> expression • EQ_OP expression, yyeof/PTR_OP/INC_OP/DEC_OP/LEFT_OP/RIGHT_OP/LE_OP/GE_OP/EQ_OP/NE_OP/AND_OP/OR_OP/MUL_ASSIGN/DIV_ASSIGN/MOD_ASSIGN/ADD_ASSIGN/SUB_ASSIGN/LEFT_ASSIGN/RIGHT_ASSIGN/AND_ASSIGN/XOR_ASSIGN/OR_ASSIGN/'('/'['/'.'/','/'&'/'*'/'+'/'-'/'/'/'%'/'<'/'>'/'^'/'|'/'='/'?'
    37 expression -> expression • NE_OP expression, yyeof/PTR_OP/INC_OP/DEC_OP/LEFT_OP/RIGHT_OP/LE_OP/GE_OP/EQ_OP/NE_OP/AND_OP/OR_OP/MUL_ASSIGN/DIV_ASSIGN/MOD_ASSIGN/ADD_ASSIGN/SUB_ASSIGN/LEFT_ASSIGN/RIGHT_ASSIGN/AND_ASSIGN/XOR_ASSIGN/OR_ASSIGN/'('/'['/'.'/','/'&'/'*'/'+'/'-'/'/'/'%'/'<'/'>'/'^'/'|'/'='/'?'
    38 expression -> expression • '&' expression, yyeof/PTR_OP/INC_OP/DEC_OP/LEFT_OP/RIGHT_OP/LE_OP/GE_OP/EQ_OP/NE_OP/AND_OP/OR_OP/MUL_ASSIGN/DIV_ASSIGN/MOD_ASSIGN/ADD_ASSIGN/SUB_ASSIGN/LEFT_ASSIGN/RIGHT_ASSIGN/AND_ASSIGN/XOR_ASSIGN/OR_ASSIGN/'('/'['/'.'/','/'&'/'*'/'+'/'-'/'/'/'%'/'<'/'>'/'^'/'|'/'='/'?'
    39 expression -> expression • '^' expression, yyeof/PTR_OP/INC_OP/DEC_OP/LEFT_OP/RIGHT_OP/LE_OP/GE_OP/EQ_OP/NE_OP/AND_OP/OR_OP/MUL_ASSIGN/DIV_ASSIGN/MOD_ASSIGN/ADD_ASSIGN/SUB_ASSIGN/LEFT_ASSIGN/RIGHT_ASSIGN/AND_ASSIGN/XOR_ASSIGN/OR_ASSIGN/'('/'['/'.'/','/'&'/'*'/'+'/'-'/'/'/'%'/'<'/'>'/'^'/'|'/'='/'?'
    40 expression -> expression • '|' expression, yyeof/PTR_OP/INC_OP/DEC_OP/LEFT_OP/RIGHT_OP/LE_OP/GE_OP/EQ_OP/NE_OP/AND_OP/OR_OP/MUL_ASSIGN/DIV_ASSIGN/MOD_ASSIGN/ADD_ASSIGN/SUB_ASSIGN/LEFT_ASSIGN/RIGHT_ASSIGN/AND_ASSIGN/XOR_ASSIGN/OR_ASSIGN/'('/'['/'.'/','/'&'/'*'/'+'/'-'/'/'/'%'/'<'/'>'/'^'/'|'/'='/'?'
    41 expression -> expression • AND_OP expression, yyeof/PTR_OP/INC_OP/DEC_OP/LEFT_OP/RIGHT_OP/LE_OP/GE_OP/EQ_OP/NE_OP/AND_OP/OR_OP/MUL_ASSIGN/DIV_ASSIGN/MOD_ASSIGN/ADD_ASSIGN/SUB_ASSIGN/LEFT_ASSIGN/RIGHT_ASSIGN/AND_ASSIGN/XOR_ASSIGN/OR_ASSIGN/'('/'['/'.'/','/'&'/'*'/'+'/'-'/'/'/'%'/'<'/'>'/'^'/'|'/'='/'?'
    42 expression -> expression • OR_OP expression, yyeof/PTR_OP/INC_OP/DEC_OP/LEFT_OP/RIGHT_OP/LE_OP/GE_OP/EQ_OP/NE_OP/AND_OP/OR_OP/MUL_ASSIGN/DIV_ASSIGN/MOD_ASSIGN/ADD_ASSIGN/SUB_ASSIGN/LEFT_ASSIGN/RIGHT_ASSIGN/AND_ASSIGN/XOR_ASSIGN/OR_ASSIGN/'('/'['/'.'/','/'&'/'*'/'+'/'-'/'/'/'%'/'<'/'>'/'^'/'|'/'='/'?'
    43 expression -> expression • '=' expression, yyeof/PTR_OP/INC_OP/DEC_OP/LEFT_OP/RIGHT_OP/LE_OP/GE_OP/EQ_OP/NE_OP/AND_OP/OR_OP/MUL_ASSIGN/DIV_ASSIGN/MOD_ASSIGN/ADD_ASSIGN/SUB_ASSIGN/LEFT_ASSIGN/RIGHT_ASSIGN/AND_ASSIGN/XOR_ASSIGN/OR_ASSIGN/'('/'['/'.'/','/'&'/'*'/'+'/'-'/'/'/'%'/'<'/'>'/'^'/'|'/'='/'?'
    44 expression -> expression • MUL_ASSIGN expression, yyeof/PTR_OP/INC_OP/DEC_OP/LEFT_OP/RIGHT_OP/LE_OP/GE_OP/EQ_OP/NE_OP/AND_OP/OR_OP/MUL_ASSIGN/DIV_ASSIGN/MOD_ASSIGN/ADD_ASSIGN/SUB_ASSIGN/LEFT_ASSIGN/RIGHT_ASSIGN/AND_ASSIGN/XOR_ASSIGN/OR_ASSIGN/'('/'['/'.'/','/'&'/'*'/'+'/'-'/'/'/'%'/'<'/'>'/'^'/'|'/'='/'?'
    45 expression -> expression • DIV_ASSIGN expression, yyeof/PTR_OP/INC_OP/DEC_OP/LEFT_OP/RIGHT_OP/LE_OP/GE_OP/EQ_OP/NE_OP/AND_OP/OR_OP/MUL_ASSIGN/DIV_ASSIGN/MOD_ASSIGN/ADD_ASSIGN/SUB_ASSIGN/LEFT_ASSIGN/RIGHT_ASSIGN/AND_ASSIGN/XOR_ASSIGN/OR_ASSIGN/'('/'['/'.'/','/'&'/'*'/'+'/'-'/'/'/'%'/'<'/'>'/'^'/'|'/'='/'?'
    46 expression -> expression • MOD_ASSIGN expression, yyeof/PTR_OP/INC_OP/DEC_OP/LEFT_OP/RIGHT_OP/LE_OP/GE_OP/EQ_OP/NE_OP/AND_OP/OR_OP/MUL_ASSIGN/DIV_ASSIGN/MOD_ASSIGN/ADD_ASSIGN/SUB_ASSIGN/LEFT_ASSIGN/RIGHT_ASSIGN/AND_ASSIGN/XOR_ASSIGN/OR_ASSIGN/'('/'['/'.'/','/'&'/'*'/'+'/'-'/'/'/'%'/'<'/'>'/'^'/'|'/'='/'?'
    47 expression -> expression • ADD_ASSIGN expression, yyeof/PTR_OP/INC_OP/DEC_OP/LEFT_OP/RIGHT_OP/LE_OP/GE_OP/EQ_OP/NE_OP/AND_OP/OR_OP/MUL_ASSIGN/DIV_ASSIGN/MOD_ASSIGN/ADD_ASSIGN/SUB_ASSIGN/LEFT_ASSIGN/RIGHT_ASSIGN/AND_ASSIGN/XOR_ASSIGN/OR_ASSIGN/'('/'['/'.'/','/'&'/'*'/'+'/'-'/'/'/'%'/'<'/'>'/'^'/'|'/'='/'?'
    48 expression -> expression • SUB_ASSIGN expression, yyeof/PTR_OP/INC_OP/DEC_OP/LEFT_OP/RIGHT_OP/LE_OP/GE_OP/EQ_OP/NE_OP/AND_OP/OR_OP/MUL_ASSIGN/DIV_ASSIGN/MOD_ASSIGN/ADD_ASSIGN/SUB_ASSIGN/LEFT_ASSIGN/RIGHT_ASSIGN/AND_ASSIGN/XOR_ASSIGN/OR_ASSIGN/'('/'['/'.'/','/'&'/'*'/'+'/'-'/'/'/'%'/'<'/'>'/'^'/'|'/'='/'?'
    49 expression -> expression • LEFT_ASSIGN expression, yyeof/PTR_OP/INC_OP/DEC_OP/LEFT_OP/RIGHT_OP/LE_OP/GE_OP/EQ_OP/NE_OP/AND_OP/OR_OP/MUL_ASSIGN/DIV_ASSIGN/MOD_ASSIGN/ADD_ASSIGN/SUB_ASSIGN/LEFT_ASSIGN/RIGHT_ASSIGN/AND_ASSIGN/XOR_ASSIGN/OR_ASSIGN/'('/'['/'.'/','/'&'/'*'/'+'/'-'/'/'/'%'/'<'/'>'/'^'/'|'/'='/'?'
    50 expression -> expression • RIGHT_ASSIGN expression, yyeof/PTR_OP/INC_OP/DEC_OP/LEFT_OP/RIGHT_OP/LE_OP/GE_OP/EQ_OP/NE_OP/AND_OP/OR_OP/MUL_ASSIGN/DIV_ASSIGN/MOD_ASSIGN/ADD_ASSIGN/SUB_ASSIGN/LEFT_ASSIGN/RIGHT_ASSIGN/AND_ASSIGN/XOR_ASSIGN/OR_ASSIGN/'('/'['/'.'/','/'&'/'*'/'+'/'-'/'/'/'%'/'<'/'>'/'^'/'|'/'='/'?'
    51 expression -> expression • AND_ASSIGN expression, yyeof/PTR_OP/INC_OP/DEC_OP/LEFT_OP/RIGHT_OP/LE_OP/GE_OP/EQ_OP/NE_OP/AND_OP/OR_OP/MUL_ASSIGN/DIV_ASSIGN/MOD_ASSIGN/ADD_ASSIGN/SUB_ASSIGN/LEFT_ASSIGN/RIGHT_ASSIGN/AND_ASSIGN/XOR_ASSIGN/OR_ASSIGN/'('/'['/'.'/','/'&'/'*'/'+'/'-'/'/'/'%'/'<'/'>'/'^'/'|'/'='/'?'
    52 expression -> expression • XOR_ASSIGN expression, yyeof/PTR_OP/INC_OP/DEC_OP/LEFT_OP/RIGHT_OP/LE_OP/GE_OP/EQ_OP/NE_OP/AND_OP/OR_OP/MUL_ASSIGN/DIV_ASSIGN/MOD_ASSIGN/ADD_ASSIGN/SUB_ASSIGN/LEFT_ASSIGN/RIGHT_ASSIGN/AND_ASSIGN/XOR_ASSIGN/OR_ASSIGN/'('/'['/'.'/','/'&'/'*'/'+'/'-'/'/'/'%'/'<'/'>'/'^'/'|'/'='/'?'
    53 expression -> expression • OR_ASSIGN expression, yyeof/PTR_OP/INC_OP/DEC_OP/LEFT_OP/RIGHT_OP/LE_OP/GE_OP/EQ_OP/NE_OP/AND_OP/OR_OP/MUL_ASSIGN/DIV_ASSIGN/MOD_ASSIGN/ADD_ASSIGN/SUB_ASSIGN/LEFT_ASSIGN/RIGHT_ASSIGN/AND_ASSIGN/XOR_ASSIGN/OR_ASSIGN/'('/'['/'.'/','/'&'/'*'/'+'/'-'/'/'/'%'/'<'/'>'/'^'/'|'/'='/'?'
    54 expression -> expression • ',' expression, yyeof/PTR_OP/INC_OP/DEC_OP/LEFT_OP/RIGHT_OP/LE_OP/GE_OP/EQ_OP/NE_OP/AND_OP/OR_OP/MUL_ASSIGN/DIV_ASSIGN/MOD_ASSIGN/ADD_ASSIGN/SUB_ASSIGN/LEFT_ASSIGN/RIGHT_ASSIGN/AND_ASSIGN/XOR_ASSIGN/OR_ASSIGN/'('/'['/'.'/','/'&'/'*'/'+'/'-'/'/'/'%'/'<'/'>'/'^'/'|'/'='/'?'
    55 expression -> expression • '?' expression ':' expression, yyeof/PTR_OP/INC_OP/DEC_OP/LEFT_OP/RIGHT_OP/LE_OP/GE_OP/EQ_OP/NE_OP/AND_OP/OR_OP/MUL_ASSIGN/DIV_ASSIGN/MOD_ASSIGN/ADD_ASSIGN/SUB_ASSIGN/LEFT_ASSIGN/RIGHT_ASSIGN/AND_ASSIGN/XOR_ASSIGN/OR_ASSIGN/'('/'['/'.'/','/'&'/'*'/'+'/'-'/'/'/'%'/'<'/'>'/'^'/'|'/'='/'?'

    PTR_OP shift, and go to state 20
    INC_OP shift, and go to state 21
    DEC_OP shift, and go to state 22
    LEFT_OP shift, and go to state 23
    RIGHT_OP shift, and go to state 24
    LE_OP shift, and go to state 25
    GE_OP shift, and go to state 26
    EQ_OP shift, and go to state 27
    NE_OP shift, and go to state 28
    AND_OP shift, and go to state 29
    OR_OP shift, and go to state 30
    MUL_ASSIGN shift, and go to state 31
    DIV_ASSIGN shift, and go to state 32
    MOD_ASSIGN shift, and go to state 33
    ADD_ASSIGN shift, and go to state 34
    SUB_ASSIGN shift, and go to state 35
    LEFT_ASSIGN shift, and go to state 36
    RIGHT_ASSIGN shift, and go to state 37
    AND_ASSIGN shift, and go to state 38
    XOR_ASSIGN shift, and go to state 39
    OR_ASSIGN shift, and go to state 40
    '(' shift, and go to state 41
    '[' shift, and go to state 42
    '.' shift, and go to state 43
    ',' shift, and go to state 44
    '&' shift, and go to state 45
    '*' shift, and go to state 46
    '+' shift, and go to state 47
    '-' shift, and go to state 48
    '/' shift, and go to state 49
    '%' shift, and go to state 50
    '<' shift, and go to state 51
    '>' shift, and go to state 52
    '^' shift, and go to state 53
    '|' shift, and go to state 54
    '=' shift, and go to state 55
    '?' shift, and go to state 56

    yyeof reduce using rule 1 (constant_expression)


State 8

    0 accept -> constant_expression•, yyeof


State 9

    2 expression -> • IDENTIFIER, PTR_OP/INC_OP/DEC_OP/LEFT_OP/RIGHT_OP/LE_OP/GE_OP/EQ_OP/NE_OP/AND_OP/OR_OP/MUL_ASSIGN/DIV_ASSIGN/MOD_ASSIGN/ADD_ASSIGN/SUB_ASSIGN/LEFT_ASSIGN/RIGHT_ASSIGN/AND_ASSIGN/XOR_ASSIGN/OR_ASSIGN/'('/')'/'['/'.'/','/'&'/'*'/'+'/'-'/'/'/'%'/'<'/'>'/'^'/'|'/'='/'?'
    3 expression -> • CONSTANT, PTR_OP/INC_OP/DEC_OP/LEFT_OP/RIGHT_OP/LE_OP/GE_OP/EQ_OP/NE_OP/AND_OP/OR_OP/MUL_ASSIGN/DIV_ASSIGN/MOD_ASSIGN/ADD_ASSIGN/SUB_ASSIGN/LEFT_ASSIGN/RIGHT_ASSIGN/AND_ASSIGN/XOR_ASSIGN/OR_ASSIGN/'('/')'/'['/'.'/','/'&'/'*'/'+'/'-'/'/'/'%'/'<'/'>'/'^'/'|'/'='/'?'
    4 expression -> • STRING_LITERAL, PTR_OP/INC_OP/DEC_OP/LEFT_OP/RIGHT_OP/LE_OP/GE_OP/EQ_OP/NE_OP/AND_OP/OR_OP/MUL_ASSIGN/DIV_ASSIGN/MOD_ASSIGN/ADD_ASSIGN/SUB_ASSIGN/LEFT_ASSIGN/RIGHT_ASSIGN/AND_ASSIGN/XOR_ASSIGN/OR_ASSIGN/'('/')'/'['/'.'/','/'&'/'*'/'+'/'-'/'/'/'%'/'<'/'>'/'^'/'|'/'='/'?'
    5 expression -> • '(' expression ')', PTR_OP/INC_OP/DEC_OP/LEFT_OP/RIGHT_OP/LE_OP/GE_OP/EQ_OP/NE_OP/AND_OP/OR_OP/MUL_ASSIGN/DIV_ASSIGN/MOD_ASSIGN/ADD_ASSIGN/SUB_ASSIGN/LEFT_ASSIGN/RIGHT_ASSIGN/AND_ASSIGN/XOR_ASSIGN/OR_ASSIGN/'('/')'/'['/'.'/','/'&'/'*'/'+'/'-'/'/'/'%'/'<'/'>'/'^'/'|'/'='/'?'
    5 expression -> '(' • expression ')', yyeof/PTR_OP/INC_OP/DEC_OP/LEFT_OP/RIGHT_OP/LE_OP/GE_OP/EQ_OP/NE_OP/AND_OP/OR_OP/MUL_ASSIGN/DIV_ASSIGN/MOD_ASSIGN/ADD_ASSIGN/SUB_ASSIGN/LEFT_ASSIGN/RIGHT_ASSIGN/AND_ASSIGN/XOR_ASSIGN/OR_ASSIGN/'('/')'/'['/']'/'.'/','/'&'/'*'/'+'/'-'/'/'/'%'/'<'/'>'/'^'/'|'/'='/'?'/':'
    6 expression -> • expression '[' expression ']', PTR_OP/INC_OP/DEC_OP/LEFT_OP/RIGHT_OP/LE_OP/GE_OP/EQ_OP/NE_OP/AND_OP/OR_OP/MUL_ASSIGN/DIV_ASSIGN/MOD_ASSIGN/ADD_ASSIGN/SUB_ASSIGN/LEFT_ASSIGN/RIGHT_ASSIGN/AND_ASSIGN/XOR_ASSIGN/OR_ASSIGN/'('/')'/'['/'.'/','/'&'/'*'/'+'/'-'/'/'/'%'/'<'/'>'/'^'/'|'/'='/'?'
    7 expression -> • expression '(' ')', PTR_OP/INC_OP/DEC_OP/LEFT_OP/RIGHT_OP/LE_OP/GE_OP/EQ_OP/NE_OP/AND_OP/OR_OP/MUL_ASSIGN/DIV_ASSIGN/MOD_ASSIGN/ADD_ASSIGN/SUB_ASSIGN/LEFT_ASSIGN/RIGHT_ASSIGN/AND_ASSIGN/XOR_ASSIGN/OR_ASSIGN/'('/')'/'['/'.'/','/'&'/'*'/'+'/'-'/'/'/'%'/'<'/'>'/'^'/'|'/'='/'?'
    8 expression -> • expression '(' expression ')', PTR_OP/INC_OP/DEC_OP/LEFT_OP/RIGHT_OP/LE_OP/GE_OP/EQ_OP/NE_OP/AND_OP/OR_OP/MUL_ASSIGN/DIV_ASSIGN/MOD_ASSIGN/ADD_ASSIGN/SUB_ASSIGN/LEFT_ASSIGN/RIGHT_ASSIGN/AND_ASSIGN/XOR_ASSIGN/OR_ASSIGN/'('/')'/'['/'.'/','/'&'/'*'/'+'/'-'/'/'/'%'/'<'/'>'/'^'/'|'/'='/'?'
    9 expression -> • expression '.' IDENTIFIER, PTR_OP/INC_OP/DEC_OP/LEFT_OP/RIGHT_OP/LE_OP/GE_OP/EQ_OP/NE_OP/AND_OP/OR_OP/MUL_ASSIGN/DIV_ASSIGN/MOD_ASSIGN/ADD_ASSIGN/SUB_ASSIGN/LEFT_ASSIGN/RIGHT_ASSIGN/AND_ASSIGN/XOR_ASSIGN/OR_ASSIGN/'('/')'/'['/'.'/','/'&'/'*'/'+'/'-'/'/'/'%'/'<'/'>'/'^'/'|'/'='/'?'
    10 expression -> • expression PTR_OP IDENTIFIER, PTR_OP/INC_OP/DEC_OP/LEFT_OP/RIGHT_OP/LE_OP/GE_OP/EQ_OP/NE_OP/AND_OP/OR_OP/MUL_ASSIGN/DIV_ASSIGN/MOD_ASSIGN/ADD_ASSIGN/SUB_ASSIGN/LEFT_ASSIGN/RIGHT_ASSIGN/AND_ASSIGN/XOR_ASSIGN/OR_ASSIGN/'('/')'/'['/'.'/','/'&'/'*'/'+'/'-'/'/'/'%'/'<'/'>'/'^'/'|'/'='/'?'
    11 expression -> • expression INC_OP, PTR_OP/INC_OP/DEC_OP/LEFT_OP/RIGHT_OP/LE_OP/GE_OP/EQ_OP/NE_OP/AND_OP/OR_OP/MUL_ASSIGN/DIV_ASSIGN/MOD_ASSIGN/ADD_ASSIGN/SUB_ASSIGN/LEFT_ASSIGN/RIGHT_ASSIGN/AND_ASSIGN/XOR_ASSIGN/OR_ASSIGN/'('/')'/'['/'.'/','/'&'/'*'/'+'/'-'/'/'/'%'/'<'/'>'/'^'/'|'/'='/'?'
    12 expression -> • expression DEC_OP, PTR_OP/INC_OP/DEC_OP/LEFT_OP/RIGHT_OP/LE_OP/GE_OP/EQ_OP/NE_OP/AND_OP/OR_OP/MUL_ASSIGN/DIV_ASSIGN/MOD_ASSIGN/ADD_ASSIGN/SUB_ASSIGN/LEFT_ASSIGN/RIGHT_ASSIGN/AND_ASSIGN/XOR_ASSIGN/OR_ASSIGN/'('/')'/'['/'.'/','/'&'/'*'/'+'/'-'/'/'/'%'/'<'/'>'/'^'/'|'/'='/'?'
    13 expression -> • expression ',' expression, PTR_OP/INC_OP/DEC_OP/LEFT_OP/RIGHT_OP/LE_OP/GE_OP/EQ_OP/NE_OP/AND_OP/OR_OP/MUL_ASSIGN/DIV_ASSIGN/MOD_ASSIGN/ADD_ASSIGN/SUB_ASSIGN/LEFT_ASSIGN/RIGHT_ASSIGN/AND_ASSIGN/XOR_ASSIGN/OR_ASSIGN/'('/')'/'['/'.'/','/'&'/'*'/'+'/'-'/'/'/'%'/'<'/'>'/'^'/'|'/'='/'?'
    14 expression -> • INC_OP expression, PTR_OP/INC_OP/DEC_OP/LEFT_OP/RIGHT_OP/LE_OP/GE_OP/EQ_OP/NE_OP/AND_OP/OR_OP/MUL_ASSIGN/DIV_ASSIGN/MOD_ASSIGN/ADD_ASSIGN/SUB_ASSIGN/LEFT_ASSIGN/RIGHT_ASSIGN/AND_ASSIGN/XOR_ASSIGN/OR_ASSIGN/'('/')'/'['/'.'/','/'&'/'*'/'+'/'-'/'/'/'%'/'<'/'>'/'^'/'|'/'='/'?'
    15 expression -> • DEC_OP expression, PTR_OP/INC_OP/DEC_OP/LEFT_OP/RIGHT_OP/LE_OP/GE_OP/EQ_OP/NE_OP/AND_OP/OR_OP/MUL_ASSIGN/DIV_ASSIGN/MOD_ASSIGN/ADD_ASSIGN/SUB_ASSIGN/LEFT_ASSIGN/RIGHT_ASSIGN/AND_ASSIGN/XOR_ASSIGN/OR_ASSIGN/'('/')'/'['/'.'/','/'&'/'*'/'+'/'-'/'/'/'%'/'<'/'>'/'^'/'|'/'='/'?'
    16 expression -> • SIZEOF expression, PTR_OP/INC_OP/DEC_OP/LEFT_OP/RIGHT_OP/LE_OP/GE_OP/EQ_OP/NE_OP/AND_OP/OR_OP/MUL_ASSIGN/DIV_ASSIGN/MOD_ASSIGN/ADD_ASSIGN/SUB_ASSIGN/LEFT_ASSIGN/RIGHT_ASSIGN/AND_ASSIGN/XOR_ASSIGN/OR_ASSIGN/'('/')'/'['/'.'/','/'&'/'*'/'+'/'-'/'/'/'%'/'<'/'>'/'^'/'|'/'='/'?'
    17 expression -> • SIZEOF '(' type_name ')', PTR_OP/INC_OP/DEC_OP/LEFT_OP/RIGHT_OP/LE_OP/GE_OP/EQ_OP/NE_OP/AND_OP/OR_OP/MUL_ASSIGN/DIV_ASSIGN/MOD_ASSIGN/ADD_ASSIGN/SUB_ASSIGN/LEFT_ASSIGN/RIGHT_ASSIGN/AND_ASSIGN/XOR_ASSIGN/OR_ASSIGN/'('/')'/'['/'.'/','/'&'/'*'/'+'/'-'/'/'/'%'/'<'/'>'/'^'/'|'/'='/'?'
    18 expression -> • '(' type_name ')' expression, PTR_OP/INC_OP/DEC_OP/LEFT_OP/RIGHT_OP/LE_OP/GE_OP/EQ_OP/NE_OP/AND_OP/OR_OP/MUL_ASSIGN/DIV_ASSIGN/MOD_ASSIGN/ADD_ASSIGN/SUB_ASSIGN/LEFT_ASSIGN/RIGHT_ASSIGN/AND_ASSIGN/XOR_ASSIGN/OR_ASSIGN/'('/')'/'['/'.'/','/'&'/'*'/'+'/'-'/'/'/'%'/'<'/'>'/'^'/'|'/'='/'?'
    18 expression -> '(' • type_name ')' expression, yyeof/PTR_OP/INC_OP/DEC_OP/LEFT_OP/RIGHT_OP/LE_OP/GE_OP/EQ_OP/NE_OP/AND_OP/OR_OP/MUL_ASSIGN/DIV_ASSIGN/MOD_ASSIGN/ADD_ASSIGN/SUB_ASSIGN/LEFT_ASSIGN/RIGHT_ASSIGN/AND_ASSIGN/XOR_ASSIGN/OR_ASSIGN/'('/')'/'['/']'/'.'/','/'&'/'*'/'+'/'-'/'/'/'%'/'<'/'>'/'^'/'|'/'='/'?'/':'
    19 expression -> • '&' expression, PTR_OP/INC_OP/DEC_OP/LEFT_OP/RIGHT_OP/LE_OP/GE_OP/EQ_OP/NE_OP/AND_OP/OR_OP/MUL_ASSIGN/DIV_ASSIGN/MOD_ASSIGN/ADD_ASSIGN/SUB_ASSIGN/LEFT_ASSIGN/RIGHT_ASSIGN/AND_ASSIGN/XOR_ASSIGN/OR_ASSIGN/'('/')'/'['/'.'/','/'&'/'*'/'+'/'-'/'/'/'%'/'<'/'>'/'^'/'|'/'='/'?'
    20 expression -> • '*' expression, PTR_OP/INC_OP/DEC_OP/LEFT_OP/RIGHT_OP/LE_OP/GE_OP/EQ_OP/NE_OP/AND_OP/OR_OP/MUL_ASSIGN/DIV_ASSIGN/MOD_ASSIGN/ADD_ASSIGN/SUB_ASSIGN/LEFT_ASSIGN/RIGHT_ASSIGN/AND_ASSIGN/XOR_ASSIGN/OR_ASSIGN/'('/')'/'['/'.'/','/'&'/'*'/'+'/'-'/'/'/'%'/'<'/'>'/'^'/'|'/'='/'?'
    21 expression -> • '+' expression, PTR_OP/INC_OP/DEC_OP/LEFT_OP/RIGHT_OP/LE_OP/GE_OP/EQ_OP/NE_OP/AND_OP/OR_OP/MUL_ASSIGN/DIV_ASSIGN/MOD_ASSIGN/ADD_ASSIGN/SUB_ASSIGN/LEFT_ASSIGN/RIGHT_ASSIGN/AND_ASSIGN/XOR_ASSIGN/OR_ASSIGN/'('/')'/'['/'.'/','/'&'/'*'/'+'/'-'/'/'/'%'/'<'/'>'/'^'/'|'/'='/'?'
    22 expression -> • '-' expression, PTR_OP/INC_OP/DEC_OP/LEFT_OP/RIGHT_OP/LE_OP/GE_OP/EQ_OP/NE_OP/AND_OP/OR_OP/MUL_ASSIGN/DIV_ASSIGN/MOD_ASSIGN/ADD_ASSIGN/SUB_ASSIGN/LEFT_ASSIGN/RIGHT_ASSIGN/AND_ASSIGN/XOR_ASSIGN/OR_ASSIGN/'('/')'/'['/'.'/','/'&'/'*'/'+'/'-'/'/'/'%'/'<'/'>'/'^'/'|'/'='/'?'
    23 expression -> • '~' expression, PTR_OP/INC_OP/DEC_OP/LEFT_OP/RIGHT_OP/LE_OP/GE_OP/EQ_OP/NE_OP/AND_OP/OR_OP/MUL_ASSIGN/DIV_ASSIGN/MOD_ASSIGN/ADD_ASSIGN/SUB_ASSIGN/LEFT_ASSIGN/RIGHT_ASSIGN/AND_ASSIGN/XOR_ASSIGN/OR_ASSIGN/'('/')'/'['/'.'/','/'&'/'*'/'+'/'-'/'/'/'%'/'<'/'>'/'^'/'|'/'='/'?'
    24 expression -> • '!' expression, PTR_OP/INC_OP/DEC_OP/LEFT_OP/RIGHT_OP/LE_OP/GE_OP/EQ_OP/NE_OP/AND_OP/OR_OP/MUL_ASSIGN/DIV_ASSIGN/MOD_ASSIGN/ADD_ASSIGN/SUB_ASSIGN/LEFT_ASSIGN/RIGHT_ASSIGN/AND_ASSIGN/XOR_ASSIGN/OR_ASSIGN/'('/')'/'['/'.'/','/'&'/'*'/'+'/'-'/'/'/'%'/'<'/'>'/'^'/'|'/'='/'?'
    25 expression -> • expression '+' expression, PTR_OP/INC_OP/DEC_OP/LEFT_OP/RIGHT_OP/LE_OP/GE_OP/EQ_OP/NE_OP/AND_OP/OR_OP/MUL_ASSIGN/DIV_ASSIGN/MOD_ASSIGN/ADD_ASSIGN/SUB_ASSIGN/LEFT_ASSIGN/RIGHT_ASSIGN/AND_ASSIGN/XOR_ASSIGN/OR_ASSIGN/'('/')'/'['/'.'/','/'&'/'*'/'+'/'-'/'/'/'%'/'<'/'>'/'^'/'|'/'='/'?'
    26 expression -> • expression '-' expression, PTR_OP/INC_OP/DEC_OP/LEFT_OP/RIGHT_OP/LE_OP/GE_OP/EQ_OP/NE_OP/AND_OP/OR_OP/MUL_ASSIGN/DIV_ASSIGN/MOD_ASSIGN/ADD_ASSIGN/SUB_ASSIGN/LEFT_ASSIGN/RIGHT_ASSIGN/AND_ASSIGN/XOR_ASSIGN/OR_ASSIGN/'('/')'/'['/'.'/','/'&'/'*'/'+'/'-'/'/'/'%'/'<'/'>'/'^'/'|'/'='/'?'
    27 expression -> • expression '*' expression, PTR_OP/INC_OP/DEC_OP/LEFT_OP/RIGHT_OP/LE_OP/GE_OP/EQ_OP/NE_OP/AND_OP/OR_OP/MUL_ASSIGN/DIV_ASSIGN/MOD_ASSIGN/ADD_ASSIGN/SUB_ASSIGN/LEFT_ASSIGN/RIGHT_ASSIGN/AND_ASSIGN/XOR_ASSIGN/OR_ASSIGN/'('/')'/'['/'.'/','/'&'/'*'/'+'/'-'/'/'/'%'/'<'/'>'/'^'/'|'/'='/'?'
    28 expression -> • expression '/' expression, PTR_OP/INC_OP/DEC_OP/LEFT_OP/RIGHT_OP/LE_OP/GE_OP/EQ_OP/NE_OP/AND_OP/OR_OP/MUL_ASSIGN/DIV_ASSIGN/MOD_ASSIGN/ADD_ASSIGN/SUB_ASSIGN/LEFT_ASSIGN/RIGHT_ASSIGN/AND_ASSIGN/XOR_ASSIGN/OR_ASSIGN/'('/')'/'['/'.'/','/'&'/'*'/'+'/'-'/'/'/'%'/'<'/'>'/'^'/'|'/'='/'?'
    29 expression -> • expression '%' expression, PTR_OP/INC_OP/DEC_OP/LEFT_OP/RIGHT_OP/LE_OP/GE_OP/EQ_OP/NE_OP/AND_OP/OR_OP/MUL_ASSIGN/DIV_ASSIGN/MOD_ASSIGN/ADD_ASSIGN/SUB_ASSIGN/LEFT_ASSIGN/RIGHT_ASSIGN/AND_ASSIGN/XOR_ASSIGN/OR_ASSIGN/'('/')'/'['/'.'/','/'&'/'*'/'+'/'-'/'/'/'%'/'<'/'>'/'^'/'|'/'='/'?'
    30 expression -> • expression LEFT_OP expression, PTR_OP/INC_OP/DEC_OP/LEFT_OP/RIGHT_OP/LE_OP/GE_OP/EQ_OP/NE_OP/AND_OP/OR_OP/MUL_ASSIGN/DIV_ASSIGN/MOD_ASSIGN/ADD_ASSIGN/SUB_ASSIGN/LEFT_ASSIGN/RIGHT_ASSIGN/AND_ASSIGN/XOR_ASSIGN/OR_ASSIGN/'('/')'/'['/'.'/','/'&'/'*'/'+'/'-'/'/'/'%'/'<'/'>'/'^'/'|'/'='/'?'
    31 expression -> • expression RIGHT_OP expression, PTR_OP/INC_OP/DEC_OP/LEFT_OP/RIGHT_OP/LE_OP/GE_OP/EQ_OP/NE_OP/AND_OP/OR_OP/MUL_ASSIGN/DIV_ASSIGN/MOD_ASSIGN/ADD_ASSIGN/SUB_ASSIGN/LEFT_ASSIGN/RIGHT_ASSIGN/AND_ASSIGN/XOR_ASSIGN/OR_ASSIGN/'('/')'/'['/'.'/','/'&'/'*'/'+'/'-'/'/'/'%'/'<'/'>'/'^'/'|'/'='/'?'
    32 expression -> • expression '<' expression, PTR_OP/INC_OP/DEC_OP/LEFT_OP/RIGHT_OP/LE_OP/GE_OP/EQ_OP/NE_OP/AND_OP/OR_OP/MUL_ASSIGN/DIV_ASSIGN/MOD_ASSIGN/ADD_ASSIGN/SUB_ASSIGN/LEFT_ASSIGN/RIGHT_ASSIGN/AND_ASSIGN/XOR_ASSIGN/OR_ASSIGN/'('/')'/'['/'.'/','/'&'/'*'/'+'/'-'/'/'/'%'/'<'/'>'/'^'/'|'/'='/'?'
    33 expression -> • expression '>' expression, PTR_OP/INC_OP/DEC_OP/LEFT_OP/RIGHT_OP/LE_OP/GE_OP/EQ_OP/NE_OP/AND_OP/OR_OP/MUL_ASSIGN/DIV_ASSIGN/MOD_ASSIGN/ADD_ASSIGN/SUB_ASSIGN/LEFT_ASSIGN/RIGHT_ASSIGN/AND_ASSIGN/XOR_ASSIGN/OR_ASSIGN/'('/')'/'['/'.'/','/'&'/'*'/'+'/'-'/'/'/'%'/'<'/'>'/'^'/'|'/'='/'?'
    34 expression -> • expression LE_OP expression, PTR_OP/INC_OP/DEC_OP/LEFT_OP/RIGHT_OP/LE_OP/GE_OP/EQ_OP/NE_OP/AND_OP/OR_OP/MUL_ASSIGN/DIV_ASSIGN/MOD_ASSIGN/ADD_ASSIGN/SUB_ASSIGN/LEFT_ASSIGN/RIGHT_ASSIGN/AND_ASSIGN/XOR_ASSIGN/OR_ASSIGN/'('/')'/'['/'.'/','/'&'/'*'/'+'/'-'/'/'/'%'/'<'/'>'/'^'/'|'/'='/'?'
    35 expression -> • expression GE_OP expression, PTR_OP/INC_OP/DEC_OP/LEFT_OP/RIGHT_OP/LE_OP/GE_OP/EQ_OP/NE_OP/AND_OP/OR_OP/MUL_ASSIGN/DIV_ASSIGN/MOD_ASSIGN/ADD_ASSIGN/SUB_ASSIGN/LEFT_ASSIGN/RIGHT_ASSIGN/AND_ASSIGN/XOR_ASSIGN/OR_ASSIGN/'('/')'/'['/'.'/','/'&'/'*'/'+'/'-'/'/'/'%'/'<'/'>'/'^'/'|'/'='/'?'
    36 expression -> • expression EQ_OP expression, PTR_OP/INC_OP/DEC_OP/LEFT_OP/RIGHT_OP/LE_OP/GE_OP/EQ_OP/NE_OP/AND_OP/OR_OP/MUL_ASSIGN/DIV_ASSIGN/MOD_ASSIGN/ADD_ASSIGN/SUB_ASSIGN/LEFT_ASSIGN/RIGHT_ASSIGN/AND_ASSIGN/XOR_ASSIGN/OR_ASSIGN/'('/')'/'['/'.'/','/'&'/'*'/'+'/'-'/'/'/'%'/'<'/'>'/'^'/'|'/'='/'?'
    37 expression -> • expression NE_OP expression, PTR_OP/INC_OP/DEC_OP/LEFT_OP/RIGHT_OP/LE_OP/GE_OP/EQ_OP/NE_OP/AND_OP/OR_OP/MUL_ASSIGN/DIV_ASSIGN/MOD_ASSIGN/ADD_ASSIGN/SUB_ASSIGN/LEFT_ASSIGN/RIGHT_ASSIGN/AND_ASSIGN/XOR_ASSIGN/OR_ASSIGN/'('/')'/'['/'.'/','/'&'/'*'/'+'/'-'/'/'/'%'/'<'/'>'/'^'/'|'/'='/'?'
    38 expression -> • expression '&' expression, PTR_OP/INC_OP/DEC_OP/LEFT_OP/RIGHT_OP/LE_OP/GE_OP/EQ_OP/NE_OP/AND_OP/OR_OP/MUL_ASSIGN/DIV_ASSIGN/MOD_ASSIGN/ADD_ASSIGN/SUB_ASSIGN/LEFT_ASSIGN/RIGHT_ASSIGN/AND_ASSIGN/XOR_ASSIGN/OR_ASSIGN/'('/')'/'['/'.'/','/'&'/'*'/'+'/'-'/'/'/'%'/'<'/'>'/'^'/'|'/'='/'?'
    39 expression -> • expression '^' expression, PTR_OP/INC_OP/DEC_OP/LEFT_OP/RIGHT_OP/LE_OP/GE_OP/EQ_OP/NE_OP/AND_OP/OR_OP/MUL_ASSIGN/DIV_ASSIGN/MOD_ASSIGN/ADD_ASSIGN/SUB_ASSIGN/LEFT_ASSIGN/RIGHT_ASSIGN/AND_ASSIGN/XOR_ASSIGN/OR_ASSIGN/'('/')'/'['/'.'/','/'&'/'*'/'+'/'-'/'/'/'%'/'<'/'>'/'^'/'|'/'='/'?'
    40 expression -> • expression '|' expression, PTR_OP/INC_OP/DEC_OP/LEFT_OP/RIGHT_OP/LE_OP/GE_OP/EQ_OP/NE_OP/AND_OP/OR_OP/MUL_ASSIGN/DIV_ASSIGN/MOD_ASSIGN/ADD_ASSIGN/SUB_ASSIGN/LEFT_ASSIGN/RIGHT_ASSIGN/AND_ASSIGN/XOR_ASSIGN/OR_ASSIGN/'('/')'/'['/'.'/','/'&'/'*'/'+'/'-'/'/'/'%'/'<'/'>'/'^'/'|'/'='/'?'
    41 expression -> • expression AND_OP expression, PTR_OP/INC_OP/DEC_OP/LEFT_OP/RIGHT_OP/LE_OP/GE_OP/EQ_OP/NE_OP/AND_OP/OR_OP/MUL_ASSIGN/DIV_ASSIGN/MOD_ASSIGN/ADD_ASSIGN/SUB_ASSIGN/LEFT_ASSIGN/RIGHT_ASSIGN/AND_ASSIGN/XOR_ASSIGN/OR_ASSIGN/'('/')'/'['/'.'/','/'&'/'*'/'+'/'-'/'/'/'%'/'<'/'>'/'^'/'|'/'='/'?'
    42 expression -> • expression OR_OP expression, PTR_OP/INC_OP/DEC_OP/LEFT_OP/RIGHT_OP/LE_OP/GE_OP/EQ_OP/NE_OP/AND_OP/OR_OP/MUL_ASSIGN/DIV_ASSIGN/MOD_ASSIGN/ADD_ASSIGN/SUB_ASSIGN/LEFT_ASSIGN/RIGHT_ASSIGN/AND_ASSIGN/XOR_ASSIGN/OR_ASSIGN/'('/')'/'['/'.'/','/'&'/'*'/'+'/'-'/'/'/'%'/'<'/'>'/'^'/'|'/'='/'?'
    43 expression -> • expression '=' expression, PTR_OP/INC_OP/DEC_OP/LEFT_OP/RIGHT_OP/LE_OP/GE_OP/EQ_OP/NE_OP/AND_OP/OR_OP/MUL_ASSIGN/DIV_ASSIGN/MOD_ASSIGN/ADD_ASSIGN/SUB_ASSIGN/LEFT_ASSIGN/RIGHT_ASSIGN/AND_ASSIGN/XOR_ASSIGN/OR_ASSIGN/'('/')'/'['/'.'/','/'&'/'*'/'+'/'-'/'/'/'%'/'<'/'>'/'^'/'|'/'='/'?'
    44 expression -> • expression MUL_ASSIGN expression, PTR_OP/INC_OP/DEC_OP/LEFT_OP/RIGHT_OP/LE_OP/GE_OP/EQ_OP/NE_OP/AND_OP/OR_OP/MUL_ASSIGN/DIV_ASSIGN/MOD_ASSIGN/ADD_ASSIGN/SUB_ASSIGN/LEFT_ASSIGN/RIGHT_ASSIGN/AND_ASSIGN/XOR_ASSIGN/OR_ASSIGN/'('/')'/'['/'.'/','/'&'/'*'/'+'/'-'/'/'/'%'/'<'/'>'/'^'/'|'/'='/'?'
    45 expression -> • expression DIV_ASSIGN expression, PTR_OP/INC_OP/DEC_OP/LEFT_OP/RIGHT_OP/LE_OP/GE_OP/EQ_OP/NE_OP/AND_OP/OR_OP/MUL_ASSIGN/DIV_ASSIGN/MOD_ASSIGN/ADD_ASSIGN/SUB_ASSIGN/LEFT_ASSIGN/RIGHT_ASSIGN/AND_ASSIGN/XOR_ASSIGN/OR_ASSIGN/'('/')'/'['/'.'/','/'&'/'*'/'+'/'-'/'/'/'%'/'<'/'>'/'^'/'|'/'='/'?'
    46 expression -> • expression MOD_ASSIGN expression, PTR_OP/INC_OP/DEC_OP/LEFT_OP/RIGHT_OP/LE_OP/GE_OP/EQ_OP/NE_OP/AND_OP/OR_OP/MUL_ASSIGN/DIV_ASSIGN/MOD_ASSIGN/ADD_ASSIGN/SUB_ASSIGN/LEFT_ASSIGN/RIGHT_ASSIGN/AND_ASSIGN/XOR_ASSIGN/OR_ASSIGN/'('/')'/'['/'.'/','/'&'/'*'/'+'/'-'/'/'/'%'/'<'/'>'/'^'/'|'/'='/'?'
    47 expression -> • expression ADD_ASSIGN expression, PTR_OP/INC_OP/DEC_OP/LEFT_OP/RIGHT_OP/LE_OP/GE_OP/EQ_OP/NE_OP/AND_OP/OR_OP/MUL_ASSIGN/DIV_ASSIGN/MOD_ASSIGN/ADD_ASSIGN/SUB_ASSIGN/LEFT_ASSIGN/RIGHT_ASSIGN/AND_ASSIGN/XOR_ASSIGN/OR_ASSIGN/'('/')'/'['/'.'/','/'&'/'*'/'+'/'-'/'/'/'%'/'<'/'>'/'^'/'|'/'='/'?'
    48 expression -> • expression SUB_ASSIGN expression, PTR_OP/INC_OP/DEC_OP/LEFT_OP/RIGHT_OP/LE_OP/GE_OP/EQ_OP/NE_OP/AND_OP/OR_OP/MUL_ASSIGN/DIV_ASSIGN/MOD_ASSIGN/ADD_ASSIGN/SUB_ASSIGN/LEFT_ASSIGN/RIGHT_ASSIGN/AND_ASSIGN/XOR_ASSIGN/OR_ASSIGN/'('/')'/'['/'.'/','/'&'/'*'/'+'/'-'/'/'/'%'/'<'/'>'/'^'/'|'/'='/'?'
    49 expression -> • expression LEFT_ASSIGN expression, PTR_OP/INC_OP/DEC_OP/LEFT_OP/RIGHT_OP/LE_OP/GE_OP/EQ_OP/NE_OP/AND_OP/OR_OP/MUL_ASSIGN/DIV_ASSIGN/MOD_ASSIGN/ADD_ASSIGN/SUB_ASSIGN/LEFT_ASSIGN/RIGHT_ASSIGN/AND_ASSIGN/XOR_ASSIGN/OR_ASSIGN/'('/')'/'['/'.'/','/'&'/'*'/'+'/'-'/'/'/'%'/'<'/'>'/'^'/'|'/'='/'?'
    50 expression -> • expression RIGHT_ASSIGN expression, PTR_OP/INC_OP/DEC_OP/LEFT_OP/RIGHT_OP/LE_OP/GE_OP/EQ_OP/NE_OP/AND_OP/OR_OP/MUL_ASSIGN/DIV_ASSIGN/MOD_ASSIGN/ADD_ASSIGN/SUB_ASSIGN/LEFT_ASSIGN/RIGHT_ASSIGN/AND_ASSIGN/XOR_ASSIGN/OR_ASSIGN/'('/')'/'['/'.'/','/'&'/'*'/'+'/'-'/'/'/'%'/'<'/'>'/'^'/'|'/'='/'?'
    51 expression -> • expression AND_ASSIGN expression, PTR_OP/INC_OP/DEC_OP/LEFT_OP/RIGHT_OP/LE_OP/GE_OP/EQ_OP/NE_OP/AND_OP/OR_OP/MUL_ASSIGN/DIV_ASSIGN/MOD_ASSIGN/ADD_ASSIGN/SUB_ASSIGN/LEFT_ASSIGN/RIGHT_ASSIGN/AND_ASSIGN/XOR_ASSIGN/OR_ASSIGN/'('/')'/'['/'.'/','/'&'/'*'/'+'/'-'/'/'/'%'/'<'/'>'/'^'/'|'/'='/'?'
    52 expression -> • expression XOR_ASSIGN expression, PTR_OP/INC_OP/DEC_OP/LEFT_OP/RIGHT_OP/LE_OP/GE_OP/EQ_OP/NE_OP/AND_OP/OR_OP/MUL_ASSIGN/DIV_ASSIGN/MOD_ASSIGN/ADD_ASSIGN/SUB_ASSIGN/LEFT_ASSIGN/RIGHT_ASSIGN/AND_ASSIGN/XOR_ASSIGN/OR_ASSIGN/'('/')'/'['/'.'/','/'&'/'*'/'+'/'-'/'/'/'%'/'<'/'>'/'^'/'|'/'='/'?'
    53 expression -> • expression OR_ASSIGN expression, PTR_OP/INC_OP/DEC_OP/LEFT_OP/RIGHT_OP/LE_OP/GE_OP/EQ_OP/NE_OP/AND_OP/OR_OP/MUL_ASSIGN/DIV_ASSIGN/MOD_ASSIGN/ADD_ASSIGN/SUB_ASSIGN/LEFT_ASSIGN/RIGHT_ASSIGN/AND_ASSIGN/XOR_ASSIGN/OR_ASSIGN/'('/')'/'['/'.'/','/'&'/'*'/'+'/'-'/'/'/'%'/'<'/'>'/'^'/'|'/'='/'?'
    54 expression -> • expression ',' expression, PTR_OP/INC_OP/DEC_OP/LEFT_OP/RIGHT_OP/LE_OP/GE_OP/EQ_OP/NE_OP/AND_OP/OR_OP/MUL_ASSIGN/DIV_ASSIGN/MOD_ASSIGN/ADD_ASSIGN/SUB_ASSIGN/LEFT_ASSIGN/RIGHT_ASSIGN/AND_ASSIGN/XOR_ASSIGN/OR_ASSIGN/'('/')'/'['/'.'/','/'&'/'*'/'+'/'-'/'/'/'%'/'<'/'>'/'^'/'|'/'='/'?'
    55 expression -> • expression '?' expression ':' expression, PTR_OP/INC_OP/DEC_OP/LEFT_OP/RIGHT_OP/LE_OP/GE_OP/EQ_OP/NE_OP/AND_OP/OR_OP/MUL_ASSIGN/DIV_ASSIGN/MOD_ASSIGN/ADD_ASSIGN/SUB_ASSIGN/LEFT_ASSIGN/RIGHT_ASSIGN/AND_ASSIGN/XOR_ASSIGN/OR_ASSIGN/'('/')'/'['/'.'/','/'&'/'*'/'+'/'-'/'/'/'%'/'<'/'>'/'^'/'|'/'='/'?'
    56 type_name ->•, ')'

    IDENTIFIER shift, and go to state 1
    STRING_LITERAL shift, and go to state 2
    CONSTANT shift, and go to state 3
    SIZEOF shift, and go to state 4
    INC_OP shift, and go to state 5
    DEC_OP shift, and go to state 6
    '(' shift, and go to state 9
    '&' shift, and go to state 10
    '*' shift, and go to state 11
    '+' shift, and go to state 12
    '-' shift, and go to state 13
    '~' shift, and go to state 14
    '!' shift, and go to state 15

    ')' reduce using rule 56 (type_name)

    expression go to state 57
    type_name go to state 58


State 10

    2 expression -> • IDENTIFIER, yyeof/PTR_OP/INC_OP/DEC_OP/LEFT_OP/RIGHT_OP/LE_OP/GE_OP/EQ_OP/NE_OP/AND_OP/OR_OP/MUL_ASSIGN/DIV_ASSIGN/MOD_ASSIGN/ADD_ASSIGN/SUB_ASSIGN/LEFT_ASSIGN/RIGHT_ASSIGN/AND_ASSIGN/XOR_ASSIGN/OR_ASSIGN/'('/')'/'['/']'/'.'/','/'&'/'*'/'+'/'-'/'/'/'%'/'<'/'>'/'^'/'|'/'='/'?'/':'
    3 expression -> • CONSTANT, yyeof/PTR_OP/INC_OP/DEC_OP/LEFT_OP/RIGHT_OP/LE_OP/GE_OP/EQ_OP/NE_OP/AND_OP/OR_OP/MUL_ASSIGN/DIV_ASSIGN/MOD_ASSIGN/ADD_ASSIGN/SUB_ASSIGN/LEFT_ASSIGN/RIGHT_ASSIGN/AND_ASSIGN/XOR_ASSIGN/OR_ASSIGN/'('/')'/'['/']'/'.'/','/'&'/'*'/'+'/'-'/'/'/'%'/'<'/'>'/'^'/'|'/'='/'?'/':'
    4 expression -> • STRING_LITERAL, yyeof/PTR_OP/INC_OP/DEC_OP/LEFT_OP/RIGHT_OP/LE_OP/GE_OP/EQ_OP/NE_OP/AND_OP/OR_OP/MUL_ASSIGN/DIV_ASSIGN/MOD_ASSIGN/ADD_ASSIGN/SUB_ASSIGN/LEFT_ASSIGN/RIGHT_ASSIGN/AND_ASSIGN/XOR_ASSIGN/OR_ASSIGN/'('/')'/'['/']'/'.'/','/'&'/'*'/'+'/'-'/'/'/'%'/'<'/'>'/'^'/'|'/'='/'?'/':'
    5 expression -> • '(' expression ')', yyeof/PTR_OP/INC_OP/DEC_OP/LEFT_OP/RIGHT_OP/LE_OP/GE_OP/EQ_OP/NE_OP/AND_OP/OR_OP/MUL_ASSIGN/DIV_ASSIGN/MOD_ASSIGN/ADD_ASSIGN/SUB_ASSIGN/LEFT_ASSIGN/RIGHT_ASSIGN/AND_ASSIGN/XOR_ASSIGN/OR_ASSIGN/'('/')'/'['/']'/'.'/','/'&'/'*'/'+'/'-'/'/'/'%'/'<'/'>'/'^'/'|'/'='/'?'/':'
    6 expression -> • expression '[' expression ']', yyeof/PTR_OP/INC_OP/DEC_OP/LEFT_OP/RIGHT_OP/LE_OP/GE_OP/EQ_OP/NE_OP/AND_OP/OR_OP/MUL_ASSIGN/DIV_ASSIGN/MOD_ASSIGN/ADD_ASSIGN/SUB_ASSIGN/LEFT_ASSIGN/RIGHT_ASSIGN/AND_ASSIGN/XOR_ASSIGN/OR_ASSIGN/'('/')'/'['/']'/'.'/','/'&'/'*'/'+'/'-'/'/'/'%'/'<'/'>'/'^'/'|'/'='/'?'/':'
    7 expression -> • expression '(' ')', yyeof/PTR_OP/INC_OP/DEC_OP/LEFT_OP/RIGHT_OP/LE_OP/GE_OP/EQ_OP/NE_OP/AND_OP/OR_OP/MUL_ASSIGN/DIV_ASSIGN/MOD_ASSIGN/ADD_ASSIGN/SUB_ASSIGN/LEFT_ASSIGN/RIGHT_ASSIGN/AND_ASSIGN/XOR_ASSIGN/OR_ASSIGN/'('/')'/'['/']'/'.'/','/'&'/'*'/'+'/'-'/'/'/'%'/'<'/'>'/'^'/'|'/'='/'?'/':'
    8 expression -> • expression '(' expression ')', yyeof/PTR_OP/INC_OP/DEC_OP/LEFT_OP/RIGHT_OP/LE_OP/GE_OP/EQ_OP/NE_OP/AND_OP/OR_OP/MUL_ASSIGN/DIV_ASSIGN/MOD_ASSIGN/ADD_ASSIGN/SUB_ASSIGN/LEFT_ASSIGN/RIGHT_ASSIGN/AND_ASSIGN/XOR_ASSIGN/OR_ASSIGN/'('/')'/'['/']'/'.'/','/'&'/'*'/'+'/'-'/'/'/'%'/'<'/'>'/'^'/'|'/'='/'?'/':'
    9 expression -> • expression '.' IDENTIFIER, yyeof/PTR_OP/INC_OP/DEC_OP/LEFT_OP/RIGHT_OP/LE_OP/GE_OP/EQ_OP/NE_OP/AND_OP/OR_OP/MUL_ASSIGN/DIV_ASSIGN/MOD_ASSIGN/ADD_ASSIGN/SUB_ASSIGN/LEFT_ASSIGN/RIGHT_ASSIGN/AND_ASSIGN/XOR_ASSIGN/OR_ASSIGN/'('/')'/'['/']'/'.'/','/'&'/'*'/'+'/'-'/'/'/'%'/'<'/'>'/'^'/'|'/'='/'?'/':'
    10 expression -> • expression PTR_OP IDENTIFIER, yyeof/PTR_OP/INC_OP/DEC_OP/LEFT_OP/RIGHT_OP/LE_OP/GE_OP/EQ_OP/NE_OP/AND_OP/OR_OP/MUL_ASSIGN/DIV_ASSIGN/MOD_ASSIGN/ADD_ASSIGN/SUB_ASSIGN/LEFT_ASSIGN/RIGHT_ASSIGN/AND_ASSIGN/XOR_ASSIGN/OR_ASSIGN/'('/')'/'['/']'/'.'/','/'&'/'*'/'+'/'-'/'/'/'%'/'<'/'>'/'^'/'|'/'='/'?'/':'
    11 expression -> • expression INC_OP, yyeof/PTR_OP/INC_OP/DEC_OP/LEFT_OP/RIGHT_OP/LE_OP/GE_OP/EQ_OP/NE_OP/AND_OP/OR_OP/MUL_ASSIGN/DIV_ASSIGN/MOD_ASSIGN/ADD_ASSIGN/SUB_ASSIGN/LEFT_ASSIGN/RIGHT_ASSIGN/AND_ASSIGN/XOR_ASSIGN/OR_ASSIGN/'('/')'/'['/']'/'.'/','/'&'/'*'/'+'/'-'/'/'/'%'/'<'/'>'/'^'/'|'/'='/'?'/':'
    12 expression -> • expression DEC_OP, yyeof/PTR_OP/INC_OP/DEC_OP/LEFT_OP/RIGHT_OP/LE_OP/GE_OP/EQ_OP/NE_OP/AND_OP/OR_OP/MUL_ASSIGN/DIV_ASSIGN/MOD_ASSIGN/ADD_ASSIGN/SUB_ASSIGN/LEFT_ASSIGN/RIGHT_ASSIGN/AND_ASSIGN/XOR_ASSIGN/OR_ASSIGN/'('/')'/'['/']'/'.'/','/'&'/'*'/'+'/'-'/'/'/'%'/'<'/'>'/'^'/'|'/'='/'?'/':'
    13 expression -> • expression ',' expression, yyeof/PTR_OP/INC_OP/DEC_OP/LEFT_OP/RIGHT_OP/LE_OP/GE_OP/EQ_OP/NE_OP/AND_OP/OR_OP/MUL_ASSIGN/DIV_ASSIGN/MOD_ASSIGN/ADD_ASSIGN/SUB_ASSIGN/LEFT_ASSIGN/RIGHT_ASSIGN/AND_ASSIGN/XOR_ASSIGN/OR_ASSIGN/'('/')'/'['/']'/'.'/','/'&'/'*'/'+'/'-'/'/'/'%'/'<'/'>'/'^'/'|'/'='/'?'/':'
    14 expression -> • INC_OP expression, yyeof/PTR_OP/INC_OP/DEC_OP/LEFT_OP/RIGHT_OP/LE_OP/GE_OP/EQ_OP/NE_OP/AND_OP/OR_OP/MUL_ASSIGN/DIV_ASSIGN/MOD_ASSIGN/ADD_ASSIGN/SUB_ASSIGN/LEFT_ASSIGN/RIGHT_ASSIGN/AND_ASSIGN/XOR_ASSIGN/OR_ASSIGN/'('/')'/'['/']'/'.'/','/'&'/'*'/'+'/'-'/'/'/'%'/'<'/'>'/'^'/'|'/'='/'?'/':'
    15 expression -> • DEC_OP expression, yyeof/PTR_OP/INC_OP/DEC_OP/LEFT_OP/RIGHT_OP/LE_OP/GE_OP/EQ_OP/NE_OP/AND_OP/OR_OP/MUL_ASSIGN/DIV_ASSIGN/MOD_ASSIGN/ADD_ASSIGN/SUB_ASSIGN/LEFT_ASSIGN/RIGHT_ASSIGN/AND_ASSIGN/XOR_ASSIGN/OR_ASSIGN/'('/')'/'['/']'/'.'/','/'&'/'*'/'+'/'-'/'/'/'%'/'<'/'>'/'^'/'|'/'='/'?'/':'
    16 expression -> • SIZEOF expression, yyeof/PTR_OP/INC_OP/DEC_OP/LEFT_OP/RIGHT_OP/LE_OP/GE_OP/EQ_OP/NE_OP/AND_OP/OR_OP/MUL_ASSIGN/DIV_ASSIGN/MOD_ASSIGN/ADD_ASSIGN/SUB_ASSIGN/LEFT_ASSIGN/RIGHT_ASSIGN/AND_ASSIGN/XOR_ASSIGN/OR_ASSIGN/'('/')'/'['/']'/'.'/','/'&'/'*'/'+'/'-'/'/'/'%'/'<'/'>'/'^'/'|'/'='/'?'/':'
    17 expression -> • SIZEOF '(' type_name ')', yyeof/PTR_OP/INC_OP/DEC_OP/LEFT_OP/RIGHT_OP/LE_OP/GE_OP/EQ_OP/NE_OP/AND_OP/OR_OP/MUL_ASSIGN/DIV_ASSIGN/MOD_ASSIGN/ADD_ASSIGN/SUB_ASSIGN/LEFT_ASSIGN/RIGHT_ASSIGN/AND_ASSIGN/XOR_ASSIGN/OR_ASSIGN/'('/')'/'['/']'/'.'/','/'&'/'*'/'+'/'-'/'/'/'%'/'<'/'>'/'^'/'|'/'='/'?'/':'
    18 expression -> • '(' type_name ')' expression, yyeof/PTR_OP/INC_OP/DEC_OP/LEFT_OP/RIGHT_OP/LE_OP/GE_OP/EQ_OP/NE_OP/AND_OP/OR_OP/MUL_ASSIGN/DIV_ASSIGN/MOD_ASSIGN/ADD_ASSIGN/SUB_ASSIGN/LEFT_ASSIGN/RIGHT_ASSIGN/AND_ASSIGN/XOR_ASSIGN/OR_ASSIGN/'('/')'/'['/']'/'.'/','/'&'/'*'/'+'/'-'/'/'/'%'/'<'/'>'/'^'/'|'/'='/'?'/':'
    19 expression -> • '&' expression, yyeof/PTR_OP/INC_OP/DEC_OP/LEFT_OP/RIGHT_OP/LE_OP/GE_OP/EQ_OP/NE_OP/AND_OP/OR_OP/MUL_ASSIGN/DIV_ASSIGN/MOD_ASSIGN/ADD_ASSIGN/SUB_ASSIGN/LEFT_ASSIGN/RIGHT_ASSIGN/AND_ASSIGN/XOR_ASSIGN/OR_ASSIGN/'('/')'/'['/']'/'.'/','/'&'/'*'/'+'/'-'/'/'/'%'/'<'/'>'/'^'/'|'/'='/'?'/':'
    19 expression -> '&' • expression, yyeof/PTR_OP/INC_OP/DEC_OP/LEFT_OP/RIGHT_OP/LE_OP/GE_OP/EQ_OP/NE_OP/AND_OP/OR_OP/MUL_ASSIGN/DIV_ASSIGN/MOD_ASSIGN/ADD_ASSIGN/SUB_ASSIGN/LEFT_ASSIGN/RIGHT_ASSIGN/AND_ASSIGN/XOR_ASSIGN/OR_ASSIGN/'('/')'/'['/']'/'.'/','/'&'/'*'/'+'/'-'/'/'/'%'/'<'/'>'/'^'/'|'/'='/'?'/':'
    20 expression -> • '*' expression, yyeof/PTR_OP/INC_OP/DEC_OP/LEFT_OP/RIGHT_OP/LE_OP/GE_OP/EQ_OP/NE_OP/AND_OP/OR_OP/MUL_ASSIGN/DIV_ASSIGN/MOD_ASSIGN/ADD_ASSIGN/SUB_ASSIGN/LEFT_ASSIGN/RIGHT_ASSIGN/AND_ASSIGN/XOR_ASSIGN/OR_ASSIGN/'('/')'/'['/']'/'.'/','/'&'/'*'/'+'/'-'/'/'/'%'/'<'/'>'/'^'/'|'/'='/'?'/':'
    21 expression -> • '+' expression, yyeof/PTR_OP/INC_OP/DEC_OP/LEFT_OP/RIGHT_OP/LE_OP/GE_OP/EQ_OP/NE_OP/AND_OP/OR_OP/MUL_ASSIGN/DIV_ASSIGN/MOD_ASSIGN/ADD_ASSIGN/SUB_ASSIGN/LEFT_ASSIGN/RIGHT_ASSIGN/AND_ASSIGN/XOR_ASSIGN/OR_ASSIGN/'('/')'/'['/']'/'.'/','/'&'/'*'/'+'/'-'/'/'/'%'/'<'/'>'/'^'/'|'/'='/'?'/':'
    22 expression -> • '-' expression, yyeof/PTR_OP/INC_OP/DEC_OP/LEFT_OP/RIGHT_OP/LE_OP/GE_OP/EQ_OP/NE_OP/AND_OP/OR_OP/MUL_ASSIGN/DIV_ASSIGN/MOD_ASSIGN/ADD_ASSIGN/SUB_ASSIGN/LEFT_ASSIGN/RIGHT_ASSIGN/AND_ASSIGN/XOR_ASSIGN/OR_ASSIGN/'('/')'/'['/']'/'.'/','/'&'/'*'/'+'/'-'/'/'/'%'/'<'/'>'/'^'/'|'/'='/'?'/':'
    23 expression -> • '~' expression, yyeof/PTR_OP/INC_OP/DEC_OP/LEFT_OP/RIGHT_OP/LE_OP/GE_OP/EQ_OP/NE_OP/AND_OP/OR_OP/MUL_ASSIGN/DIV_ASSIGN/MOD_ASSIGN/ADD_ASSIGN/SUB_ASSIGN/LEFT_ASSIGN/RIGHT_ASSIGN/AND_ASSIGN/XOR_ASSIGN/OR_ASSIGN/'('/')'/'['/']'/'.'/','/'&'/'*'/'+'/'-'/'/'/'%'/'<'/'>'/'^'/'|'/'='/'?'/':'
    24 expression -> • '!' expression, yyeof/PTR_OP/INC_OP/DEC_OP/LEFT_OP/RIGHT_OP/LE_OP/GE_OP/EQ_OP/NE_OP/AND_OP/OR_OP/MUL_ASSIGN/DIV_ASSIGN/MOD_ASSIGN/ADD_ASSIGN/SUB_ASSIGN/LEFT_ASSIGN/RIGHT_ASSIGN/AND_ASSIGN/XOR_ASSIGN/OR_ASSIGN/'('/')'/'['/']'/'.'/','/'&'/'*'/'+'/'-'/'/'/'%'/'<'/'>'/'^'/'|'/'='/'?'/':'
    25 expression -> • expression '+' expression, yyeof/PTR_OP/INC_OP/DEC_OP/LEFT_OP/RIGHT_OP/LE_OP/GE_OP/EQ_OP/NE_OP/AND_OP/OR_OP/MUL_ASSIGN/DIV_ASSIGN/MOD_ASSIGN/ADD_ASSIGN/SUB_ASSIGN/LEFT_ASSIGN/RIGHT_ASSIGN/AND_ASSIGN/XOR_ASSIGN/OR_ASSIGN/'('/')'/'['/']'/'.'/','/'&'/'*'/'+'/'-'/'/'/'%'/'<'/'>'/'^'/'|'/'='/'?'/':'
    26 expression -> • expression '-' expression, yyeof/PTR_OP/INC_OP/DEC_OP/LEFT_OP/RIGHT_OP/LE_OP/GE_OP/EQ_OP/NE_OP/AND_OP/OR_OP/MUL_ASSIGN/DIV_ASSIGN/MOD_ASSIGN/ADD_ASSIGN/SUB_ASSIGN/LEFT_ASSIGN/RIGHT_ASSIGN/AND_ASSIGN/XOR_ASSIGN/OR_ASSIGN/'('/')'/'['/']'/'.'/','/'&'/'*'/'+'/'-'/'/'/'%'/'<'/'>'/'^'/'|'/'='/'?'/':'
    27 expression -> • expression '*' expression, yyeof/PTR_OP/INC_OP/DEC_OP/LEFT_OP/RIGHT_OP/LE_OP/GE_OP/EQ_OP/NE_OP/AND_OP/OR_OP/MUL_ASSIGN/DIV_ASSIGN/MOD_ASSIGN/ADD_ASSIGN/SUB_ASSIGN/LEFT_ASSIGN/RIGHT_ASSIGN/AND_ASSIGN/XOR_ASSIGN/OR_ASSIGN/'('/')'/'['/']'/'.'/','/'&'/'*'/'+'/'-'/'/'/'%'/'<'/'>'/'^'/'|'/'='/'?'/':'
    28 expression -> • expression '/' expression, yyeof/PTR_OP/INC_OP/DEC_OP/LEFT_OP/RIGHT_OP/LE_OP/GE_OP/EQ_OP/NE_OP/AND_OP/OR_OP/MUL_ASSIGN/DIV_ASSIGN/MOD_ASSIGN/ADD_ASSIGN/SUB_ASSIGN/LEFT_ASSIGN/RIGHT_ASSIGN/AND_ASSIGN/XOR_ASSIGN/OR_ASSIGN/'('/')'/'['/']'/'.'/','/'&'/'*'/'+'/'-'/'/'/'%'/'<'/'>'/'^'/'|'/'='/'?'/':'
    29 expression -> • expression '%' expression, yyeof/PTR_OP/INC_OP/DEC_OP/LEFT_OP/RIGHT_OP/LE_OP/GE_OP/EQ_OP/NE_OP/AND_OP/OR_OP/MUL_ASSIGN/DIV_ASSIGN/MOD_ASSIGN/ADD_ASSIGN/SUB_ASSIGN/LEFT_ASSIGN/RIGHT_ASSIGN/AND_ASSIGN/XOR_ASSIGN/OR_ASSIGN/'('/')'/'['/']'/'.'/','/'&'/'*'/'+'/'-'/'/'/'%'/'<'/'>'/'^'/'|'/'='/'?'/':'
    30 expression -> • expression LEFT_OP expression, yyeof/PTR_OP/INC_OP/DEC_OP/LEFT_OP/RIGHT_OP/LE_OP/GE_OP/EQ_OP/NE_OP/AND_OP/OR_OP/MUL_ASSIGN/DIV_ASSIGN/MOD_ASSIGN/ADD_ASSIGN/SUB_ASSIGN/LEFT_ASSIGN/RIGHT_ASSIGN/AND_ASSIGN/XOR_ASSIGN/OR_ASSIGN/'('/')'/'['/']'/'.'/','/'&'/'*'/'+'/'-'/'/'/'%'/'<'/'>'/'^'/'|'/'='/'?'/':'
    31 expression -> • expression RIGHT_OP expression, yyeof/PTR_OP/INC_OP/DEC_OP/LEFT_OP/RIGHT_OP/LE_OP/GE_OP/EQ_OP/NE_OP/AND_OP/OR_OP/MUL_ASSIGN/DIV_ASSIGN/MOD_ASSIGN/ADD_ASSIGN/SUB_ASSIGN/LEFT_ASSIGN/RIGHT_ASSIGN/AND_ASSIGN/XOR_ASSIGN/OR_ASSIGN/'('/')'/'['/']'/'.'/','/'&'/'*'/'+'/'-'/'/'/'%'/'<'/'>'/'^'/'|'/'='/'?'/':'
    32 expression -> • expression '<' expression, yyeof/PTR_OP/INC_OP/DEC_OP/LEFT_OP/RIGHT_OP/LE_OP/GE_OP/EQ_OP/NE_OP/AND_OP/OR_OP/MUL_ASSIGN/DIV_ASSIGN/MOD_ASSIGN/ADD_ASSIGN/SUB_ASSIGN/LEFT_ASSIGN/RIGHT_ASSIGN/AND_ASSIGN/XOR_ASSIGN/OR_ASSIGN/'('/')'/'['/']'/'.'/','/'&'/'*'/'+'/'-'/'/'/'%'/'<'/'>'/'^'/'|'/'='/'?'/':'
    33 expression -> • expression '>' expression, yyeof/PTR_OP/INC_OP/DEC_OP/LEFT_OP/RIGHT_OP/LE_OP/GE_OP/EQ_OP/NE_OP/AND_OP/OR_OP/MUL_ASSIGN/DIV_ASSIGN/MOD_ASSIGN/ADD_ASSIGN/SUB_ASSIGN/LEFT_ASSIGN/RIGHT_ASSIGN/AND_ASSIGN/XOR_ASSIGN/OR_ASSIGN/'('/')'/'['/']'/'.'/','/'&'/'*'/'+'/'-'/'/'/'%'/'<'/'>'/'^'/'|'/'='/'?'/':'
    34 expression -> • expression LE_OP expression, yyeof/PTR_OP/INC_OP/DEC_OP/LEFT_OP/RIGHT_OP/LE_OP/GE_OP/EQ_OP/NE_OP/AND_OP/OR_OP/MUL_ASSIGN/DIV_ASSIGN/MOD_ASSIGN/ADD_ASSIGN/SUB_ASSIGN/LEFT_ASSIGN/RIGHT_ASSIGN/AND_ASSIGN/XOR_ASSIGN/OR_ASSIGN/'('/')'/'['/']'/'.'/','/'&'/'*'/'+'/'-'/'/'/'%'/'<'/'>'/'^'/'|'/'='/'?'/':'
    35 expression -> • expression GE_OP expression, yyeof/PTR_OP/INC_OP/DEC_OP/LEFT_OP/RIGHT_OP/LE_OP/GE_OP/EQ_OP/NE_OP/AND_OP/OR_OP/MUL_ASSIGN/DIV_ASSIGN/MOD_ASSIGN/ADD_ASSIGN/SUB_ASSIGN/LEFT_ASSIGN/RIGHT_ASSIGN/AND_ASSIGN/XOR_ASSIGN/OR_ASSIGN/'('/')'/'['/']'/'.'/','/'&'/'*'/'+'/'-'/'/'/'%'/'<'/'>'/'^'/'|'/'='/'?'/':'
    36 expression -> • expression EQ_OP expression, yyeof/PTR_OP/INC_OP/DEC_OP/LEFT_OP/RIGHT_OP/LE_OP/GE_OP/EQ_OP/NE_OP/AND_OP/OR_OP/MUL_ASSIGN/DIV_ASSIGN/MOD_ASSIGN/ADD_ASSIGN/SUB_ASSIGN/LEFT_ASSIGN/RIGHT_ASSIGN/AND_ASSIGN/XOR_ASSIGN/OR_ASSIGN/'('/')'/'['/']'/'.'/','/'&'/'*'/'+'/'-'/'/'/'%'/'<'/'>'/'^'/'|'/'='/'?'/':'
    37 expression -> • expression NE_OP expression, yyeof/PTR_OP/INC_OP/DEC_OP/LEFT_OP/RIGHT_OP/LE_OP/GE_OP/EQ_OP/NE_OP/AND_OP/OR_OP/MUL_ASSIGN/DIV_ASSIGN/MOD_ASSIGN/ADD_ASSIGN/SUB_ASSIGN/LEFT_ASSIGN/RIGHT_ASSIGN/AND_ASSIGN/XOR_ASSIGN/OR_ASSIGN/'('/')'/'['/']'/'.'/','/'&'/'*'/'+'/'-'/'/'/'%'/'<'/'>'/'^'/'|'/'='/'?'/':'
    38 expression -> • expression '&' expression, yyeof/PTR_OP/INC_OP/DEC_OP/LEFT_OP/RIGHT_OP/LE_OP/GE_OP/EQ_OP/NE_OP/AND_OP/OR_OP/MUL_ASSIGN/DIV_ASSIGN/MOD_ASSIGN/ADD_ASSIGN/SUB_ASSIGN/LEFT_ASSIGN/RIGHT_ASSIGN/AND_ASSIGN/XOR_ASSIGN/OR_ASSIGN/'('/')'/'['/']'/'.'/','/'&'/'*'/'+'/'-'/'/'/'%'/'<'/'>'/'^'/'|'/'='/'?'/':'
    39 expression -> • expression '^' expression, yyeof/PTR_OP/INC_OP/DEC_OP/LEFT_OP/RIGHT_OP/LE_OP/GE_OP/EQ_OP/NE_OP/AND_OP/OR_OP/MUL_ASSIGN/DIV_ASSIGN/MOD_ASSIGN/ADD_ASSIGN/SUB_ASSIGN/LEFT_ASSIGN/RIGHT_ASSIGN/AND_ASSIGN/XOR_ASSIGN/OR_ASSIGN/'('/')'/'['/']'/'.'/','/'&'/'*'/'+'/'-'/'/'/'%'/'<'/'>'/'^'/'|'/'='/'?'/':'
    40 expression -> • expression '|' expression, yyeof/PTR_OP/INC_OP/DEC_OP/LEFT_OP/RIGHT_OP/LE_OP/GE_OP/EQ_OP/NE_OP/AND_OP/OR_OP/MUL_ASSIGN/DIV_ASSIGN/MOD_ASSIGN/ADD_ASSIGN/SUB_ASSIGN/LEFT_ASSIGN/RIGHT_ASSIGN/AND_ASSIGN/XOR_ASSIGN/OR_ASSIGN/'('/')'/'['/']'/'.'/','/'&'/'*'/'+'/'-'/'/'/'%'/'<'/'>'/'^'/'|'/'='/'?'/':'
    41 expression -> • expression AND_OP expression, yyeof/PTR_OP/INC_OP/DEC_OP/LEFT_OP/RIGHT_OP/LE_OP/GE_OP/EQ_OP/NE_OP/AND_OP/OR_OP/MUL_ASSIGN/DIV_ASSIGN/MOD_ASSIGN/ADD_ASSIGN/SUB_ASSIGN/LEFT_ASSIGN/RIGHT_ASSIGN/AND_ASSIGN/XOR_ASSIGN/OR_ASSIGN/'('/')'/'['/']'/'.'/','/'&'/'*'/'+'/'-'/'/'/'%'/'<'/'>'/'^'/'|'/'='/'?'/':'
    42 expression -> • expression OR_OP expression, yyeof/PTR_OP/INC_OP/DEC_OP/LEFT_OP/RIGHT_OP/LE_OP/GE_OP/EQ_OP/NE_OP/AND_OP/OR_OP/MUL_ASSIGN/DIV_ASSIGN/MOD_ASSIGN/ADD_ASSIGN/SUB_ASSIGN/LEFT_ASSIGN/RIGHT_ASSIGN/AND_ASSIGN/XOR_ASSIGN/OR_ASSIGN/'('/')'/'['/']'/'.'/','/'&'/'*'/'+'/'-'/'/'/'%'/'<'/'>'/'^'/'|'/'='/'?'/':'
    43 expression -> • expression '=' expression, yyeof/PTR_OP/INC_OP/DEC_OP/LEFT_OP/RIGHT_OP/LE_OP/GE_OP/EQ_OP/NE_OP/AND_OP/OR_OP/MUL_ASSIGN/DIV_ASSIGN/MOD_ASSIGN/ADD_ASSIGN/SUB_ASSIGN/LEFT_ASSIGN/RIGHT_ASSIGN/AND_ASSIGN/XOR_ASSIGN/OR_ASSIGN/'('/')'/'['/']'/'.'/','/'&'/'*'/'+'/'-'/'/'/'%'/'<'/'>'/'^'/'|'/'='/'?'/':'
    44 expression -> • expression MUL_ASSIGN expression, yyeof/PTR_OP/INC_OP/DEC_OP/LEFT_OP/RIGHT_OP/LE_OP/GE_OP/EQ_OP/NE_OP/AND_OP/OR_OP/MUL_ASSIGN/DIV_ASSIGN/MOD_ASSIGN/ADD_ASSIGN/SUB_ASSIGN/LEFT_ASSIGN/RIGHT_ASSIGN/AND_ASSIGN/XOR_ASSIGN/OR_ASSIGN/'('/')'/'['/']'/'.'/','/'&'/'*'/'+'/'-'/'/'/'%'/'<'/'>'/'^'/'|'/'='/'?'/':'
    45 expression -> • expression DIV_ASSIGN expression, yyeof/PTR_OP/INC_OP/DEC_OP/LEFT_OP/RIGHT_OP/LE_OP/GE_OP/EQ_OP/NE_OP/AND_OP/OR_OP/MUL_ASSIGN/DIV_ASSIGN/MOD_ASSIGN/ADD_ASSIGN/SUB_ASSIGN/LEFT_ASSIGN/RIGHT_ASSIGN/AND_ASSIGN/XOR_ASSIGN/OR_ASSIGN/'('/')'/'['/']'/'.'/','/'&'/'*'/'+'/'-'/'/'/'%'/'<'/'>'/'^'/'|'/'='/'?'/':'
    46 expression -> • expression MOD_ASSIGN expression, yyeof/PTR_OP/INC_OP/DEC_OP/LEFT_OP/RIGHT_OP/LE_OP/GE_OP/EQ_OP/NE_OP/AND_OP/OR_OP/MUL_ASSIGN/DIV_ASSIGN/MOD_ASSIGN/ADD_ASSIGN/SUB_ASSIGN/LEFT_ASSIGN/RIGHT_ASSIGN/AND_ASSIGN/XOR_ASSIGN/OR_ASSIGN/'('/')'/'['/']'/'.'/','/'&'/'*'/'+'/'-'/'/'/'%'/'<'/'>'/'^'/'|'/'='/'?'/':'
    47 expression -> • expression ADD_ASSIGN expression, yyeof/PTR_OP/INC_OP/DEC_OP/LEFT_OP/RIGHT_OP/LE_OP/GE_OP/EQ_OP/NE_OP/AND_OP/OR_OP/MUL_ASSIGN/DIV_ASSIGN/MOD_ASSIGN/ADD_ASSIGN/SUB_ASSIGN/LEFT_ASSIGN/RIGHT_ASSIGN/AND_ASSIGN/XOR_ASSIGN/OR_ASSIGN/'('/')'/'['/']'/'.'/','/'&'/'*'/'+'/'-'/'/'/'%'/'<'/'>'/'^'/'|'/'='/'?'/':'
    48 expression -> • expression SUB_ASSIGN expression, yyeof/PTR_OP/INC_OP/DEC_OP/LEFT_OP/RIGHT_OP/LE_OP/GE_OP/EQ_OP/NE_OP/AND_OP/OR_OP/MUL_ASSIGN/DIV_ASSIGN/MOD_ASSIGN/ADD_ASSIGN/SUB_ASSIGN/LEFT_ASSIGN/RIGHT_ASSIGN/AND_ASSIGN/XOR_ASSIGN/OR_ASSIGN/'('/')'/'['/']'/'.'/','/'&'/'*'/'+'/'-'/'/'/'%'/'<'/'>'/'^'/'|'/'='/'?'/':'
    49 expression -> • expression LEFT_ASSIGN expression, yyeof/PTR_OP/INC_OP/DEC_OP/LEFT_OP/RIGHT_OP/LE_OP/GE_OP/EQ_OP/NE_OP/AND_OP/OR_OP/MUL_ASSIGN/DIV_ASSIGN/MOD_ASSIGN/ADD_ASSIGN/SUB_ASSIGN/LEFT_ASSIGN/RIGHT_ASSIGN/AND_ASSIGN/XOR_ASSIGN/OR_ASSIGN/'('/')'/'['/']'/'.'/','/'&'/'*'/'+'/'-'/'/'/'%'/'<'/'>'/'^'/'|'/'='/'?'/':'
    50 expression -> • expression RIGHT_ASSIGN expression, yyeof/PTR_OP/INC_OP/DEC_OP/LEFT_OP/RIGHT_OP/LE_OP/GE_OP/EQ_OP/NE_OP/AND_OP/OR_OP/MUL_ASSIGN/DIV_ASSIGN/MOD_ASSIGN/ADD_ASSIGN/SUB_ASSIGN/LEFT_ASSIGN/RIGHT_ASSIGN/AND_ASSIGN/XOR_ASSIGN/OR_ASSIGN/'('/')'/'['/']'/'.'/','/'&'/'*'/'+'/'-'/'/'/'%'/'<'/'>'/'^'/'|'/'='/'?'/':'
    51 expression -> • expression AND_ASSIGN expression, yyeof/PTR_OP/INC_OP/DEC_OP/LEFT_OP/RIGHT_OP/LE_OP/GE_OP/EQ_OP/NE_OP/AND_OP/OR_OP/MUL_ASSIGN/DIV_ASSIGN/MOD_ASSIGN/ADD_ASSIGN/SUB_ASSIGN/LEFT_ASSIGN/RIGHT_ASSIGN/AND_ASSIGN/XOR_ASSIGN/OR_ASSIGN/'('/')'/'['/']'/'.'/','/'&'/'*'/'+'/'-'/'/'/'%'/'<'/'>'/'^'/'|'/'='/'?'/':'
    52 expression -> • expression XOR_ASSIGN expression, yyeof/PTR_OP/INC_OP/DEC_OP/LEFT_OP/RIGHT_OP/LE_OP/GE_OP/EQ_OP/NE_OP/AND_OP/OR_OP/MUL_ASSIGN/DIV_ASSIGN/MOD_ASSIGN/ADD_ASSIGN/SUB_ASSIGN/LEFT_ASSIGN/RIGHT_ASSIGN/AND_ASSIGN/XOR_ASSIGN/OR_ASSIGN/'('/')'/'['/']'/'.'/','/'&'/'*'/'+'/'-'/'/'/'%'/'<'/'>'/'^'/'|'/'='/'?'/':'
    53 expression -> • expression OR_ASSIGN expression, yyeof/PTR_OP/INC_OP/DEC_OP/LEFT_OP/RIGHT_OP/LE_OP/GE_OP/EQ_OP/NE_OP/AND_OP/OR_OP/MUL_ASSIGN/DIV_ASSIGN/MOD_ASSIGN/ADD_ASSIGN/SUB_ASSIGN/LEFT_ASSIGN/RIGHT_ASSIGN/AND_ASSIGN/XOR_ASSIGN/OR_ASSIGN/'('/')'/'['/']'/'.'/','/'&'/'*'/'+'/'-'/'/'/'%'/'<'/'>'/'^'/'|'/'='/'?'/':'
    54 expression -> • expression ',' expression, yyeof/PTR_OP/INC_OP/DEC_OP/LEFT_OP/RIGHT_OP/LE_OP/GE_OP/EQ_OP/NE_OP/AND_OP/OR_OP/MUL_ASSIGN/DIV_ASSIGN/MOD_ASSIGN/ADD_ASSIGN/SUB_ASSIGN/LEFT_ASSIGN/RIGHT_ASSIGN/AND_ASSIGN/XOR_ASSIGN/OR_ASSIGN/'('/')'/'['/']'/'.'/','/'&'/'*'/'+'/'-'/'/'/'%'/'<'/'>'/'^'/'|'/'='/'?'/':'
    55 expression -> • expression '?' expression ':' expression, yyeof/PTR_OP/INC_OP/DEC_OP/LEFT_OP/RIGHT_OP/LE_OP/GE_OP/EQ_OP/NE_OP/AND_OP/OR_OP/MUL_ASSIGN/DIV_ASSIGN/MOD_ASSIGN/ADD_ASSIGN/SUB_ASSIGN/LEFT_ASSIGN/RIGHT_ASSIGN/AND_ASSIGN/XOR_ASSIGN/OR_ASSIGN/'('/')'/'['/']'/'.'/','/'&'/'*'/'+'/'-'/'/'/'%'/'<'/'>'/'^'/'|'/'='/'?'/':'

    IDENTIFIER shift, and go to state 1
    STRING_LITERAL shift, and go to state 2
    CONSTANT shift, and go to state 3
    SIZEOF shift, and go to state 4
    INC_OP shift, and go to state 5
    DEC_OP shift, and go to state 6
    '(' shift, and go to state 9
    '&' shift, and go to state 10
    '*' shift, and go to state 11
    '+' shift, and go to state 12
    '-' shift, and go to state 13
    '~' shift, and go to state 14
    '!' shift, and go to state 15

    expression go to state 59


State 11

    2 expression -> • IDENTIFIER, yyeof/PTR_OP/INC_OP/DEC_OP/LEFT_OP/RIGHT_OP/LE_OP/GE_OP/EQ_OP/NE_OP/AND_OP/OR_OP/MUL_ASSIGN/DIV_ASSIGN/MOD_ASSIGN/ADD_ASSIGN/SUB_ASSIGN/LEFT_ASSIGN/RIGHT_ASSIGN/AND_ASSIGN/XOR_ASSIGN/OR_ASSIGN/'('/')'/'['/']'/'.'/','/'&'/'*'/'+'/'-'/'/'/'%'/'<'/'>'/'^'/'|'/'='/'?'/':'
    3 expression -> • CONSTANT, yyeof/PTR_OP/INC_OP/DEC_OP/LEFT_OP/RIGHT_OP/LE_OP/GE_OP/EQ_OP/NE_OP/AND_OP/OR_OP/MUL_ASSIGN/DIV_ASSIGN/MOD_ASSIGN/ADD_ASSIGN/SUB_ASSIGN/LEFT_ASSIGN/RIGHT_ASSIGN/AND_ASSIGN/XOR_ASSIGN/OR_ASSIGN/'('/')'/'['/']'/'.'/','/'&'/'*'/'+'/'-'/'/'/'%'/'<'/'>'/'^'/'|'/'='/'?'/':'
    4 expression -> • STRING_LITERAL, yyeof/PTR_OP/INC_OP/DEC_OP/LEFT_OP/RIGHT_OP/LE_OP/GE_OP/EQ_OP/NE_OP/AND_OP/OR_OP/MUL_ASSIGN/DIV_ASSIGN/MOD_ASSIGN/ADD_ASSIGN/SUB_ASSIGN/LEFT_ASSIGN/RIGHT_ASSIGN/AND_ASSIGN/XOR_ASSIGN/OR_ASSIGN/'('/')'/'['/']'/'.'/','/'&'/'*'/'+'/'-'/'/'/'%'/'<'/'>'/'^'/'|'/'='/'?'/':'
    5 expression -> • '(' expression ')', yyeof/PTR_OP/INC_OP/DEC_OP/LEFT_OP/RIGHT_OP/LE_OP/GE_OP/EQ_OP/NE_OP/AND_OP/OR_OP/MUL_ASSIGN/DIV_ASSIGN/MOD_ASSIGN/ADD_ASSIGN/SUB_ASSIGN/LEFT_ASSIGN/RIGHT_ASSIGN/AND_ASSIGN/XOR_ASSIGN/OR_ASSIGN/'('/')'/'['/']'/'.'/','/'&'/'*'/'+'/'-'/'/'/'%'/'<'/'>'/'^'/'|'/'='/'?'/':'
    6 expression -> • expression '[' expression ']', yyeof/PTR_OP/INC_OP/DEC_OP/LEFT_OP/RIGHT_OP/LE_OP/GE_OP/EQ_OP/NE_OP/AND_OP/OR_OP/MUL_ASSIGN/DIV_ASSIGN/MOD_ASSIGN/ADD_ASSIGN/SUB_ASSIGN/LEFT_ASSIGN/RIGHT_ASSIGN/AND_ASSIGN/XOR_ASSIGN/OR_ASSIGN/'('/')'/'['/']'/'.'/','/'&'/'*'/'+'/'-'/'/'/'%'/'<'/'>'/'^'/'|'/'='/'?'/':'
    7 expression -> • expression '(' ')', yyeof/PTR_OP/INC_OP/DEC_OP/LEFT_OP/RIGHT_OP/LE_OP/GE_OP/EQ_OP/NE_OP/AND_OP/OR_OP/MUL_ASSIGN/DIV_ASSIGN/MOD_ASSIGN/ADD_ASSIGN/SUB_ASSIGN/LEFT_ASSIGN/RIGHT_ASSIGN/AND_ASSIGN/XOR_ASSIGN/OR_ASSIGN/'('/')'/'['/']'/'.'/','/'&'/'*'/'+'/'-'/'/'/'%'/'<'/'>'/'^'/'|'/'='/'?'/':'
    8 expression -> • expression '(' expression ')', yyeof/PTR_OP/INC_OP/DEC_OP/LEFT_OP/RIGHT_OP/LE_OP/GE_OP/EQ_OP/NE_OP/AND_OP/OR_OP/MUL_ASSIGN/DIV_ASSIGN/MOD_ASSIGN/ADD_ASSIGN/SUB_ASSIGN/LEFT_ASSIGN/RIGHT_ASSIGN/AND_ASSIGN/XOR_ASSIGN/OR_ASSIGN/'('/')'/'['/']'/'.'/','/'&'/'*'/'+'/'-'/'/'/'%'/'<'/'>'/'^'/'|'/'='/'?'/':'
    9 expression -> • expression '.' IDENTIFIER, yyeof/PTR_OP/INC_OP/DEC_OP/LEFT_OP/RIGHT_OP/LE_OP/GE_OP/EQ_OP/NE_OP/AND_OP/OR_OP/MUL_ASSIGN/DIV_ASSIGN/MOD_ASSIGN/ADD_ASSIGN/SUB_ASSIGN/LEFT_ASSIGN/RIGHT_ASSIGN/AND_ASSIGN/XOR_ASSIGN/OR_ASSIGN/'('/')'/'['/']'/'.'/','/'&'/'*'/'+'/'-'/'/'/'%'/'<'/'>'/'^'/'|'/'='/'?'/':'
    10 expression -> • expression PTR_OP IDENTIFIER, yyeof/PTR_OP/INC_OP/DEC_OP/LEFT_OP/RIGHT_OP/LE_OP/GE_OP/EQ_OP/NE_OP/AND_OP/OR_OP/MUL_ASSIGN/DIV_ASSIGN/MOD_ASSIGN/ADD_ASSIGN/SUB_ASSIGN/LEFT_ASSIGN/RIGHT_ASSIGN/AND_ASSIGN/XOR_ASSIGN/OR_ASSIGN/'('/')'/'['/']'/'.'/','/'&'/'*'/'+'/'-'/'/'/'%'/'<'/'>'/'^'/'|'/'='/'?'/':'
    11 expression -> • expression INC_OP, yyeof/PTR_OP/INC_OP/DEC_OP/LEFT_OP/RIGHT_OP/LE_OP/GE_OP/EQ_OP/NE_OP/AND_OP/OR_OP/MUL_ASSIGN/DIV_ASSIGN/MOD_ASSIGN/ADD_ASSIGN/SUB_ASSIGN/LEFT_ASSIGN/RIGHT_ASSIGN/AND_ASSIGN/XOR_ASSIGN/OR_ASSIGN/'('/')'/'['/']'/'.'/','/'&'/'*'/'+'/'-'/'/'/'%'/'<'/'>'/'^'/'|'/'='/'?'/':'
    12 expression -> • expression DEC_OP, yyeof/PTR_OP/INC_OP/DEC_OP/LEFT_OP/RIGHT_OP/LE_OP/GE_OP/EQ_OP/NE_OP/AND_OP/OR_OP/MUL_ASSIGN/DIV_ASSIGN/MOD_ASSIGN/ADD_ASSIGN/SUB_ASSIGN/LEFT_ASSIGN/RIGHT_ASSIGN/AND_ASSIGN/XOR_ASSIGN/OR_ASSIGN/'('/')'/'['/']'/'.'/','/'&'/'*'/'+'/'-'/'/'/'%'/'<'/'>'/'^'/'|'/'='/'?'/':'
    13 expression -> • expression ',' expression, yyeof/PTR_OP/INC_OP/DEC_OP/LEFT_OP/RIGHT_OP/LE_OP/GE_OP/EQ_OP/NE_OP/AND_OP/OR_OP/MUL_ASSIGN/DIV_ASSIGN/MOD_ASSIGN/ADD_ASSIGN/SUB_ASSIGN/LEFT_ASSIGN/RIGHT_ASSIGN/AND_ASSIGN/XOR_ASSIGN/OR_ASSIGN/'('/')'/'['/']'/'.'/','/'&'/'*'/'+'/'-'/'/'/'%'/'<'/'>'/'^'/'|'/'='/'?'/':'
    14 expression -> • INC_OP expression, yyeof/PTR_OP/INC_OP/DEC_OP/LEFT_OP/RIGHT_OP/LE_OP/GE_OP/EQ_OP/NE_OP/AND_OP/OR_OP/MUL_ASSIGN/DIV_ASSIGN/MOD_ASSIGN/ADD_ASSIGN/SUB_ASSIGN/LEFT_ASSIGN/RIGHT_ASSIGN/AND_ASSIGN/XOR_ASSIGN/OR_ASSIGN/'('/')'/'['/']'/'.'/','/'&'/'*'/'+'/'-'/'/'/'%'/'<'/'>'/'^'/'|'/'='/'?'/':'
    15 expression -> • DEC_OP expression, yyeof/PTR_OP/INC_OP/DEC_OP/LEFT_OP/RIGHT_OP/LE_OP/GE_OP/EQ_OP/NE_OP/AND_OP/OR_OP/MUL_ASSIGN/DIV_ASSIGN/MOD_ASSIGN/ADD_ASSIGN/SUB_ASSIGN/LEFT_ASSIGN/RIGHT_ASSIGN/AND_ASSIGN/XOR_ASSIGN/OR_ASSIGN/'('/')'/'['/']'/'.'/','/'&'/'*'/'+'/'-'/'/'/'%'/'<'/'>'/'^'/'|'/'='/'?'/':'
    16 expression -> • SIZEOF expression, yyeof/PTR_OP/INC_OP/DEC_OP/LEFT_OP/RIGHT_OP/LE_OP/GE_OP/EQ_OP/NE_OP/AND_OP/OR_OP/MUL_ASSIGN/DIV_ASSIGN/MOD_ASSIGN/ADD_ASSIGN/SUB_ASSIGN/LEFT_ASSIGN/RIGHT_ASSIGN/AND_ASSIGN/XOR_ASSIGN/OR_ASSIGN/'('/')'/'['/']'/'.'/','/'&'/'*'/'+'/'-'/'/'/'%'/'<'/'>'/'^'/'|'/'='/'?'/':'
    17 expression -> • SIZEOF '(' type_name ')', yyeof/PTR_OP/INC_OP/DEC_OP/LEFT_OP/RIGHT_OP/LE_OP/GE_OP/EQ_OP/NE_OP/AND_OP/OR_OP/MUL_ASSIGN/DIV_ASSIGN/MOD_ASSIGN/ADD_ASSIGN/SUB_ASSIGN/LEFT_ASSIGN/RIGHT_ASSIGN/AND_ASSIGN/XOR_ASSIGN/OR_ASSIGN/'('/')'/'['/']'/'.'/','/'&'/'*'/'+'/'-'/'/'/'%'/'<'/'>'/'^'/'|'/'='/'?'/':'
    18 expression -> • '(' type_name ')' expression, yyeof/PTR_OP/INC_OP/DEC_OP/LEFT_OP/RIGHT_OP/LE_OP/GE_OP/EQ_OP/NE_OP/AND_OP/OR_OP/MUL_ASSIGN/DIV_ASSIGN/MOD_ASSIGN/ADD_ASSIGN/SUB_ASSIGN/LEFT_ASSIGN/RIGHT_ASSIGN/AND_ASSIGN/XOR_ASSIGN/OR_ASSIGN/'('/')'/'['/']'/'.'/','/'&'/'*'/'+'/'-'/'/'/'%'/'<'/'>'/'^'/'|'/'='/'?'/':'
    19 expression -> • '&' expression, yyeof/PTR_OP/INC_OP/DEC_OP/LEFT_OP/RIGHT_OP/LE_OP/GE_OP/EQ_OP/NE_OP/AND_OP/OR_OP/MUL_ASSIGN/DIV_ASSIGN/MOD_ASSIGN/ADD_ASSIGN/SUB_ASSIGN/LEFT_ASSIGN/RIGHT_ASSIGN/AND_ASSIGN/XOR_ASSIGN/OR_ASSIGN/'('/')'/'['/']'/'.'/','/'&'/'*'/'+'/'-'/'/'/'%'/'<'/'>'/'^'/'|'/'='/'?'/':'
    20 expression -> • '*' expression, yyeof/PTR_OP/INC_OP/DEC_OP/LEFT_OP/RIGHT_OP/LE_OP/GE_OP/EQ_OP/NE_OP/AND_OP/OR_OP/MUL_ASSIGN/DIV_ASSIGN/MOD_ASSIGN/ADD_ASSIGN/SUB_ASSIGN/LEFT_ASSIGN/RIGHT_ASSIGN/AND_ASSIGN/XOR_ASSIGN/OR_ASSIGN/'('/')'/'['/']'/'.'/','/'&'/'*'/'+'/'-'/'/'/'%'/'<'/'>'/'^'/'|'/'='/'?'/':'
    20 expression -> '*' • expression, yyeof/PTR_OP/INC_OP/DEC_OP/LEFT_OP/RIGHT_OP/LE_OP/GE_OP/EQ_OP/NE_OP/AND_OP/OR_OP/MUL_ASSIGN/DIV_ASSIGN/MOD_ASSIGN/ADD_ASSIGN/SUB_ASSIGN/LEFT_ASSIGN/RIGHT_ASSIGN/AND_ASSIGN/XOR_ASSIGN/OR_ASSIGN/'('/')'/'['/']'/'.'/','/'&'/'*'/'+'/'-'/'/'/'%'/'<'/'>'/'^'/'|'/'='/'?'/':'
    21 expression -> • '+' expression, yyeof/PTR_OP/INC_OP/DEC_OP/LEFT_OP/RIGHT_OP/LE_OP/GE_OP/EQ_OP/NE_OP/AND_OP/OR_OP/MUL_ASSIGN/DIV_ASSIGN/MOD_ASSIGN/ADD_ASSIGN/SUB_ASSIGN/LEFT_ASSIGN/RIGHT_ASSIGN/AND_ASSIGN/XOR_ASSIGN/OR_ASSIGN/'('/')'/'['/']'/'.'/','/'&'/'*'/'+'/'-'/'/'/'%'/'<'/'>'/'^'/'|'/'='/'?'/':'
    22 expression -> • '-' expression, yyeof/PTR_OP/INC_OP/DEC_OP/LEFT_OP/RIGHT_OP/LE_OP/GE_OP/EQ_OP/NE_OP/AND_OP/OR_OP/MUL_ASSIGN/DIV_ASSIGN/MOD_ASSIGN/ADD_ASSIGN/SUB_ASSIGN/LEFT_ASSIGN/RIGHT_ASSIGN/AND_ASSIGN/XOR_ASSIGN/OR_ASSIGN/'('/')'/'['/']'/'.'/','/'&'/'*'/'+'/'-'/'/'/'%'/'<'/'>'/'^'/'|'/'='/'?'/':'
    23 expression -> • '~' expression, yyeof/PTR_OP/INC_OP/DEC_OP/LEFT_OP/RIGHT_OP/LE_OP/GE_OP/EQ_OP/NE_OP/AND_OP/OR_OP/MUL_ASSIGN/DIV_ASSIGN/MOD_ASSIGN/ADD_ASSIGN/SUB_ASSIGN/LEFT_ASSIGN/RIGHT_ASSIGN/AND_ASSIGN/XOR_ASSIGN/OR_ASSIGN/'('/')'/'['/']'/'.'/','/'&'/'*'/'+'/'-'/'/'/'%'/'<'/'>'/'^'/'|'/'='/'?'/':'
    24 expression -> • '!' expression, yyeof/PTR_OP/INC_OP/DEC_OP/LEFT_OP/RIGHT_OP/LE_OP/GE_OP/EQ_OP/NE_OP/AND_OP/OR_OP/MUL_ASSIGN/DIV_ASSIGN/MOD_ASSIGN/ADD_ASSIGN/SUB_ASSIGN/LEFT_ASSIGN/RIGHT_ASSIGN/AND_ASSIGN/XOR_ASSIGN/OR_ASSIGN/'('/')'/'['/']'/'.'/','/'&'/'*'/'+'/'-'/'/'/'%'/'<'/'>'/'^'/'|'/'='/'?'/':'
    25 expression -> • expression '+' expression, yyeof/PTR_OP/INC_OP/DEC_OP/LEFT_OP/RIGHT_OP/LE_OP/GE_OP/EQ_OP/NE_OP/AND_OP/OR_OP/MUL_ASSIGN/DIV_ASSIGN/MOD_ASSIGN/ADD_ASSIGN/SUB_ASSIGN/LEFT_ASSIGN/RIGHT_ASSIGN/AND_ASSIGN/XOR_ASSIGN/OR_ASSIGN/'('/')'/'['/']'/'.'/','/'&'/'*'/'+'/'-'/'/'/'%'/'<'/'>'/'^'/'|'/'='/'?'/':'
    26 expression -> • expression '-' expression, yyeof/PTR_OP/INC_OP/DEC_OP/LEFT_OP/RIGHT_OP/LE_OP/GE_OP/EQ_OP/NE_OP/AND_OP/OR_OP/MUL_ASSIGN/DIV_ASSIGN/MOD_ASSIGN/ADD_ASSIGN/SUB_ASSIGN/LEFT_ASSIGN/RIGHT_ASSIGN/AND_ASSIGN/XOR_ASSIGN/OR_ASSIGN/'('/')'/'['/']'/'.'/','/'&'/'*'/'+'/'-'/'/'/'%'/'<'/'>'/'^'/'|'/'='/'?'/':'
    27 expression -> • expression '*' expression, yyeof/PTR_OP/INC_OP/DEC_OP/LEFT_OP/RIGHT_OP/LE_OP/GE_OP/EQ_OP/NE_OP/AND_OP/OR_OP/MUL_ASSIGN/DIV_ASSIGN/MOD_ASSIGN/ADD_ASSIGN/SUB_ASSIGN/LEFT_ASSIGN/RIGHT_ASSIGN/AND_ASSIGN/XOR_ASSIGN/OR_ASSIGN/'('/')'/'['/']'/'.'/','/'&'/'*'/'+'/'-'/'/'/'%'/'<'/'>'/'^'/'|'/'='/'?'/':'
    28 expression -> • expression '/' expression, yyeof/PTR_OP/INC_OP/DEC_OP/LEFT_OP/RIGHT_OP/LE_OP/GE_OP/EQ_OP/NE_OP/AND_OP/OR_OP/MUL_ASSIGN/DIV_ASSIGN/MOD_ASSIGN/ADD_ASSIGN/SUB_ASSIGN/LEFT_ASSIGN/RIGHT_ASSIGN/AND_ASSIGN/XOR_ASSIGN/OR_ASSIGN/'('/')'/'['/']'/'.'/','/'&'/'*'/'+'/'-'/'/'/'%'/'<'/'>'/'^'/'|'/'='/'?'/':'
    29 expression -> • expression '%' expression, yyeof/PTR_OP/INC_OP/DEC_OP/LEFT_OP/RIGHT_OP/LE_OP/GE_OP/EQ_OP/NE_OP/AND_OP/OR_OP/MUL_ASSIGN/DIV_ASSIGN/MOD_ASSIGN/ADD_ASSIGN/SUB_ASSIGN/LEFT_ASSIGN/RIGHT_ASSIGN/AND_ASSIGN/XOR_ASSIGN/OR_ASSIGN/'('/')'/'['/']'/'.'/','/'&'/'*'/'+'/'-'/'/'/'%'/'<'/'>'/'^'/'|'/'='/'?'/':'
    30 expression -> • expression LEFT_OP expression, yyeof/PTR_OP/INC_OP/DEC_OP/LEFT_OP/RIGHT_OP/LE_OP/GE_OP/EQ_OP/NE_OP/AND_OP/OR_OP/MUL_ASSIGN/DIV_ASSIGN/MOD_ASSIGN/ADD_ASSIGN/SUB_ASSIGN/LEFT_ASSIGN/RIGHT_ASSIGN/AND_ASSIGN/XOR_ASSIGN/OR_ASSIGN/'('/')'/'['/']'/'.'/','/'&'/'*'/'+'/'-'/'/'/'%'/'<'/'>'/'^'/'|'/'='/'?'/':'
    31 expression -> • expression RIGHT_OP expression, yyeof/PTR_OP/INC_OP/DEC_OP/LEFT_OP/RIGHT_OP/LE_OP/GE_OP/EQ_OP/NE_OP/AND_OP/OR_OP/MUL_ASSIGN/DIV_ASSIGN/MOD_ASSIGN/ADD_ASSIGN/SUB_ASSIGN/LEFT_ASSIGN/RIGHT_ASSIGN/AND_ASSIGN/XOR_ASSIGN/OR_ASSIGN/'('/')'/'['/']'/'.'/','/'&'/'*'/'+'/'-'/'/'/'%'/'<'/'>'/'^'/'|'/'='/'?'/':'
    32 expression -> • expression '<' expression, yyeof/PTR_OP/INC_OP/DEC_OP/LEFT_OP/RIGHT_OP/LE_OP/GE_OP/EQ_OP/NE_OP/AND_OP/OR_OP/MUL_ASSIGN/DIV_ASSIGN/MOD_ASSIGN/ADD_ASSIGN/SUB_ASSIGN/LEFT_ASSIGN/RIGHT_ASSIGN/AND_ASSIGN/XOR_ASSIGN/OR_ASSIGN/'('/')'/'['/']'/'.'/','/'&'/'*'/'+'/'-'/'/'/'%'/'<'/'>'/'^'/'|'/'='/'?'/':'
    33 expression -> • expression '>' expression, yyeof/PTR_OP/INC_OP/DEC_OP/LEFT_OP/RIGHT_OP/LE_OP/GE_OP/EQ_OP/NE_OP/AND_OP/OR_OP/MUL_ASSIGN/DIV_ASSIGN/MOD_ASSIGN/ADD_ASSIGN/SUB_ASSIGN/LEFT_ASSIGN/RIGHT_ASSIGN/AND_ASSIGN/XOR_ASSIGN/OR_ASSIGN/'('/')'/'['/']'/'.'/','/'&'/'*'/'+'/'-'/'/'/'%'/'<'/'>'/'^'/'|'/'='/'?'/':'
    34 expression -> • expression LE_OP expression, yyeof/PTR_OP/INC_OP/DEC_OP/LEFT_OP/RIGHT_OP/LE_OP/GE_OP/EQ_OP/NE_OP/AND_OP/OR_OP/MUL_ASSIGN/DIV_ASSIGN/MOD_ASSIGN/ADD_ASSIGN/SUB_ASSIGN/LEFT_ASSIGN/RIGHT_ASSIGN/AND_ASSIGN/XOR_ASSIGN/OR_ASSIGN/'('/')'/'['/']'/'.'/','/'&'/'*'/'+'/'-'/'/'/'%'/'<'/'>'/'^'/'|'/'='/'?'/':'
    35 expression -> • expression GE_OP expression, yyeof/PTR_OP/INC_OP/DEC_OP/LEFT_OP/RIGHT_OP/LE_OP/GE_OP/EQ_OP/NE_OP/AND_OP/OR_OP/MUL_ASSIGN/DIV_ASSIGN/MOD_ASSIGN/ADD_ASSIGN/SUB_ASSIGN/LEFT_ASSIGN/RIGHT_ASSIGN/AND_ASSIGN/XOR_ASSIGN/OR_ASSIGN/'('/')'/'['/']'/'.'/','/'&'/'*'/'+'/'-'/'/'/'%'/'<'/'>'/'^'/'|'/'='/'?'/':'
    36 expression -> • expression EQ_OP expression, yyeof/PTR_OP/INC_OP/DEC_OP/LEFT_OP/RIGHT_OP/LE_OP/GE_OP/EQ_OP/NE_OP/AND_OP/OR_OP/MUL_ASSIGN/DIV_ASSIGN/MOD_ASSIGN/ADD_ASSIGN/SUB_ASSIGN/LEFT_ASSIGN/RIGHT_ASSIGN/AND_ASSIGN/XOR_ASSIGN/OR_ASSIGN/'('/')'/'['/']'/'.'/','/'&'/'*'/'+'/'-'/'/'/'%'/'<'/'>'/'^'/'|'/'='/'?'/':'
    37 expression -> • expression NE_OP expression, yyeof/PTR_OP/INC_OP/DEC_OP/LEFT_OP/RIGHT_OP/LE_OP/GE_OP/EQ_OP/NE_OP/AND_OP/OR_OP/MUL_ASSIGN/DIV_ASSIGN/MOD_ASSIGN/ADD_ASSIGN/SUB_ASSIGN/LEFT_ASSIGN/RIGHT_ASSIGN/AND_ASSIGN/XOR_ASSIGN/OR_ASSIGN/'('/')'/'['/']'/'.'/','/'&'/'*'/'+'/'-'/'/'/'%'/'<'/'>'/'^'/'|'/'='/'?'/':'
    38 expression -> • expression '&' expression, yyeof/PTR_OP/INC_OP/DEC_OP/LEFT_OP/RIGHT_OP/LE_OP/GE_OP/EQ_OP/NE_OP/AND_OP/OR_OP/MUL_ASSIGN/DIV_ASSIGN/MOD_ASSIGN/ADD_ASSIGN/SUB_ASSIGN/LEFT_ASSIGN/RIGHT_ASSIGN/AND_ASSIGN/XOR_ASSIGN/OR_ASSIGN/'('/')'/'['/']'/'.'/','/'&'/'*'/'+'/'-'/'/'/'%'/'<'/'>'/'^'/'|'/'='/'?'/':'
    39 expression -> • expression '^' expression, yyeof/PTR_OP/INC_OP/DEC_OP/LEFT_OP/RIGHT_OP/LE_OP/GE_OP/EQ_OP/NE_OP/AND_OP/OR_OP/MUL_ASSIGN/DIV_ASSIGN/MOD_ASSIGN/ADD_ASSIGN/SUB_ASSIGN/LEFT_ASSIGN/RIGHT_ASSIGN/AND_ASSIGN/XOR_ASSIGN/OR_ASSIGN/'('/')'/'['/']'/'.'/','/'&'/'*'/'+'/'-'/'/'/'%'/'<'/'>'/'^'/'|'/'='/'?'/':'
    40 expression -> • expression '|' expression, yyeof/PTR_OP/INC_OP/DEC_OP/LEFT_OP/RIGHT_OP/LE_OP/GE_OP/EQ_OP/NE_OP/AND_OP/OR_OP/MUL_ASSIGN/DIV_ASSIGN/MOD_ASSIGN/ADD_ASSIGN/SUB_ASSIGN/LEFT_ASSIGN/RIGHT_ASSIGN/AND_ASSIGN/XOR_ASSIGN/OR_ASSIGN/'('/')'/'['/']'/'.'/','/'&'/'*'/'+'/'-'/'/'/'%'/'<'/'>'/'^'/'|'/'='/'?'/':'
    41 expression -> • expression AND_OP expression, yyeof/PTR_OP/INC_OP/DEC_OP/LEFT_OP/RIGHT_OP/LE_OP/GE_OP/EQ_OP/NE_OP/AND_OP/OR_OP/MUL_ASSIGN/DIV_ASSIGN/MOD_ASSIGN/ADD_ASSIGN/SUB_ASSIGN/LEFT_ASSIGN/RIGHT_ASSIGN/AND_ASSIGN/XOR_ASSIGN/OR_ASSIGN/'('/')'/'['/']'/'.'/','/'&'/'*'/'+'/'-'/'/'/'%'/'<'/'>'/'^'/'|'/'='/'?'/':'
    42 expression -> • expression OR_OP expression, yyeof/PTR_OP/INC_OP/DEC_OP/LEFT_OP/RIGHT_OP/LE_OP/GE_OP/EQ_OP/NE_OP/AND_OP/OR_OP/MUL_ASSIGN/DIV_ASSIGN/MOD_ASSIGN/ADD_ASSIGN/SUB_ASSIGN/LEFT_ASSIGN/RIGHT_ASSIGN/AND_ASSIGN/XOR_ASSIGN/OR_ASSIGN/'('/')'/'['/']'/'.'/','/'&'/'*'/'+'/'-'/'/'/'%'/'<'/'>'/'^'/'|'/'='/'?'/':'
    43 expression -> • expression '=' expression, yyeof/PTR_OP/INC_OP/DEC_OP/LEFT_OP/RIGHT_OP/LE_OP/GE_OP/EQ_OP/NE_OP/AND_OP/OR_OP/MUL_ASSIGN/DIV_ASSIGN/MOD_ASSIGN/ADD_ASSIGN/SUB_ASSIGN/LEFT_ASSIGN/RIGHT_ASSIGN/AND_ASSIGN/XOR_ASSIGN/OR_ASSIGN/'('/')'/'['/']'/'.'/','/'&'/'*'/'+'/'-'/'/'/'%'/'<'/'>'/'^'/'|'/'='/'?'/':'
    44 expression -> • expression MUL_ASSIGN expression, yyeof/PTR_OP/INC_OP/DEC_OP/LEFT_OP/RIGHT_OP/LE_OP/GE_OP/EQ_OP/NE_OP/AND_OP/OR_OP/MUL_ASSIGN/DIV_ASSIGN/MOD_ASSIGN/ADD_ASSIGN/SUB_ASSIGN/LEFT_ASSIGN/RIGHT_ASSIGN/AND_ASSIGN/XOR_ASSIGN/OR_ASSIGN/'('/')'/'['/']'/'.'/','/'&'/'*'/'+'/'-'/'/'/'%'/'<'/'>'/'^'/'|'/'='/'?'/':'
    45 expression -> • expression DIV_ASSIGN expression, yyeof/PTR_OP/INC_OP/DEC_OP/LEFT_OP/RIGHT_OP/LE_OP/GE_OP/EQ_OP/NE_OP/AND_OP/OR_OP/MUL_ASSIGN/DIV_ASSIGN/MOD_ASSIGN/ADD_ASSIGN/SUB_ASSIGN/LEFT_ASSIGN/RIGHT_ASSIGN/AND_ASSIGN/XOR_ASSIGN/OR_ASSIGN/'('/')'/'['/']'/'.'/','/'&'/'*'/'+'/'-'/'/'/'%'/'<'/'>'/'^'/'|'/'='/'?'/':'
    46 expression -> • expression MOD_ASSIGN expression, yyeof/PTR_OP/INC_OP/DEC_OP/LEFT_OP/RIGHT_OP/LE_OP/GE_OP/EQ_OP/NE_OP/AND_OP/OR_OP/MUL_ASSIGN/DIV_ASSIGN/MOD_ASSIGN/ADD_ASSIGN/SUB_ASSIGN/LEFT_ASSIGN/RIGHT_ASSIGN/AND_ASSIGN/XOR_ASSIGN/OR_ASSIGN/'('/')'/'['/']'/'.'/','/'&'/'*'/'+'/'-'/'/'/'%'/'<'/'>'/'^'/'|'/'='/'?'/':'
    47 expression -> • expression ADD_ASSIGN expression, yyeof/PTR_OP/INC_OP/DEC_OP/LEFT_OP/RIGHT_OP/LE_OP/GE_OP/EQ_OP/NE_OP/AND_OP/OR_OP/MUL_ASSIGN/DIV_ASSIGN/MOD_ASSIGN/ADD_ASSIGN/SUB_ASSIGN/LEFT_ASSIGN/RIGHT_ASSIGN/AND_ASSIGN/XOR_ASSIGN/OR_ASSIGN/'('/')'/'['/']'/'.'/','/'&'/'*'/'+'/'-'/'/'/'%'/'<'/'>'/'^'/'|'/'='/'?'/':'
    48 expression -> • expression SUB_ASSIGN expression, yyeof/PTR_OP/INC_OP/DEC_OP/LEFT_OP/RIGHT_OP/LE_OP/GE_OP/EQ_OP/NE_OP/AND_OP/OR_OP/MUL_ASSIGN/DIV_ASSIGN/MOD_ASSIGN/ADD_ASSIGN/SUB_ASSIGN/LEFT_ASSIGN/RIGHT_ASSIGN/AND_ASSIGN/XOR_ASSIGN/OR_ASSIGN/'('/')'/'['/']'/'.'/','/'&'/'*'/'+'/'-'/'/'/'%'/'<'/'>'/'^'/'|'/'='/'?'/':'
    49 expression -> • expression LEFT_ASSIGN expression, yyeof/PTR_OP/INC_OP/DEC_OP/LEFT_OP/RIGHT_OP/LE_OP/GE_OP/EQ_OP/NE_OP/AND_OP/OR_OP/MUL_ASSIGN/DIV_ASSIGN/MOD_ASSIGN/ADD_ASSIGN/SUB_ASSIGN/LEFT_ASSIGN/RIGHT_ASSIGN/AND_ASSIGN/XOR_ASSIGN/OR_ASSIGN/'('/')'/'['/']'/'.'/','/'&'/'*'/'+'/'-'/'/'/'%'/'<'/'>'/'^'/'|'/'='/'?'/':'
    50 expression -> • expression RIGHT_ASSIGN expression, yyeof/PTR_OP/INC_OP/DEC_OP/LEFT_OP/RIGHT_OP/LE_OP/GE_OP/EQ_OP/NE_OP/AND_OP/OR_OP/MUL_ASSIGN/DIV_ASSIGN/MOD_ASSIGN/ADD_ASSIGN/SUB_ASSIGN/LEFT_ASSIGN/RIGHT_ASSIGN/AND_ASSIGN/XOR_ASSIGN/OR_ASSIGN/'('/')'/'['/']'/'.'/','/'&'/'*'/'+'/'-'/'/'/'%'/'<'/'>'/'^'/'|'/'='/'?'/':'
    51 expression -> • expression AND_ASSIGN expression, yyeof/PTR_OP/INC_OP/DEC_OP/LEFT_OP/RIGHT_OP/LE_OP/GE_OP/EQ_OP/NE_OP/AND_OP/OR_OP/MUL_ASSIGN/DIV_ASSIGN/MOD_ASSIGN/ADD_ASSIGN/SUB_ASSIGN/LEFT_ASSIGN/RIGHT_ASSIGN/AND_ASSIGN/XOR_ASSIGN/OR_ASSIGN/'('/')'/'['/']'/'.'/','/'&'/'*'/'+'/'-'/'/'/'%'/'<'/'>'/'^'/'|'/'='/'?'/':'
    52 expression -> • expression XOR_ASSIGN expression, yyeof/PTR_OP/INC_OP/DEC_OP/LEFT_OP/RIGHT_OP/LE_OP/GE_OP/EQ_OP/NE_OP/AND_OP/OR_OP/MUL_ASSIGN/DIV_ASSIGN/MOD_ASSIGN/ADD_ASSIGN/SUB_ASSIGN/LEFT_ASSIGN/RIGHT_ASSIGN/AND_ASSIGN/XOR_ASSIGN/OR_ASSIGN/'('/')'/'['/']'/'.'/','/'&'/'*'/'+'/'-'/'/'/'%'/'<'/'>'/'^'/'|'/'='/'?'/':'
    53 expression -> • expression OR_ASSIGN expression, yyeof/PTR_OP/INC_OP/DEC_OP/LEFT_OP/RIGHT_OP/LE_OP/GE_OP/EQ_OP/NE_OP/AND_OP/OR_OP/MUL_ASSIGN/DIV_ASSIGN/MOD_ASSIGN/ADD_ASSIGN/SUB_ASSIGN/LEFT_ASSIGN/RIGHT_ASSIGN/AND_ASSIGN/XOR_ASSIGN/OR_ASSIGN/'('/')'/'['/']'/'.'/','/'&'/'*'/'+'/'-'/'/'/'%'/'<'/'>'/'^'/'|'/'='/'?'/':'
    54 expression -> • expression ',' expression, yyeof/PTR_OP/INC_OP/DEC_OP/LEFT_OP/RIGHT_OP/LE_OP/GE_OP/EQ_OP/NE_OP/AND_OP/OR_OP/MUL_ASSIGN/DIV_ASSIGN/MOD_ASSIGN/ADD_ASSIGN/SUB_ASSIGN/LEFT_ASSIGN/RIGHT_ASSIGN/AND_ASSIGN/XOR_ASSIGN/OR_ASSIGN/'('/')'/'['/']'/'.'/','/'&'/'*'/'+'/'-'/'/'/'%'/'<'/'>'/'^'/'|'/'='/'?'/':'
    55 expression -> • expression '?' expression ':' expression, yyeof/PTR_OP/INC_OP/DEC_OP/LEFT_OP/RIGHT_OP/LE_OP/GE_OP/EQ_OP/NE_OP/AND_OP/OR_OP/MUL_ASSIGN/DIV_ASSIGN/MOD_ASSIGN/ADD_ASSIGN/SUB_ASSIGN/LEFT_ASSIGN/RIGHT_ASSIGN/AND_ASSIGN/XOR_ASSIGN/OR_ASSIGN/'('/')'/'['/']'/'.'/','/'&'/'*'/'+'/'-'/'/'/'%'/'<'/'>'/'^'/'|'/'='/'?'/':'

    IDENTIFIER shift, and go to state 1
    STRING_LITERAL shift, and go to state 2
    CONSTANT shift, and go to state 3
    SIZEOF shift, and go to state 4
    INC_OP shift, and go to state 5
    DEC_OP shift, and go to state 6
    '(' shift, and go to state 9
    '&' shift, and go to state 10
    '*' shift, and go to state 11
    '+' shift, and go to state 12
    '-' shift, and go to state 13
    '~' shift, and go to state 14
    '!' shift, and go to state 15

    expression go to state 60


State 12

    2 expression -> • IDENTIFIER, yyeof/PTR_OP/INC_OP/DEC_OP/LEFT_OP/RIGHT_OP/LE_OP/GE_OP/EQ_OP/NE_OP/AND_OP/OR_OP/MUL_ASSIGN/DIV_ASSIGN/MOD_ASSIGN/ADD_ASSIGN/SUB_ASSIGN/LEFT_ASSIGN/RIGHT_ASSIGN/AND_ASSIGN/XOR_ASSIGN/OR_ASSIGN/'('/')'/'['/']'/'.'/','/'&'/'*'/'+'/'-'/'/'/'%'/'<'/'>'/'^'/'|'/'='/'?'/':'
    3 expression -> • CONSTANT, yyeof/PTR_OP/INC_OP/DEC_OP/LEFT_OP/RIGHT_OP/LE_OP/GE_OP/EQ_OP/NE_OP/AND_OP/OR_OP/MUL_ASSIGN/DIV_ASSIGN/MOD_ASSIGN/ADD_ASSIGN/SUB_ASSIGN/LEFT_ASSIGN/RIGHT_ASSIGN/AND_ASSIGN/XOR_ASSIGN/OR_ASSIGN/'('/')'/'['/']'/'.'/','/'&'/'*'/'+'/'-'/'/'/'%'/'<'/'>'/'^'/'|'/'='/'?'/':'
    4 expression -> • STRING_LITERAL, yyeof/PTR_OP/INC_OP/DEC_OP/LEFT_OP/RIGHT_OP/LE_OP/GE_OP/EQ_OP/NE_OP/AND_OP/OR_OP/MUL_ASSIGN/DIV_ASSIGN/MOD_ASSIGN/ADD_ASSIGN/SUB_ASSIGN/LEFT_ASSIGN/RIGHT_ASSIGN/AND_ASSIGN/XOR_ASSIGN/OR_ASSIGN/'('/')'/'['/']'/'.'/','/'&'/'*'/'+'/'-'/'/'/'%'/'<'/'>'/'^'/'|'/'='/'?'/':'
    5 expression -> • '(' expression ')', yyeof/PTR_OP/INC_OP/DEC_OP/LEFT_OP/RIGHT_OP/LE_OP/GE_OP/EQ_OP/NE_OP/AND_OP/OR_OP/MUL_ASSIGN/DIV_ASSIGN/MOD_ASSIGN/ADD_ASSIGN/SUB_ASSIGN/LEFT_ASSIGN/RIGHT_ASSIGN/AND_ASSIGN/XOR_ASSIGN/OR_ASSIGN/'('/')'/'['/']'/'.'/','/'&'/'*'/'+'/'-'/'/'/'%'/'<'/'>'/'^'/'|'/'='/'?'/':'
    6 expression -> • expression '[' expression ']', yyeof/PTR_OP/INC_OP/DEC_OP/LEFT_OP/RIGHT_OP/LE_OP/GE_OP/EQ_OP/NE_OP/AND_OP/OR_OP/MUL_ASSIGN/DIV_ASSIGN/MOD_ASSIGN/ADD_ASSIGN/SUB_ASSIGN/LEFT_ASSIGN/RIGHT_ASSIGN/AND_ASSIGN/XOR_ASSIGN/OR_ASSIGN/'('/')'/'['/']'/'.'/','/'&'/'*'/'+'/'-'/'/'/'%'/'<'/'>'/'^'/'|'/'='/'?'/':'
    7 expression -> • expression '(' ')', yyeof/PTR_OP/INC_OP/DEC_OP/LEFT_OP/RIGHT_OP/LE_OP/GE_OP/EQ_OP/NE_OP/AND_OP/OR_OP/MUL_ASSIGN/DIV_ASSIGN/MOD_ASSIGN/ADD_ASSIGN/SUB_ASSIGN/LEFT_ASSIGN/RIGHT_ASSIGN/AND_ASSIGN/XOR_ASSIGN/OR_ASSIGN/'('/')'/'['/']'/'.'/','/'&'/'*'/'+'/'-'/'/'/'%'/'<'/'>'/'^'/'|'/'='/'?'/':'
    8 expression -> • expression '(' expression ')', yyeof/PTR_OP/INC_OP/DEC_OP/LEFT_OP/RIGHT_OP/LE_OP/GE_OP/EQ_OP/NE_OP/AND_OP/OR_OP/MUL_ASSIGN/DIV_ASSIGN/MOD_ASSIGN/ADD_ASSIGN/SUB_ASSIGN/LEFT_ASSIGN/RIGHT_ASSIGN/AND_ASSIGN/XOR_ASSIGN/OR_ASSIGN/'('/')'/'['/']'/'.'/','/'&'/'*'/'+'/'-'/'/'/'%'/'<'/'>'/'^'/'|'/'='/'?'/':'
    9 expression -> • expression '.' IDENTIFIER, yyeof/PTR_OP/INC_OP/DEC_OP/LEFT_OP/RIGHT_OP/LE_OP/GE_OP/EQ_OP/NE_OP/AND_OP/OR_OP/MUL_ASSIGN/DIV_ASSIGN/MOD_ASSIGN/ADD_ASSIGN/SUB_ASSIGN/LEFT_ASSIGN/RIGHT_ASSIGN/AND_ASSIGN/XOR_ASSIGN/OR_ASSIGN/'('/')'/'['/']'/'.'/','/'&'/'*'/'+'/'-'/'/'/'%'/'<'/'>'/'^'/'|'/'='/'?'/':'
    10 expression -> • expression PTR_OP IDENTIFIER, yyeof/PTR_OP/INC_OP/DEC_OP/LEFT_OP/RIGHT_OP/LE_OP/GE_OP/EQ_OP/NE_OP/AND_OP/OR_OP/MUL_ASSIGN/DIV_ASSIGN/MOD_ASSIGN/ADD_ASSIGN/SUB_ASSIGN/LEFT_ASSIGN/RIGHT_ASSIGN/AND_ASSIGN/XOR_ASSIGN/OR_ASSIGN/'('/')'/'['/']'/'.'/','/'&'/'*'/'+'/'-'/'/'/'%'/'<'/'>'/'^'/'|'/'='/'?'/':'
    11 expression -> • expression INC_OP, yyeof/PTR_OP/INC_OP/DEC_OP/LEFT_OP/RIGHT_OP/LE_OP/GE_OP/EQ_OP/NE_OP/AND_OP/OR_OP/MUL_ASSIGN/DIV_ASSIGN/MOD_ASSIGN/ADD_ASSIGN/SUB_ASSIGN/LEFT_ASSIGN/RIGHT_ASSIGN/AND_ASSIGN/XOR_ASSIGN/OR_ASSIGN/'('/')'/'['/']'/'.'/','/'&'/'*'/'+'/'-'/'/'/'%'/'<'/'>'/'^'/'|'/'='/'?'/':'
    12 expression -> • expression DEC_OP, yyeof/PTR_OP/INC_OP/DEC_OP/LEFT_OP/RIGHT_OP/LE_OP/GE_OP/EQ_OP/NE_OP/AND_OP/OR_OP/MUL_ASSIGN/DIV_ASSIGN/MOD_ASSIGN/ADD_ASSIGN/SUB_ASSIGN/LEFT_ASSIGN/RIGHT_ASSIGN/AND_ASSIGN/XOR_ASSIGN/OR_ASSIGN/'('/')'/'['/']'/'.'/','/'&'/'*'/'+'/'-'/'/'/'%'/'<'/'>'/'^'/'|'/'='/'?'/':'
    13 expression -> • expression ',' expression, yyeof/PTR_OP/INC_OP/DEC_OP/LEFT_OP/RIGHT_OP/LE_OP/GE_OP/EQ_OP/NE_OP/AND_OP/OR_OP/MUL_ASSIGN/DIV_ASSIGN/MOD_ASSIGN/ADD_ASSIGN/SUB_ASSIGN/LEFT_ASSIGN/RIGHT_ASSIGN/AND_ASSIGN/XOR_ASSIGN/OR_ASSIGN/'('/')'/'['/']'/'.'/','/'&'/'*'/'+'/'-'/'/'/'%'/'<'/'>'/'^'/'|'/'='/'?'/':'
    14 expression -> • INC_OP expression, yyeof/PTR_OP/INC_OP/DEC_OP/LEFT_OP/RIGHT_OP/LE_OP/GE_OP/EQ_OP/NE_OP/AND_OP/OR_OP/MUL_ASSIGN/DIV_ASSIGN/MOD_ASSIGN/ADD_ASSIGN/SUB_ASSIGN/LEFT_ASSIGN/RIGHT_ASSIGN/AND_ASSIGN/XOR_ASSIGN/OR_ASSIGN/'('/')'/'['/']'/'.'/','/'&'/'*'/'+'/'-'/'/'/'%'/'<'/'>'/'^'/'|'/'='/'?'/':'
    15 expression -> • DEC_OP expression, yyeof/PTR_OP/INC_OP/DEC_OP/LEFT_OP/RIGHT_OP/LE_OP/GE_OP/EQ_OP/NE_OP/AND_OP/OR_OP/MUL_ASSIGN/DIV_ASSIGN/MOD_ASSIGN/ADD_ASSIGN/SUB_ASSIGN/LEFT_ASSIGN/RIGHT_ASSIGN/AND_ASSIGN/XOR_ASSIGN/OR_ASSIGN/'('/')'/'['/']'/'.'/','/'&'/'*'/'+'/'-'/'/'/'%'/'<'/'>'/'^'/'|'/'='/'?'/':'
    16 expression -> • SIZEOF expression, yyeof/PTR_OP/INC_OP/DEC_OP/LEFT_OP/RIGHT_OP/LE_OP/GE_OP/EQ_OP/NE_OP/AND_OP/OR_OP/MUL_ASSIGN/DIV_ASSIGN/MOD_ASSIGN/ADD_ASSIGN/SUB_ASSIGN/LEFT_ASSIGN/RIGHT_ASSIGN/AND_ASSIGN/XOR_ASSIGN/OR_ASSIGN/'('/')'/'['/']'/'.'/','/'&'/'*'/'+'/'-'/'/'/'%'/'<'/'>'/'^'/'|'/'='/'?'/':'
    17 expression -> • SIZEOF '(' type_name ')', yyeof/PTR_OP/INC_OP/DEC_OP/LEFT_OP/RIGHT_OP/LE_OP/GE_OP/EQ_OP/NE_OP/AND_OP/OR_OP/MUL_ASSIGN/DIV_ASSIGN/MOD_ASSIGN/ADD_ASSIGN/SUB_ASSIGN/LEFT_ASSIGN/RIGHT_ASSIGN/AND_ASSIGN/XOR_ASSIGN/OR_ASSIGN/'('/')'/'['/']'/'.'/','/'&'/'*'/'+'/'-'/'/'/'%'/'<'/'>'/'^'/'|'/'='/'?'/':'
    18 expression -> • '(' type_name ')' expression, yyeof/PTR_OP/INC_OP/DEC_OP/LEFT_OP/RIGHT_OP/LE_OP/GE_OP/EQ_OP/NE_OP/AND_OP/OR_OP/MUL_ASSIGN/DIV_ASSIGN/MOD_ASSIGN/ADD_ASSIGN/SUB_ASSIGN/LEFT_ASSIGN/RIGHT_ASSIGN/AND_ASSIGN/XOR_ASSIGN/OR_ASSIGN/'('/')'/'['/']'/'.'/','/'&'/'*'/'+'/'-'/'/'/'%'/'<'/'>'/'^'/'|'/'='/'?'/':'
    19 expression -> • '&' expression, yyeof/PTR_OP/INC_OP/DEC_OP/LEFT_OP/RIGHT_OP/LE_OP/GE_OP/EQ_OP/NE_OP/AND_OP/OR_OP/MUL_ASSIGN/DIV_ASSIGN/MOD_ASSIGN/ADD_ASSIGN/SUB_ASSIGN/LEFT_ASSIGN/RIGHT_ASSIGN/AND_ASSIGN/XOR_ASSIGN/OR_ASSIGN/'('/')'/'['/']'/'.'/','/'&'/'*'/'+'/'-'/'/'/'%'/'<'/'>'/'^'/'|'/'='/'?'/':'
    20 expression -> • '*' expression, yyeof/PTR_OP/INC_OP/DEC_OP/LEFT_OP/RIGHT_OP/LE_OP/GE_OP/EQ_OP/NE_OP/AND_OP/OR_OP/MUL_ASSIGN/DIV_ASSIGN/MOD_ASSIGN/ADD_ASSIGN/SUB_ASSIGN/LEFT_ASSIGN/RIGHT_ASSIGN/AND_ASSIGN/XOR_ASSIGN/OR_ASSIGN/'('/')'/'['/']'/'.'/','/'&'/'*'/'+'/'-'/'/'/'%'/'<'/'>'/'^'/'|'/'='/'?'/':'
    21 expression -> • '+' expression, yyeof/PTR_OP/INC_OP/DEC_OP/LEFT_OP/RIGHT_OP/LE_OP/GE_OP/EQ_OP/NE_OP/AND_OP/OR_OP/MUL_ASSIGN/DIV_ASSIGN/MOD_ASSIGN/ADD_ASSIGN/SUB_ASSIGN/LEFT_ASSIGN/RIGHT_ASSIGN/AND_ASSIGN/XOR_ASSIGN/OR_ASSIGN/'('/')'/'['/']'/'.'/','/'&'/'*'/'+'/'-'/'/'/'%'/'<'/'>'/'^'/'|'/'='/'?'/':'
    21 expression -> '+' • expression, yyeof/PTR_OP/INC_OP/DEC_OP/LEFT_OP/RIGHT_OP/LE_OP/GE_OP/EQ_OP/NE_OP/AND_OP/OR_OP/MUL_ASSIGN/DIV_ASSIGN/MOD_ASSIGN/ADD_ASSIGN/SUB_ASSIGN/LEFT_ASSIGN/RIGHT_ASSIGN/AND_ASSIGN/XOR_ASSIGN/OR_ASSIGN/'('/')'/'['/']'/'.'/','/'&'/'*'/'+'/'-'/'/'/'%'/'<'/'>'/'^'/'|'/'='/'?'/':'
    22 expression -> • '-' expression, yyeof/PTR_OP/INC_OP/DEC_OP/LEFT_OP/RIGHT_OP/LE_OP/GE_OP/EQ_OP/NE_OP/AND_OP/OR_OP/MUL_ASSIGN/DIV_ASSIGN/MOD_ASSIGN/ADD_ASSIGN/SUB_ASSIGN/LEFT_ASSIGN/RIGHT_ASSIGN/AND_ASSIGN/XOR_ASSIGN/OR_ASSIGN/'('/')'/'['/']'/'.'/','/'&'/'*'/'+'/'-'/'/'/'%'/'<'/'>'/'^'/'|'/'='/'?'/':'
    23 expression -> • '~' expression, yyeof/PTR_OP/INC_OP/DEC_OP/LEFT_OP/RIGHT_OP/LE_OP/GE_OP/EQ_OP/NE_OP/AND_OP/OR_OP/MUL_ASSIGN/DIV_ASSIGN/MOD_ASSIGN/ADD_ASSIGN/SUB_ASSIGN/LEFT_ASSIGN/RIGHT_ASSIGN/AND_ASSIGN/XOR_ASSIGN/OR_ASSIGN/'('/')'/'['/']'/'.'/','/'&'/'*'/'+'/'-'/'/'/'%'/'<'/'>'/'^'/'|'/'='/'?'/':'
    24 expression -> • '!' expression, yyeof/PTR_OP/INC_OP/DEC_OP/LEFT_OP/RIGHT_OP/LE_OP/GE_OP/EQ_OP/NE_OP/AND_OP/OR_OP/MUL_ASSIGN/DIV_ASSIGN/MOD_ASSIGN/ADD_ASSIGN/SUB_ASSIGN/LEFT_ASSIGN/RIGHT_ASSIGN/AND_ASSIGN/XOR_ASSIGN/OR_ASSIGN/'('/')'/'['/']'/'.'/','/'&'/'*'/'+'/'-'/'/'/'%'/'<'/'>'/'^'/'|'/'='/'?'/':'
    25 expression -> • expression '+' expression, yyeof/PTR_OP/INC_OP/DEC_OP/LEFT_OP/RIGHT_OP/LE_OP/GE_OP/EQ_OP/NE_OP/AND_OP/OR_OP/MUL_ASSIGN/DIV_ASSIGN/MOD_ASSIGN/ADD_ASSIGN/SUB_ASSIGN/LEFT_ASSIGN/RIGHT_ASSIGN/AND_ASSIGN/XOR_ASSIGN/OR_ASSIGN/'('/')'/'['/']'/'.'/','/'&'/'*'/'+'/'-'/'/'/'%'/'<'/'>'/'^'/'|'/'='/'?'/':'
    26 expression -> • expression '-' expression, yyeof/PTR_OP/INC_OP/DEC_OP/LEFT_OP/RIGHT_OP/LE_OP/GE_OP/EQ_OP/NE_OP/AND_OP/OR_OP/MUL_ASSIGN/DIV_ASSIGN/MOD_ASSIGN/ADD_ASSIGN/SUB_ASSIGN/LEFT_ASSIGN/RIGHT_ASSIGN/AND_ASSIGN/XOR_ASSIGN/OR_ASSIGN/'('/')'/'['/']'/'.'/','/'&'/'*'/'+'/'-'/'/'/'%'/'<'/'>'/'^'/'|'/'='/'?'/':'
    27 expression -> • expression '*' expression, yyeof/PTR_OP/INC_OP/DEC_OP/LEFT_OP/RIGHT_OP/LE_OP/GE_OP/EQ_OP/NE_OP/AND_OP/OR_OP/MUL_ASSIGN/DIV_ASSIGN/MOD_ASSIGN/ADD_ASSIGN/SUB_ASSIGN/LEFT_ASSIGN/RIGHT_ASSIGN/AND_ASSIGN/XOR_ASSIGN/OR_ASSIGN/'('/')'/'['/']'/'.'/','/'&'/'*'/'+'/'-'/'/'/'%'/'<'/'>'/'^'/'|'/'='/'?'/':'
    28 expression -> • expression '/' expression, yyeof/PTR_OP/INC_OP/DEC_OP/LEFT_OP/RIGHT_OP/LE_OP/GE_OP/EQ_OP/NE_OP/AND_OP/OR_OP/MUL_ASSIGN/DIV_ASSIGN/MOD_ASSIGN/ADD_ASSIGN/SUB_ASSIGN/LEFT_ASSIGN/RIGHT_ASSIGN/AND_ASSIGN/XOR_ASSIGN/OR_ASSIGN/'('/')'/'['/']'/'.'/','/'&'/'*'/'+'/'-'/'/'/'%'/'<'/'>'/'^'/'|'/'='/'?'/':'
    29 expression -> • expression '%' expression, yyeof/PTR_OP/INC_OP/DEC_OP/LEFT_OP/RIGHT_OP/LE_OP/GE_OP/EQ_OP/NE_OP/AND_OP/OR_OP/MUL_ASSIGN/DIV_ASSIGN/MOD_ASSIGN/ADD_ASSIGN/SUB_ASSIGN/LEFT_ASSIGN/RIGHT_ASSIGN/AND_ASSIGN/XOR_ASSIGN/OR_ASSIGN/'('/')'/'['/']'/'.'/','/'&'/'*'/'+'/'-'/'/'/'%'/'<'/'>'/'^'/'|'/'='/'?'/':'
    30 expression -> • expression LEFT_OP expression, yyeof/PTR_OP/INC_OP/DEC_OP/LEFT_OP/RIGHT_OP/LE_OP/GE_OP/EQ_OP/NE_OP/AND_OP/OR_OP/MUL_ASSIGN/DIV_ASSIGN/MOD_ASSIGN/ADD_ASSIGN/SUB_ASSIGN/LEFT_ASSIGN/RIGHT_ASSIGN/AND_ASSIGN/XOR_ASSIGN/OR_ASSIGN/'('/')'/'['/']'/'.'/','/'&'/'*'/'+'/'-'/'/'/'%'/'<'/'>'/'^'/'|'/'='/'?'/':'
    31 expression -> • expression RIGHT_OP expression, yyeof/PTR_OP/INC_OP/DEC_OP/LEFT_OP/RIGHT_OP/LE_OP/GE_OP/EQ_OP/NE_OP/AND_OP/OR_OP/MUL_ASSIGN/DIV_ASSIGN/MOD_ASSIGN/ADD_ASSIGN/SUB_ASSIGN/LEFT_ASSIGN/RIGHT_ASSIGN/AND_ASSIGN/XOR_ASSIGN/OR_ASSIGN/'('/')'/'['/']'/'.'/','/'&'/'*'/'+'/'-'/'/'/'%'/'<'/'>'/'^'/'|'/'='/'?'/':'
    32 expression -> • expression '<' expression, yyeof/PTR_OP/INC_OP/DEC_OP/LEFT_OP/RIGHT_OP/LE_OP/GE_OP/EQ_OP/NE_OP/AND_OP/OR_OP/MUL_ASSIGN/DIV_ASSIGN/MOD_ASSIGN/ADD_ASSIGN/SUB_ASSIGN/LEFT_ASSIGN/RIGHT_ASSIGN/AND_ASSIGN/XOR_ASSIGN/OR_ASSIGN/'('/')'/'['/']'/'.'/','/'&'/'*'/'+'/'-'/'/'/'%'/'<'/'>'/'^'/'|'/'='/'?'/':'
    33 expression -> • expression '>' expression, yyeof/PTR_OP/INC_OP/DEC_OP/LEFT_OP/RIGHT_OP/LE_OP/GE_OP/EQ_OP/NE_OP/AND_OP/OR_OP/MUL_ASSIGN/DIV_ASSIGN/MOD_ASSIGN/ADD_ASSIGN/SUB_ASSIGN/LEFT_ASSIGN/RIGHT_ASSIGN/AND_ASSIGN/XOR_ASSIGN/OR_ASSIGN/'('/')'/'['/']'/'.'/','/'&'/'*'/'+'/'-'/'/'/'%'/'<'/'>'/'^'/'|'/'='/'?'/':'
    34 expression -> • expression LE_OP expression, yyeof/PTR_OP/INC_OP/DEC_OP/LEFT_OP/RIGHT_OP/LE_OP/GE_OP/EQ_OP/NE_OP/AND_OP/OR_OP/MUL_ASSIGN/DIV_ASSIGN/MOD_ASSIGN/ADD_ASSIGN/SUB_ASSIGN/LEFT_ASSIGN/RIGHT_ASSIGN/AND_ASSIGN/XOR_ASSIGN/OR_ASSIGN/'('/')'/'['/']'/'.'/','/'&'/'*'/'+'/'-'/'/'/'%'/'<'/'>'/'^'/'|'/'='/'?'/':'
    35 expression -> • expression GE_OP expression, yyeof/PTR_OP/INC_OP/DEC_OP/LEFT_OP/RIGHT_OP/LE_OP/GE_OP/EQ_OP/NE_OP/AND_OP/OR_OP/MUL_ASSIGN/DIV_ASSIGN/MOD_ASSIGN/ADD_ASSIGN/SUB_ASSIGN/LEFT_ASSIGN/RIGHT_ASSIGN/AND_ASSIGN/XOR_ASSIGN/OR_ASSIGN/'('/')'/'['/']'/'.'/','/'&'/'*'/'+'/'-'/'/'/'%'/'<'/'>'/'^'/'|'/'='/'?'/':'
    36 expression -> • expression EQ_OP expression, yyeof/PTR_OP/INC_OP/DEC_OP/LEFT_OP/RIGHT_OP/LE_OP/GE_OP/EQ_OP/NE_OP/AND_OP/OR_OP/MUL_ASSIGN/DIV_ASSIGN/MOD_ASSIGN/ADD_ASSIGN/SUB_ASSIGN/LEFT_ASSIGN/RIGHT_ASSIGN/AND_ASSIGN/XOR_ASSIGN/OR_ASSIGN/'('/')'/'['/']'/'.'/','/'&'/'*'/'+'/'-'/'/'/'%'/'<'/'>'/'^'/'|'/'='/'?'/':'
    37 expression -> • expression NE_OP expression, yyeof/PTR_OP/INC_OP/DEC_OP/LEFT_OP/RIGHT_OP/LE_OP/GE_OP/EQ_OP/NE_OP/AND_OP/OR_OP/MUL_ASSIGN/DIV_ASSIGN/MOD_ASSIGN/ADD_ASSIGN/SUB_ASSIGN/LEFT_ASSIGN/RIGHT_ASSIGN/AND_ASSIGN/XOR_ASSIGN/OR_ASSIGN/'('/')'/'['/']'/'.'/','/'&'/'*'/'+'/'-'/'/'/'%'/'<'/'>'/'^'/'|'/'='/'?'/':'
    38 expression -> • expression '&' expression, yyeof/PTR_OP/INC_OP/DEC_OP/LEFT_OP/RIGHT_OP/LE_OP/GE_OP/EQ_OP/NE_OP/AND_OP/OR_OP/MUL_ASSIGN/DIV_ASSIGN/MOD_ASSIGN/ADD_ASSIGN/SUB_ASSIGN/LEFT_ASSIGN/RIGHT_ASSIGN/AND_ASSIGN/XOR_ASSIGN/OR_ASSIGN/'('/')'/'['/']'/'.'/','/'&'/'*'/'+'/'-'/'/'/'%'/'<'/'>'/'^'/'|'/'='/'?'/':'
    39 expression -> • expression '^' expression, yyeof/PTR_OP/INC_OP/DEC_OP/LEFT_OP/RIGHT_OP/LE_OP/GE_OP/EQ_OP/NE_OP/AND_OP/OR_OP/MUL_ASSIGN/DIV_ASSIGN/MOD_ASSIGN/ADD_ASSIGN/SUB_ASSIGN/LEFT_ASSIGN/RIGHT_ASSIGN/AND_ASSIGN/XOR_ASSIGN/OR_ASSIGN/'('/')'/'['/']'/'.'/','/'&'/'*'/'+'/'-'/'/'/'%'/'<'/'>'/'^'/'|'/'='/'?'/':'
    40 expression -> • expression '|' expression, yyeof/PTR_OP/INC_OP/DEC_OP/LEFT_OP/RIGHT_OP/LE_OP/GE_OP/EQ_OP/NE_OP/AND_OP/OR_OP/MUL_ASSIGN/DIV_ASSIGN/MOD_ASSIGN/ADD_ASSIGN/SUB_ASSIGN/LEFT_ASSIGN/RIGHT_ASSIGN/AND_ASSIGN/XOR_ASSIGN/OR_ASSIGN/'('/')'/'['/']'/'.'/','/'&'/'*'/'+'/'-'/'/'/'%'/'<'/'>'/'^'/'|'/'='/'?'/':'
    41 expression -> • expression AND_OP expression, yyeof/PTR_OP/INC_OP/DEC_OP/LEFT_OP/RIGHT_OP/LE_OP/GE_OP/EQ_OP/NE_OP/AND_OP/OR_OP/MUL_ASSIGN/DIV_ASSIGN/MOD_ASSIGN/ADD_ASSIGN/SUB_ASSIGN/LEFT_ASSIGN/RIGHT_ASSIGN/AND_ASSIGN/XOR_ASSIGN/OR_ASSIGN/'('/')'/'['/']'/'.'/','/'&'/'*'/'+'/'-'/'/'/'%'/'<'/'>'/'^'/'|'/'='/'?'/':'
    42 expression -> • expression OR_OP expression, yyeof/PTR_OP/INC_OP/DEC_OP/LEFT_OP/RIGHT_OP/LE_OP/GE_OP/EQ_OP/NE_OP/AND_OP/OR_OP/MUL_ASSIGN/DIV_ASSIGN/MOD_ASSIGN/ADD_ASSIGN/SUB_ASSIGN/LEFT_ASSIGN/RIGHT_ASSIGN/AND_ASSIGN/XOR_ASSIGN/OR_ASSIGN/'('/')'/'['/']'/'.'/','/'&'/'*'/'+'/'-'/'/'/'%'/'<'/'>'/'^'/'|'/'='/'?'/':'
    43 expression -> • expression '=' expression, yyeof/PTR_OP/INC_OP/DEC_OP/LEFT_OP/RIGHT_OP/LE_OP/GE_OP/EQ_OP/NE_OP/AND_OP/OR_OP/MUL_ASSIGN/DIV_ASSIGN/MOD_ASSIGN/ADD_ASSIGN/SUB_ASSIGN/LEFT_ASSIGN/RIGHT_ASSIGN/AND_ASSIGN/XOR_ASSIGN/OR_ASSIGN/'('/')'/'['/']'/'.'/','/'&'/'*'/'+'/'-'/'/'/'%'/'<'/'>'/'^'/'|'/'='/'?'/':'
    44 expression -> • expression MUL_ASSIGN expression, yyeof/PTR_OP/INC_OP/DEC_OP/LEFT_OP/RIGHT_OP/LE_OP/GE_OP/EQ_OP/NE_OP/AND_OP/OR_OP/MUL_ASSIGN/DIV_ASSIGN/MOD_ASSIGN/ADD_ASSIGN/SUB_ASSIGN/LEFT_ASSIGN/RIGHT_ASSIGN/AND_ASSIGN/XOR_ASSIGN/OR_ASSIGN/'('/')'/'['/']'/'.'/','/'&'/'*'/'+'/'-'/'/'/'%'/'<'/'>'/'^'/'|'/'='/'?'/':'
    45 expression -> • expression DIV_ASSIGN expression, yyeof/PTR_OP/INC_OP/DEC_OP/LEFT_OP/RIGHT_OP/LE_OP/GE_OP/EQ_OP/NE_OP/AND_OP/OR_OP/MUL_ASSIGN/DIV_ASSIGN/MOD_ASSIGN/ADD_ASSIGN/SUB_ASSIGN/LEFT_ASSIGN/RIGHT_ASSIGN/AND_ASSIGN/XOR_ASSIGN/OR_ASSIGN/'('/')'/'['/']'/'.'/','/'&'/'*'/'+'/'-'/'/'/'%'/'<'/'>'/'^'/'|'/'='/'?'/':'
    46 expression -> • expression MOD_ASSIGN expression, yyeof/PTR_OP/INC_OP/DEC_OP/LEFT_OP/RIGHT_OP/LE_OP/GE_OP/EQ_OP/NE_OP/AND_OP/OR_OP/MUL_ASSIGN/DIV_ASSIGN/MOD_ASSIGN/ADD_ASSIGN/SUB_ASSIGN/LEFT_ASSIGN/RIGHT_ASSIGN/AND_ASSIGN/XOR_ASSIGN/OR_ASSIGN/'('/')'/'['/']'/'.'/','/'&'/'*'/'+'/'-'/'/'/'%'/'<'/'>'/'^'/'|'/'='/'?'/':'
    47 expression -> • expression ADD_ASSIGN expression, yyeof/PTR_OP/INC_OP/DEC_OP/LEFT_OP/RIGHT_OP/LE_OP/GE_OP/EQ_OP/NE_OP/AND_OP/OR_OP/MUL_ASSIGN/DIV_ASSIGN/MOD_ASSIGN/ADD_ASSIGN/SUB_ASSIGN/LEFT_ASSIGN/RIGHT_ASSIGN/AND_ASSIGN/XOR_ASSIGN/OR_ASSIGN/'('/')'/'['/']'/'.'/','/'&'/'*'/'+'/'-'/'/'/'%'/'<'/'>'/'^'/'|'/'='/'?'/':'
    48 expression -> • expression SUB_ASSIGN expression, yyeof/PTR_OP/INC_OP/DEC_OP/LEFT_OP/RIGHT_OP/LE_OP/GE_OP/EQ_OP/NE_OP/AND_OP/OR_OP/MUL_ASSIGN/DIV_ASSIGN/MOD_ASSIGN/ADD_ASSIGN/SUB_ASSIGN/LEFT_ASSIGN/RIGHT_ASSIGN/AND_ASSIGN/XOR_ASSIGN/OR_ASSIGN/'('/')'/'['/']'/'.'/','/'&'/'*'/'+'/'-'/'/'/'%'/'<'/'>'/'^'/'|'/'='/'?'/':'
    49 expression -> • expression LEFT_ASSIGN expression, yyeof/PTR_OP/INC_OP/DEC_OP/LEFT_OP/RIGHT_OP/LE_OP/GE_OP/EQ_OP/NE_OP/AND_OP/OR_OP/MUL_ASSIGN/DIV_ASSIGN/MOD_ASSIGN/ADD_ASSIGN/SUB_ASSIGN/LEFT_ASSIGN/RIGHT_ASSIGN/AND_ASSIGN/XOR_ASSIGN/OR_ASSIGN/'('/')'/'['/']'/'.'/','/'&'/'*'/'+'/'-'/'/'/'%'/'<'/'>'/'^'/'|'/'='/'?'/':'
    50 expression -> • expression RIGHT_ASSIGN expression, yyeof/PTR_OP/INC_OP/DEC_OP/LEFT_OP/RIGHT_OP/LE_OP/GE_OP/EQ_OP/NE_OP/AND_OP/OR_OP/MUL_ASSIGN/DIV_ASSIGN/MOD_ASSIGN/ADD_ASSIGN/SUB_ASSIGN/LEFT_ASSIGN/RIGHT_ASSIGN/AND_ASSIGN/XOR_ASSIGN/OR_ASSIGN/'('/')'/'['/']'/'.'/','/'&'/'*'/'+'/'-'/'/'/'%'/'<'/'>'/'^'/'|'/'='/'?'/':'
    51 expression -> • expression AND_ASSIGN expression, yyeof/PTR_OP/INC_OP/DEC_OP/LEFT_OP/RIGHT_OP/LE_OP/GE_OP/EQ_OP/NE_OP/AND_OP/OR_OP/MUL_ASSIGN/DIV_ASSIGN/MOD_ASSIGN/ADD_ASSIGN/SUB_ASSIGN/LEFT_ASSIGN/RIGHT_ASSIGN/AND_ASSIGN/XOR_ASSIGN/OR_ASSIGN/'('/')'/'['/']'/'.'/','/'&'/'*'/'+'/'-'/'/'/'%'/'<'/'>'/'^'/'|'/'='/'?'/':'
    52 expression -> • expression XOR_ASSIGN expression, yyeof/PTR_OP/INC_OP/DEC_OP/LEFT_OP/RIGHT_OP/LE_OP/GE_OP/EQ_OP/NE_OP/AND_OP/OR_OP/MUL_ASSIGN/DIV_ASSIGN/MOD_ASSIGN/ADD_ASSIGN/SUB_ASSIGN/LEFT_ASSIGN/RIGHT_ASSIGN/AND_ASSIGN/XOR_ASSIGN/OR_ASSIGN/'('/')'/'['/']'/'.'/','/'&'/'*'/'+'/'-'/'/'/'%'/'<'/'>'/'^'/'|'/'='/'?'/':'
    53 expression -> • expression OR_ASSIGN expression, yyeof/PTR_OP/INC_OP/DEC_OP/LEFT_OP/RIGHT_OP/LE_OP/GE_OP/EQ_OP/NE_OP/AND_OP/OR_OP/MUL_ASSIGN/DIV_ASSIGN/MOD_ASSIGN/ADD_ASSIGN/SUB_ASSIGN/LEFT_ASSIGN/RIGHT_ASSIGN/AND_ASSIGN/XOR_ASSIGN/OR_ASSIGN/'('/')'/'['/']'/'.'/','/'&'/'*'/'+'/'-'/'/'/'%'/'<'/'>'/'^'/'|'/'='/'?'/':'
    54 expression -> • expression ',' expression, yyeof/PTR_OP/INC_OP/DEC_OP/LEFT_OP/RIGHT_OP/LE_OP/GE_OP/EQ_OP/NE_OP/AND_OP/OR_OP/MUL_ASSIGN/DIV_ASSIGN/MOD_ASSIGN/ADD_ASSIGN/SUB_ASSIGN/LEFT_ASSIGN/RIGHT_ASSIGN/AND_ASSIGN/XOR_ASSIGN/OR_ASSIGN/'('/')'/'['/']'/'.'/','/'&'/'*'/'+'/'-'/'/'/'%'/'<'/'>'/'^'/'|'/'='/'?'/':'
    55 expression -> • expression '?' expression ':' expression, yyeof/PTR_OP/INC_OP/DEC_OP/LEFT_OP/RIGHT_OP/LE_OP/GE_OP/EQ_OP/NE_OP/AND_OP/OR_OP/MUL_ASSIGN/DIV_ASSIGN/MOD_ASSIGN/ADD_ASSIGN/SUB_ASSIGN/LEFT_ASSIGN/RIGHT_ASSIGN/AND_ASSIGN/XOR_ASSIGN/OR_ASSIGN/'('/')'/'['/']'/'.'/','/'&'/'*'/'+'/'-'/'/'/'%'/'<'/'>'/'^'/'|'/'='/'?'/':'

    IDENTIFIER shift, and go to state 1
    STRING_LITERAL shift, and go to state 2
    CONSTANT shift, and go to state 3
    SIZEOF shift, and go to state 4
    INC_OP shift, and go to state 5
    DEC_OP shift, and go to state 6
    '(' shift, and go to state 9
    '&' shift, and go to state 10
    '*' shift, and go to state 11
    '+' shift, and go to state 12
    '-' shift, and go to state 13
    '~' shift, and go to state 14
    '!' shift, and go to state 15

    expression go to state 61


State 13

    2 expression -> • IDENTIFIER, yyeof/PTR_OP/INC_OP/DEC_OP/LEFT_OP/RIGHT_OP/LE_OP/GE_OP/EQ_OP/NE_OP/AND_OP/OR_OP/MUL_ASSIGN/DIV_ASSIGN/MOD_ASSIGN/ADD_ASSIGN/SUB_ASSIGN/LEFT_ASSIGN/RIGHT_ASSIGN/AND_ASSIGN/XOR_ASSIGN/OR_ASSIGN/'('/')'/'['/']'/'.'/','/'&'/'*'/'+'/'-'/'/'/'%'/'<'/'>'/'^'/'|'/'='/'?'/':'
    3 expression -> • CONSTANT, yyeof/PTR_OP/INC_OP/DEC_OP/LEFT_OP/RIGHT_OP/LE_OP/GE_OP/EQ_OP/NE_OP/AND_OP/OR_OP/MUL_ASSIGN/DIV_ASSIGN/MOD_ASSIGN/ADD_ASSIGN/SUB_ASSIGN/LEFT_ASSIGN/RIGHT_ASSIGN/AND_ASSIGN/XOR_ASSIGN/OR_ASSIGN/'('/')'/'['/']'/'.'/','/'&'/'*'/'+'/'-'/'/'/'%'/'<'/'>'/'^'/'|'/'='/'?'/':'
    4 expression -> • STRING_LITERAL, yyeof/PTR_OP/INC_OP/DEC_OP/LEFT_OP/RIGHT_OP/LE_OP/GE_OP/EQ_OP/NE_OP/AND_OP/OR_OP/MUL_ASSIGN/DIV_ASSIGN/MOD_ASSIGN/ADD_ASSIGN/SUB_ASSIGN/LEFT_ASSIGN/RIGHT_ASSIGN/AND_ASSIGN/XOR_ASSIGN/OR_ASSIGN/'('/')'/'['/']'/'.'/','/'&'/'*'/'+'/'-'/'/'/'%'/'<'/'>'/'^'/'|'/'='/'?'/':'
    5 expression -> • '(' expression ')', yyeof/PTR_OP/INC_OP/DEC_OP/LEFT_OP/RIGHT_OP/LE_OP/GE_OP/EQ_OP/NE_OP/AND_OP/OR_OP/MUL_ASSIGN/DIV_ASSIGN/MOD_ASSIGN/ADD_ASSIGN/SUB_ASSIGN/LEFT_ASSIGN/RIGHT_ASSIGN/AND_ASSIGN/XOR_ASSIGN/OR_ASSIGN/'('/')'/'['/']'/'.'/','/'&'/'*'/'+'/'-'/'/'/'%'/'<'/'>'/'^'/'|'/'='/'?'/':'
    6 expression -> • expression '[' expression ']', yyeof/PTR_OP/INC_OP/DEC_OP/LEFT_OP/RIGHT_OP/LE_OP/GE_OP/EQ_OP/NE_OP/AND_OP/OR_OP/MUL_ASSIGN/DIV_ASSIGN/MOD_ASSIGN/ADD_ASSIGN/SUB_ASSIGN/LEFT_ASSIGN/RIGHT_ASSIGN/AND_ASSIGN/XOR_ASSIGN/OR_ASSIGN/'('/')'/'['/']'/'.'/','/'&'/'*'/'+'/'-'/'/'/'%'/'<'/'>'/'^'/'|'/'='/'?'/':'
    7 expression -> • expression '(' ')', yyeof/PTR_OP/INC_OP/DEC_OP/LEFT_OP/RIGHT_OP/LE_OP/GE_OP/EQ_OP/NE_OP/AND_OP/OR_OP/MUL_ASSIGN/DIV_ASSIGN/MOD_ASSIGN/ADD_ASSIGN/SUB_ASSIGN/LEFT_ASSIGN/RIGHT_ASSIGN/AND_ASSIGN/XOR_ASSIGN/OR_ASSIGN/'('/')'/'['/']'/'.'/','/'&'/'*'/'+'/'-'/'/'/'%'/'<'/'>'/'^'/'|'/'='/'?'/':'
    8 expression -> • expression '(' expression ')', yyeof/PTR_OP/INC_OP/DEC_OP/LEFT_OP/RIGHT_OP/LE_OP/GE_OP/EQ_OP/NE_OP/AND_OP/OR_OP/MUL_ASSIGN/DIV_ASSIGN/MOD_ASSIGN/ADD_ASSIGN/SUB_ASSIGN/LEFT_ASSIGN/RIGHT_ASSIGN/AND_ASSIGN/XOR_ASSIGN/OR_ASSIGN/'('/')'/'['/']'/'.'/','/'&'/'*'/'+'/'-'/'/'/'%'/'<'/'>'/'^'/'|'/'='/'?'/':'
    9 expression -> • expression '.' IDENTIFIER, yyeof/PTR_OP/INC_OP/DEC_OP/LEFT_OP/RIGHT_OP/LE_OP/GE_OP/EQ_OP/NE_OP/AND_OP/OR_OP/MUL_ASSIGN/DIV_ASSIGN/MOD_ASSIGN/ADD_ASSIGN/SUB_ASSIGN/LEFT_ASSIGN/RIGHT_ASSIGN/AND_ASSIGN/XOR_ASSIGN/OR_ASSIGN/'('/')'/'['/']'/'.'/','/'&'/'*'/'+'/'-'/'/'/'%'/'<'/'>'/'^'/'|'/'='/'?'/':'
    10 expression -> • expression PTR_OP IDENTIFIER, yyeof/PTR_OP/INC_OP/DEC_OP/LEFT_OP/RIGHT_OP/LE_OP/GE_OP/EQ_OP/NE_OP/AND_OP/OR_OP/MUL_ASSIGN/DIV_ASSIGN/MOD_ASSIGN/ADD_ASSIGN/SUB_ASSIGN/LEFT_ASSIGN/RIGHT_ASSIGN/AND_ASSIGN/XOR_ASSIGN/OR_ASSIGN/'('/')'/'['/']'/'.'/','/'&'/'*'/'+'/'-'/'/'/'%'/'<'/'>'/'^'/'|'/'='/'?'/':'
    11 expression -> • expression INC_OP, yyeof/PTR_OP/INC_OP/DEC_OP/LEFT_OP/RIGHT_OP/LE_OP/GE_OP/EQ_OP/NE_OP/AND_OP/OR_OP/MUL_ASSIGN/DIV_ASSIGN/MOD_ASSIGN/ADD_ASSIGN/SUB_ASSIGN/LEFT_ASSIGN/RIGHT_ASSIGN/AND_ASSIGN/XOR_ASSIGN/OR_ASSIGN/'('/')'/'['/']'/'.'/','/'&'/'*'/'+'/'-'/'/'/'%'/'<'/'>'/'^'/'|'/'='/'?'/':'
    12 expression -> • expression DEC_OP, yyeof/PTR_OP/INC_OP/DEC_OP/LEFT_OP/RIGHT_OP/LE_OP/GE_OP/EQ_OP/NE_OP/AND_OP/OR_OP/MUL_ASSIGN/DIV_ASSIGN/MOD_ASSIGN/ADD_ASSIGN/SUB_ASSIGN/LEFT_ASSIGN/RIGHT_ASSIGN/AND_ASSIGN/XOR_ASSIGN/OR_ASSIGN/'('/')'/'['/']'/'.'/','/'&'/'*'/'+'/'-'/'/'/'%'/'<'/'>'/'^'/'|'/'='/'?'/':'
    13 expression -> • expression ',' expression, yyeof/PTR_OP/INC_OP/DEC_OP/LEFT_OP/RIGHT_OP/LE_OP/GE_OP/EQ_OP/NE_OP/AND_OP/OR_OP/MUL_ASSIGN/DIV_ASSIGN/MOD_ASSIGN/ADD_ASSIGN/SUB_ASSIGN/LEFT_ASSIGN/RIGHT_ASSIGN/AND_ASSIGN/XOR_ASSIGN/OR_ASSIGN/'('/')'/'['/']'/'.'/','/'&'/'*'/'+'/'-'/'/'/'%'/'<'/'>'/'^'/'|'/'='/'?'/':'
    14 expression -> • INC_OP expression, yyeof/PTR_OP/INC_OP/DEC_OP/LEFT_OP/RIGHT_OP/LE_OP/GE_OP/EQ_OP/NE_OP/AND_OP/OR_OP/MUL_ASSIGN/DIV_ASSIGN/MOD_ASSIGN/ADD_ASSIGN/SUB_ASSIGN/LEFT_ASSIGN/RIGHT_ASSIGN/AND_ASSIGN/XOR_ASSIGN/OR_ASSIGN/'('/')'/'['/']'/'.'/','/'&'/'*'/'+'/'-'/'/'/'%'/'<'/'>'/'^'/'|'/'='/'?'/':'
    15 expression -> • DEC_OP expression, yyeof/PTR_OP/INC_OP/DEC_OP/LEFT_OP/RIGHT_OP/LE_OP/GE_OP/EQ_OP/NE_OP/AND_OP/OR_OP/MUL_ASSIGN/DIV_ASSIGN/MOD_ASSIGN/ADD_ASSIGN/SUB_ASSIGN/LEFT_ASSIGN/RIGHT_ASSIGN/AND_ASSIGN/XOR_ASSIGN/OR_ASSIGN/'('/')'/'['/']'/'.'/','/'&'/'*'/'+'/'-'/'/'/'%'/'<'/'>'/'^'/'|'/'='/'?'/':'
    16 expression -> • SIZEOF expression, yyeof/PTR_OP/INC_OP/DEC_OP/LEFT_OP/RIGHT_OP/LE_OP/GE_OP/EQ_OP/NE_OP/AND_OP/OR_OP/MUL_ASSIGN/DIV_ASSIGN/MOD_ASSIGN/ADD_ASSIGN/SUB_ASSIGN/LEFT_ASSIGN/RIGHT_ASSIGN/AND_ASSIGN/XOR_ASSIGN/OR_ASSIGN/'('/')'/'['/']'/'.'/','/'&'/'*'/'+'/'-'/'/'/'%'/'<'/'>'/'^'/'|'/'='/'?'/':'
    17 expression -> • SIZEOF '(' type_name ')', yyeof/PTR_OP/INC_OP/DEC_OP/LEFT_OP/RIGHT_OP/LE_OP/GE_OP/EQ_OP/NE_OP/AND_OP/OR_OP/MUL_ASSIGN/DIV_ASSIGN/MOD_ASSIGN/ADD_ASSIGN/SUB_ASSIGN/LEFT_ASSIGN/RIGHT_ASSIGN/AND_ASSIGN/XOR_ASSIGN/OR_ASSIGN/'('/')'/'['/']'/'.'/','/'&'/'*'/'+'/'-'/'/'/'%'/'<'/'>'/'^'/'|'/'='/'?'/':'
    18 expression -> • '(' type_name ')' expression, yyeof/PTR_OP/INC_OP/DEC_OP/LEFT_OP/RIGHT_OP/LE_OP/GE_OP/EQ_OP/NE_OP/AND_OP/OR_OP/MUL_ASSIGN/DIV_ASSIGN/MOD_ASSIGN/ADD_ASSIGN/SUB_ASSIGN/LEFT_ASSIGN/RIGHT_ASSIGN/AND_ASSIGN/XOR_ASSIGN/OR_ASSIGN/'('/')'/'['/']'/'.'/','/'&'/'*'/'+'/'-'/'/'/'%'/'<'/'>'/'^'/'|'/'='/'?'/':'
    19 expression -> • '&' expression, yyeof/PTR_OP/INC_OP/DEC_OP/LEFT_OP/RIGHT_OP/LE_OP/GE_OP/EQ_OP/NE_OP/AND_OP/OR_OP/MUL_ASSIGN/DIV_ASSIGN/MOD_ASSIGN/ADD_ASSIGN/SUB_ASSIGN/LEFT_ASSIGN/RIGHT_ASSIGN/AND_ASSIGN/XOR_ASSIGN/OR_ASSIGN/'('/')'/'['/']'/'.'/','/'&'/'*'/'+'/'-'/'/'/'%'/'<'/'>'/'^'/'|'/'='/'?'/':'
    20 expression -> • '*' expression, yyeof/PTR_OP/INC_OP/DEC_OP/LEFT_OP/RIGHT_OP/LE_OP/GE_OP/EQ_OP/NE_OP/AND_OP/OR_OP/MUL_ASSIGN/DIV_ASSIGN/MOD_ASSIGN/ADD_ASSIGN/SUB_ASSIGN/LEFT_ASSIGN/RIGHT_ASSIGN/AND_ASSIGN/XOR_ASSIGN/OR_ASSIGN/'('/')'/'['/']'/'.'/','/'&'/'*'/'+'/'-'/'/'/'%'/'<'/'>'/'^'/'|'/'='/'?'/':'
    21 expression -> • '+' expression, yyeof/PTR_OP/INC_OP/DEC_OP/LEFT_OP/RIGHT_OP/LE_OP/GE_OP/EQ_OP/NE_OP/AND_OP/OR_OP/MUL_ASSIGN/DIV_ASSIGN/MOD_ASSIGN/ADD_ASSIGN/SUB_ASSIGN/LEFT_ASSIGN/RIGHT_ASSIGN/AND_ASSIGN/XOR_ASSIGN/OR_ASSIGN/'('/')'/'['/']'/'.'/','/'&'/'*'/'+'/'-'/'/'/'%'/'<'/'>'/'^'/'|'/'='/'?'/':'
    22 expression -> • '-' expression, yyeof/PTR_OP/INC_OP/DEC_OP/LEFT_OP/RIGHT_OP/LE_OP/GE_OP/EQ_OP/NE_OP/AND_OP/OR_OP/MUL_ASSIGN/DIV_ASSIGN/MOD_ASSIGN/ADD_ASSIGN/SUB_ASSIGN/LEFT_ASSIGN/RIGHT_ASSIGN/AND_ASSIGN/XOR_ASSIGN/OR_ASSIGN/'('/')'/'['/']'/'.'/','/'&'/'*'/'+'/'-'/'/'/'%'/'<'/'>'/'^'/'|'/'='/'?'/':'
    22 expression -> '-' • expression, yyeof/PTR_OP/INC_OP/DEC_OP/LEFT_OP/RIGHT_OP/LE_OP/GE_OP/EQ_OP/NE_OP/AND_OP/OR_OP/MUL_ASSIGN/DIV_ASSIGN/MOD_ASSIGN/ADD_ASSIGN/SUB_ASSIGN/LEFT_ASSIGN/RIGHT_ASSIGN/AND_ASSIGN/XOR_ASSIGN/OR_ASSIGN/'('/')'/'['/']'/'.'/','/'&'/'*'/'+'/'-'/'/'/'%'/'<'/'>'/'^'/'|'/'='/'?'/':'
    23 expression -> • '~' expression, yyeof/PTR_OP/INC_OP/DEC_OP/LEFT_OP/RIGHT_OP/LE_OP/GE_OP/EQ_OP/NE_OP/AND_OP/OR_OP/MUL_ASSIGN/DIV_ASSIGN/MOD_ASSIGN/ADD_ASSIGN/SUB_ASSIGN/LEFT_ASSIGN/RIGHT_ASSIGN/AND_ASSIGN/XOR_ASSIGN/OR_ASSIGN/'('/')'/'['/']'/'.'/','/'&'/'*'/'+'/'-'/'/'/'%'/'<'/'>'/'^'/'|'/'='/'?'/':'
    24 expression -> • '!' expression, yyeof/PTR_OP/INC_OP/DEC_OP/LEFT_OP/RIGHT_OP/LE_OP/GE_OP/EQ_OP/NE_OP/AND_OP/OR_OP/MUL_ASSIGN/DIV_ASSIGN/MOD_ASSIGN/ADD_ASSIGN/SUB_ASSIGN/LEFT_ASSIGN/RIGHT_ASSIGN/AND_ASSIGN/XOR_ASSIGN/OR_ASSIGN/'('/')'/'['/']'/'.'/','/'&'/'*'/'+'/'-'/'/'/'%'/'<'/'>'/'^'/'|'/'='/'?'/':'
    25 expression -> • expression '+' expression, yyeof/PTR_OP/INC_OP/DEC_OP/LEFT_OP/RIGHT_OP/LE_OP/GE_OP/EQ_OP/NE_OP/AND_OP/OR_OP/MUL_ASSIGN/DIV_ASSIGN/MOD_ASSIGN/ADD_ASSIGN/SUB_ASSIGN/LEFT_ASSIGN/RIGHT_ASSIGN/AND_ASSIGN/XOR_ASSIGN/OR_ASSIGN/'('/')'/'['/']'/'.'/','/'&'/'*'/'+'/'-'/'/'/'%'/'<'/'>'/'^'/'|'/'='/'?'/':'
    26 expression -> • expression '-' expression, yyeof/PTR_OP/INC_OP/DEC_OP/LEFT_OP/RIGHT_OP/LE_OP/GE_OP/EQ_OP/NE_OP/AND_OP/OR_OP/MUL_ASSIGN/DIV_ASSIGN/MOD_ASSIGN/ADD_ASSIGN/SUB_ASSIGN/LEFT_ASSIGN/RIGHT_ASSIGN/AND_ASSIGN/XOR_ASSIGN/OR_ASSIGN/'('/')'/'['/']'/'.'/','/'&'/'*'/'+'/'-'/'/'/'%'/'<'/'>'/'^'/'|'/'='/'?'/':'
    27 expression -> • expression '*' expression, yyeof/PTR_OP/INC_OP/DEC_OP/LEFT_OP/RIGHT_OP/LE_OP/GE_OP/EQ_OP/NE_OP/AND_OP/OR_OP/MUL_ASSIGN/DIV_ASSIGN/MOD_ASSIGN/ADD_ASSIGN/SUB_ASSIGN/LEFT_ASSIGN/RIGHT_ASSIGN/AND_ASSIGN/XOR_ASSIGN/OR_ASSIGN/'('/')'/'['/']'/'.'/','/'&'/'*'/'+'/'-'/'/'/'%'/'<'/'>'/'^'/'|'/'='/'?'/':'
    28 expression -> • expression '/' expression, yyeof/PTR_OP/INC_OP/DEC_OP/LEFT_OP/RIGHT_OP/LE_OP/GE_OP/EQ_OP/NE_OP/AND_OP/OR_OP/MUL_ASSIGN/DIV_ASSIGN/MOD_ASSIGN/ADD_ASSIGN/SUB_ASSIGN/LEFT_ASSIGN/RIGHT_ASSIGN/AND_ASSIGN/XOR_ASSIGN/OR_ASSIGN/'('/')'/'['/']'/'.'/','/'&'/'*'/'+'/'-'/'/'/'%'/'<'/'>'/'^'/'|'/'='/'?'/':'
    29 expression -> • expression '%' expression, yyeof/PTR_OP/INC_OP/DEC_OP/LEFT_OP/RIGHT_OP/LE_OP/GE_OP/EQ_OP/NE_OP/AND_OP/OR_OP/MUL_ASSIGN/DIV_ASSIGN/MOD_ASSIGN/ADD_ASSIGN/SUB_ASSIGN/LEFT_ASSIGN/RIGHT_ASSIGN/AND_ASSIGN/XOR_ASSIGN/OR_ASSIGN/'('/')'/'['/']'/'.'/','/'&'/'*'/'+'/'-'/'/'/'%'/'<'/'>'/'^'/'|'/'='/'?'/':'
    30 expression -> • expression LEFT_OP expression, yyeof/PTR_OP/INC_OP/DEC_OP/LEFT_OP/RIGHT_OP/LE_OP/GE_OP/EQ_OP/NE_OP/AND_OP/OR_OP/MUL_ASSIGN/DIV_ASSIGN/MOD_ASSIGN/ADD_ASSIGN/SUB_ASSIGN/LEFT_ASSIGN/RIGHT_ASSIGN/AND_ASSIGN/XOR_ASSIGN/OR_ASSIGN/'('/')'/'['/']'/'.'/','/'&'/'*'/'+'/'-'/'/'/'%'/'<'/'>'/'^'/'|'/'='/'?'/':'
    31 expression -> • expression RIGHT_OP expression, yyeof/PTR_OP/INC_OP/DEC_OP/LEFT_OP/RIGHT_OP/LE_OP/GE_OP/EQ_OP/NE_OP/AND_OP/OR_OP/MUL_ASSIGN/DIV_ASSIGN/MOD_ASSIGN/ADD_ASSIGN/SUB_ASSIGN/LEFT_ASSIGN/RIGHT_ASSIGN/AND_ASSIGN/XOR_ASSIGN/OR_ASSIGN/'('/')'/'['/']'/'.'/','/'&'/'*'/'+'/'-'/'/'/'%'/'<'/'>'/'^'/'|'/'='/'?'/':'
    32 expression -> • expression '<' expression, yyeof/PTR_OP/INC_OP/DEC_OP/LEFT_OP/RIGHT_OP/LE_OP/GE_OP/EQ_OP/NE_OP/AND_OP/OR_OP/MUL_ASSIGN/DIV_ASSIGN/MOD_ASSIGN/ADD_ASSIGN/SUB_ASSIGN/LEFT_ASSIGN/RIGHT_ASSIGN/AND_ASSIGN/XOR_ASSIGN/OR_ASSIGN/'('/')'/'['/']'/'.'/','/'&'/'*'/'+'/'-'/'/'/'%'/'<'/'>'/'^'/'|'/'='/'?'/':'
    33 expression -> • expression '>' expression, yyeof/PTR_OP/INC_OP/DEC_OP/LEFT_OP/RIGHT_OP/LE_OP/GE_OP/EQ_OP/NE_OP/AND_OP/OR_OP/MUL_ASSIGN/DIV_ASSIGN/MOD_ASSIGN/ADD_ASSIGN/SUB_ASSIGN/LEFT_ASSIGN/RIGHT_ASSIGN/AND_ASSIGN/XOR_ASSIGN/OR_ASSIGN/'('/')'/'['/']'/'.'/','/'&'/'*'/'+'/'-'/'/'/'%'/'<'/'>'/'^'/'|'/'='/'?'/':'
    34 expression -> • expression LE_OP expression, yyeof/PTR_OP/INC_OP/DEC_OP/LEFT_OP/RIGHT_OP/LE_OP/GE_OP/EQ_OP/NE_OP/AND_OP/OR_OP/MUL_ASSIGN/DIV_ASSIGN/MOD_ASSIGN/ADD_ASSIGN/SUB_ASSIGN/LEFT_ASSIGN/RIGHT_ASSIGN/AND_ASSIGN/XOR_ASSIGN/OR_ASSIGN/'('/')'/'['/']'/'.'/','/'&'/'*'/'+'/'-'/'/'/'%'/'<'/'>'/'^'/'|'/'='/'?'/':'
    35 expression -> • expression GE_OP expression, yyeof/PTR_OP/INC_OP/DEC_OP/LEFT_OP/RIGHT_OP/LE_OP/GE_OP/EQ_OP/NE_OP/AND_OP/OR_OP/MUL_ASSIGN/DIV_ASSIGN/MOD_ASSIGN/ADD_ASSIGN/SUB_ASSIGN/LEFT_ASSIGN/RIGHT_ASSIGN/AND_ASSIGN/XOR_ASSIGN/OR_ASSIGN/'('/')'/'['/']'/'.'/','/'&'/'*'/'+'/'-'/'/'/'%'/'<'/'>'/'^'/'|'/'='/'?'/':'
    36 expression -> • expression EQ_OP expression, yyeof/PTR_OP/INC_OP/DEC_OP/LEFT_OP/RIGHT_OP/LE_OP/GE_OP/EQ_OP/NE_OP/AND_OP/OR_OP/MUL_ASSIGN/DIV_ASSIGN/MOD_ASSIGN/ADD_ASSIGN/SUB_ASSIGN/LEFT_ASSIGN/RIGHT_ASSIGN/AND_ASSIGN/XOR_ASSIGN/OR_ASSIGN/'('/')'/'['/']'/'.'/','/'&'/'*'/'+'/'-'/'/'/'%'/'<'/'>'/'^'/'|'/'='/'?'/':'
    37 expression -> • expression NE_OP expression, yyeof/PTR_OP/INC_OP/DEC_OP/LEFT_OP/RIGHT_OP/LE_OP/GE_OP/EQ_OP/NE_OP/AND_OP/OR_OP/MUL_ASSIGN/DIV_ASSIGN/MOD_ASSIGN/ADD_ASSIGN/SUB_ASSIGN/LEFT_ASSIGN/RIGHT_ASSIGN/AND_ASSIGN/XOR_ASSIGN/OR_ASSIGN/'('/')'/'['/']'/'.'/','/'&'/'*'/'+'/'-'/'/'/'%'/'<'/'>'/'^'/'|'/'='/'?'/':'
    38 expression -> • expression '&' expression, yyeof/PTR_OP/INC_OP/DEC_OP/LEFT_OP/RIGHT_OP/LE_OP/GE_OP/EQ_OP/NE_OP/AND_OP/OR_OP/MUL_ASSIGN/DIV_ASSIGN/MOD_ASSIGN/ADD_ASSIGN/SUB_ASSIGN/LEFT_ASSIGN/RIGHT_ASSIGN/AND_ASSIGN/XOR_ASSIGN/OR_ASSIGN/'('/')'/'['/']'/'.'/','/'&'/'*'/'+'/'-'/'/'/'%'/'<'/'>'/'^'/'|'/'='/'?'/':'
    39 expression -> • expression '^' expression, yyeof/PTR_OP/INC_OP/DEC_OP/LEFT_OP/RIGHT_OP/LE_OP/GE_OP/EQ_OP/NE_OP/AND_OP/OR_OP/MUL_ASSIGN/DIV_ASSIGN/MOD_ASSIGN/ADD_ASSIGN/SUB_ASSIGN/LEFT_ASSIGN/RIGHT_ASSIGN/AND_ASSIGN/XOR_ASSIGN/OR_ASSIGN/'('/')'/'['/']'/'.'/','/'&'/'*'/'+'/'-'/'/'/'%'/'<'/'>'/'^'/'|'/'='/'?'/':'
    40 expression -> • expression '|' expression, yyeof/PTR_OP/INC_OP/DEC_OP/LEFT_OP/RIGHT_OP/LE_OP/GE_OP/EQ_OP/NE_OP/AND_OP/OR_OP/MUL_ASSIGN/DIV_ASSIGN/MOD_ASSIGN/ADD_ASSIGN/SUB_ASSIGN/LEFT_ASSIGN/RIGHT_ASSIGN/AND_ASSIGN/XOR_ASSIGN/OR_ASSIGN/'('/')'/'['/']'/'.'/','/'&'/'*'/'+'/'-'/'/'/'%'/'<'/'>'/'^'/'|'/'='/'?'/':'
    41 expression -> • expression AND_OP expression, yyeof/PTR_OP/INC_OP/DEC_OP/LEFT_OP/RIGHT_OP/LE_OP/GE_OP/EQ_OP/NE_OP/AND_OP/OR_OP/MUL_ASSIGN/DIV_ASSIGN/MOD_ASSIGN/ADD_ASSIGN/SUB_ASSIGN/LEFT_ASSIGN/RIGHT_ASSIGN/AND_ASSIGN/XOR_ASSIGN/OR_ASSIGN/'('/')'/'['/']'/'.'/','/'&'/'*'/'+'/'-'/'/'/'%'/'<'/'>'/'^'/'|'/'='/'?'/':'
    42 expression -> • expression OR_OP expression, yyeof/PTR_OP/INC_OP/DEC_OP/LEFT_OP/RIGHT_OP/LE_OP/GE_OP/EQ_OP/NE_OP/AND_OP/OR_OP/MUL_ASSIGN/DIV_ASSIGN/MOD_ASSIGN/ADD_ASSIGN/SUB_ASSIGN/LEFT_ASSIGN/RIGHT_ASSIGN/AND_ASSIGN/XOR_ASSIGN/OR_ASSIGN/'('/')'/'['/']'/'.'/','/'&'/'*'/'+'/'-'/'/'/'%'/'<'/'>'/'^'/'|'/'='/'?'/':'
    43 expression -> • expression '=' expression, yyeof/PTR_OP/INC_OP/DEC_OP/LEFT_OP/RIGHT_OP/LE_OP/GE_OP/EQ_OP/NE_OP/AND_OP/OR_OP/MUL_ASSIGN/DIV_ASSIGN/MOD_ASSIGN/ADD_ASSIGN/SUB_ASSIGN/LEFT_ASSIGN/RIGHT_ASSIGN/AND_ASSIGN/XOR_ASSIGN/OR_ASSIGN/'('/')'/'['/']'/'.'/','/'&'/'*'/'+'/'-'/'/'/'%'/'<'/'>'/'^'/'|'/'='/'?'/':'
    44 expression -> • expression MUL_ASSIGN expression, yyeof/PTR_OP/INC_OP/DEC_OP/LEFT_OP/RIGHT_OP/LE_OP/GE_OP/EQ_OP/NE_OP/AND_OP/OR_OP/MUL_ASSIGN/DIV_ASSIGN/MOD_ASSIGN/ADD_ASSIGN/SUB_ASSIGN/LEFT_ASSIGN/RIGHT_ASSIGN/AND_ASSIGN/XOR_ASSIGN/OR_ASSIGN/'('/')'/'['/']'/'.'/','/'&'/'*'/'+'/'-'/'/'/'%'/'<'/'>'/'^'/'|'/'='/'?'/':'
    45 expression -> • expression DIV_ASSIGN expression, yyeof/PTR_OP/INC_OP/DEC_OP/LEFT_OP/RIGHT_OP/LE_OP/GE_OP/EQ_OP/NE_OP/AND_OP/OR_OP/MUL_ASSIGN/DIV_ASSIGN/MOD_ASSIGN/ADD_ASSIGN/SUB_ASSIGN/LEFT_ASSIGN/RIGHT_ASSIGN/AND_ASSIGN/XOR_ASSIGN/OR_ASSIGN/'('/')'/'['/']'/'.'/','/'&'/'*'/'+'/'-'/'/'/'%'/'<'/'>'/'^'/'|'/'='/'?'/':'
    46 expression -> • expression MOD_ASSIGN expression, yyeof/PTR_OP/INC_OP/DEC_OP/LEFT_OP/RIGHT_OP/LE_OP/GE_OP/EQ_OP/NE_OP/AND_OP/OR_OP/MUL_ASSIGN/DIV_ASSIGN/MOD_ASSIGN/ADD_ASSIGN/SUB_ASSIGN/LEFT_ASSIGN/RIGHT_ASSIGN/AND_ASSIGN/XOR_ASSIGN/OR_ASSIGN/'('/')'/'['/']'/'.'/','/'&'/'*'/'+'/'-'/'/'/'%'/'<'/'>'/'^'/'|'/'='/'?'/':'
    47 expression -> • expression ADD_ASSIGN expression, yyeof/PTR_OP/INC_OP/DEC_OP/LEFT_OP/RIGHT_OP/LE_OP/GE_OP/EQ_OP/NE_OP/AND_OP/OR_OP/MUL_ASSIGN/DIV_ASSIGN/MOD_ASSIGN/ADD_ASSIGN/SUB_ASSIGN/LEFT_ASSIGN/RIGHT_ASSIGN/AND_ASSIGN/XOR_ASSIGN/OR_ASSIGN/'('/')'/'['/']'/'.'/','/'&'/'*'/'+'/'-'/'/'/'%'/'<'/'>'/'^'/'|'/'='/'?'/':'
    48 expression -> • expression SUB_ASSIGN expression, yyeof/PTR_OP/INC_OP/DEC_OP/LEFT_OP/RIGHT_OP/LE_OP/GE_OP/EQ_OP/NE_OP/AND_OP/OR_OP/MUL_ASSIGN/DIV_ASSIGN/MOD_ASSIGN/ADD_ASSIGN/SUB_ASSIGN/LEFT_ASSIGN/RIGHT_ASSIGN/AND_ASSIGN/XOR_ASSIGN/OR_ASSIGN/'('/')'/'['/']'/'.'/','/'&'/'*'/'+'/'-'/'/'/'%'/'<'/'>'/'^'/'|'/'='/'?'/':'
    49 expression -> • expression LEFT_ASSIGN expression, yyeof/PTR_OP/INC_OP/DEC_OP/LEFT_OP/RIGHT_OP/LE_OP/GE_OP/EQ_OP/NE_OP/AND_OP/OR_OP/MUL_ASSIGN/DIV_ASSIGN/MOD_ASSIGN/ADD_ASSIGN/SUB_ASSIGN/LEFT_ASSIGN/RIGHT_ASSIGN/AND_ASSIGN/XOR_ASSIGN/OR_ASSIGN/'('/')'/'['/']'/'.'/','/'&'/'*'/'+'/'-'/'/'/'%'/'<'/'>'/'^'/'|'/'='/'?'/':'
    50 expression -> • expression RIGHT_ASSIGN expression, yyeof/PTR_OP/INC_OP/DEC_OP/LEFT_OP/RIGHT_OP/LE_OP/GE_OP/EQ_OP/NE_OP/AND_OP/OR_OP/MUL_ASSIGN/DIV_ASSIGN/MOD_ASSIGN/ADD_ASSIGN/SUB_ASSIGN/LEFT_ASSIGN/RIGHT_ASSIGN/AND_ASSIGN/XOR_ASSIGN/OR_ASSIGN/'('/')'/'['/']'/'.'/','/'&'/'*'/'+'/'-'/'/'/'%'/'<'/'>'/'^'/'|'/'='/'?'/':'
    51 expression -> • expression AND_ASSIGN expression, yyeof/PTR_OP/INC_OP/DEC_OP/LEFT_OP/RIGHT_OP/LE_OP/GE_OP/EQ_OP/NE_OP/AND_OP/OR_OP/MUL_ASSIGN/DIV_ASSIGN/MOD_ASSIGN/ADD_ASSIGN/SUB_ASSIGN/LEFT_ASSIGN/RIGHT_ASSIGN/AND_ASSIGN/XOR_ASSIGN/OR_ASSIGN/'('/')'/'['/']'/'.'/','/'&'/'*'/'+'/'-'/'/'/'%'/'<'/'>'/'^'/'|'/'='/'?'/':'
    52 expression -> • expression XOR_ASSIGN expression, yyeof/PTR_OP/INC_OP/DEC_OP/LEFT_OP/RIGHT_OP/LE_OP/GE_OP/EQ_OP/NE_OP/AND_OP/OR_OP/MUL_ASSIGN/DIV_ASSIGN/MOD_ASSIGN/ADD_ASSIGN/SUB_ASSIGN/LEFT_ASSIGN/RIGHT_ASSIGN/AND_ASSIGN/XOR_ASSIGN/OR_ASSIGN/'('/')'/'['/']'/'.'/','/'&'/'*'/'+'/'-'/'/'/'%'/'<'/'>'/'^'/'|'/'='/'?'/':'
    53 expression -> • expression OR_ASSIGN expression, yyeof/PTR_OP/INC_OP/DEC_OP/LEFT_OP/RIGHT_OP/LE_OP/GE_OP/EQ_OP/NE_OP/AND_OP/OR_OP/MUL_ASSIGN/DIV_ASSIGN/MOD_ASSIGN/ADD_ASSIGN/SUB_ASSIGN/LEFT_ASSIGN/RIGHT_ASSIGN/AND_ASSIGN/XOR_ASSIGN/OR_ASSIGN/'('/')'/'['/']'/'.'/','/'&'/'*'/'+'/'-'/'/'/'%'/'<'/'>'/'^'/'|'/'='/'?'/':'
    54 expression -> • expression ',' expression, yyeof/PTR_OP/INC_OP/DEC_OP/LEFT_OP/RIGHT_OP/LE_OP/GE_OP/EQ_OP/NE_OP/AND_OP/OR_OP/MUL_ASSIGN/DIV_ASSIGN/MOD_ASSIGN/ADD_ASSIGN/SUB_ASSIGN/LEFT_ASSIGN/RIGHT_ASSIGN/AND_ASSIGN/XOR_ASSIGN/OR_ASSIGN/'('/')'/'['/']'/'.'/','/'&'/'*'/'+'/'-'/'/'/'%'/'<'/'>'/'^'/'|'/'='/'?'/':'
    55 expression -> • expression '?' expression ':' expression, yyeof/PTR_OP/INC_OP/DEC_OP/LEFT_OP/RIGHT_OP/LE_OP/GE_OP/EQ_OP/NE_OP/AND_OP/OR_OP/MUL_ASSIGN/DIV_ASSIGN/MOD_ASSIGN/ADD_ASSIGN/SUB_ASSIGN/LEFT_ASSIGN/RIGHT_ASSIGN/AND_ASSIGN/XOR_ASSIGN/OR_ASSIGN/'('/')'/'['/']'/'.'/','/'&'/'*'/'+'/'-'/'/'/'%'/'<'/'>'/'^'/'|'/'='/'?'/':'

    IDENTIFIER shift, and go to state 1
    STRING_LITERAL shift, and go to state 2
    CONSTANT shift, and go to state 3
    SIZEOF shift, and go to state 4
    INC_OP shift, and go to state 5
    DEC_OP shift, and go to state 6
    '(' shift, and go to state 9
    '&' shift, and go to state 10
    '*' shift, and go to state 11
    '+' shift, and go to state 12
    '-' shift, and go to state 13
    '~' shift, and go to state 14
    '!' shift, and go to state 15

    expression go to state 62


State 14

    2 expression -> • IDENTIFIER, yyeof/PTR_OP/INC_OP/DEC_OP/LEFT_OP/RIGHT_OP/LE_OP/GE_OP/EQ_OP/NE_OP/AND_OP/OR_OP/MUL_ASSIGN/DIV_ASSIGN/MOD_ASSIGN/ADD_ASSIGN/SUB_ASSIGN/LEFT_ASSIGN/RIGHT_ASSIGN/AND_ASSIGN/XOR_ASSIGN/OR_ASSIGN/'('/')'/'['/']'/'.'/','/'&'/'*'/'+'/'-'/'/'/'%'/'<'/'>'/'^'/'|'/'='/'?'/':'
    3 expression -> • CONSTANT, yyeof/PTR_OP/INC_OP/DEC_OP/LEFT_OP/RIGHT_OP/LE_OP/GE_OP/EQ_OP/NE_OP/AND_OP/OR_OP/MUL_ASSIGN/DIV_ASSIGN/MOD_ASSIGN/ADD_ASSIGN/SUB_ASSIGN/LEFT_ASSIGN/RIGHT_ASSIGN/AND_ASSIGN/XOR_ASSIGN/OR_ASSIGN/'('/')'/'['/']'/'.'/','/'&'/'*'/'+'/'-'/'/'/'%'/'<'/'>'/'^'/'|'/'='/'?'/':'
    4 expression -> • STRING_LITERAL, yyeof/PTR_OP/INC_OP/DEC_OP/LEFT_OP/RIGHT_OP/LE_OP/GE_OP/EQ_OP/NE_OP/AND_OP/OR_OP/MUL_ASSIGN/DIV_ASSIGN/MOD_ASSIGN/ADD_ASSIGN/SUB_ASSIGN/LEFT_ASSIGN/RIGHT_ASSIGN/AND_ASSIGN/XOR_ASSIGN/OR_ASSIGN/'('/')'/'['/']'/'.'/','/'&'/'*'/'+'/'-'/'/'/'%'/'<'/'>'/'^'/'|'/'='/'?'/':'
    5 expression -> • '(' expression ')', yyeof/PTR_OP/INC_OP/DEC_OP/LEFT_OP/RIGHT_OP/LE_OP/GE_OP/EQ_OP/NE_OP/AND_OP/OR_OP/MUL_ASSIGN/DIV_ASSIGN/MOD_ASSIGN/ADD_ASSIGN/SUB_ASSIGN/LEFT_ASSIGN/RIGHT_ASSIGN/AND_ASSIGN/XOR_ASSIGN/OR_ASSIGN/'('/')'/'['/']'/'.'/','/'&'/'*'/'+'/'-'/'/'/'%'/'<'/'>'/'^'/'|'/'='/'?'/':'
    6 expression -> • expression '[' expression ']', yyeof/PTR_OP/INC_OP/DEC_OP/LEFT_OP/RIGHT_OP/LE_OP/GE_OP/EQ_OP/NE_OP/AND_OP/OR_OP/MUL_ASSIGN/DIV_ASSIGN/MOD_ASSIGN/ADD_ASSIGN/SUB_ASSIGN/LEFT_ASSIGN/RIGHT_ASSIGN/AND_ASSIGN/XOR_ASSIGN/OR_ASSIGN/'('/')'/'['/']'/'.'/','/'&'/'*'/'+'/'-'/'/'/'%'/'<'/'>'/'^'/'|'/'='/'?'/':'
    7 expression -> • expression '(' ')', yyeof/PTR_OP/INC_OP/DEC_OP/LEFT_OP/RIGHT_OP/LE_OP/GE_OP/EQ_OP/NE_OP/AND_OP/OR_OP/MUL_ASSIGN/DIV_ASSIGN/MOD_ASSIGN/ADD_ASSIGN/SUB_ASSIGN/LEFT_ASSIGN/RIGHT_ASSIGN/AND_ASSIGN/XOR_ASSIGN/OR_ASSIGN/'('/')'/'['/']'/'.'/','/'&'/'*'/'+'/'-'/'/'/'%'/'<'/'>'/'^'/'|'/'='/'?'/':'
    8 expression -> • expression '(' expression ')', yyeof/PTR_OP/INC_OP/DEC_OP/LEFT_OP/RIGHT_OP/LE_OP/GE_OP/EQ_OP/NE_OP/AND_OP/OR_OP/MUL_ASSIGN/DIV_ASSIGN/MOD_ASSIGN/ADD_ASSIGN/SUB_ASSIGN/LEFT_ASSIGN/RIGHT_ASSIGN/AND_ASSIGN/XOR_ASSIGN/OR_ASSIGN/'('/')'/'['/']'/'.'/','/'&'/'*'/'+'/'-'/'/'/'%'/'<'/'>'/'^'/'|'/'='/'?'/':'
    9 expression -> • expression '.' IDENTIFIER, yyeof/PTR_OP/INC_OP/DEC_OP/LEFT_OP/RIGHT_OP/LE_OP/GE_OP/EQ_OP/NE_OP/AND_OP/OR_OP/MUL_ASSIGN/DIV_ASSIGN/MOD_ASSIGN/ADD_ASSIGN/SUB_ASSIGN/LEFT_ASSIGN/RIGHT_ASSIGN/AND_ASSIGN/XOR_ASSIGN/OR_ASSIGN/'('/')'/'['/']'/'.'/','/'&'/'*'/'+'/'-'/'/'/'%'/'<'/'>'/'^'/'|'/'='/'?'/':'
    10 expression -> • expression PTR_OP IDENTIFIER, yyeof/PTR_OP/INC_OP/DEC_OP/LEFT_OP/RIGHT_OP/LE_OP/GE_OP/EQ_OP/NE_OP/AND_OP/OR_OP/MUL_ASSIGN/DIV_ASSIGN/MOD_ASSIGN/ADD_ASSIGN/SUB_ASSIGN/LEFT_ASSIGN/RIGHT_ASSIGN/AND_ASSIGN/XOR_ASSIGN/OR_ASSIGN/'('/')'/'['/']'/'.'/','/'&'/'*'/'+'/'-'/'/'/'%'/'<'/'>'/'^'/'|'/'='/'?'/':'
    11 expression -> • expression INC_OP, yyeof/PTR_OP/INC_OP/DEC_OP/LEFT_OP/RIGHT_OP/LE_OP/GE_OP/EQ_OP/NE_OP/AND_OP/OR_OP/MUL_ASSIGN/DIV_ASSIGN/MOD_ASSIGN/ADD_ASSIGN/SUB_ASSIGN/LEFT_ASSIGN/RIGHT_ASSIGN/AND_ASSIGN/XOR_ASSIGN/OR_ASSIGN/'('/')'/'['/']'/'.'/','/'&'/'*'/'+'/'-'/'/'/'%'/'<'/'>'/'^'/'|'/'='/'?'/':'
    12 expression -> • expression DEC_OP, yyeof/PTR_OP/INC_OP/DEC_OP/LEFT_OP/RIGHT_OP/LE_OP/GE_OP/EQ_OP/NE_OP/AND_OP/OR_OP/MUL_ASSIGN/DIV_ASSIGN/MOD_ASSIGN/ADD_ASSIGN/SUB_ASSIGN/LEFT_ASSIGN/RIGHT_ASSIGN/AND_ASSIGN/XOR_ASSIGN/OR_ASSIGN/'('/')'/'['/']'/'.'/','/'&'/'*'/'+'/'-'/'/'/'%'/'<'/'>'/'^'/'|'/'='/'?'/':'
    13 expression -> • expression ',' expression, yyeof/PTR_OP/INC_OP/DEC_OP/LEFT_OP/RIGHT_OP/LE_OP/GE_OP/EQ_OP/NE_OP/AND_OP/OR_OP/MUL_ASSIGN/DIV_ASSIGN/MOD_ASSIGN/ADD_ASSIGN/SUB_ASSIGN/LEFT_ASSIGN/RIGHT_ASSIGN/AND_ASSIGN/XOR_ASSIGN/OR_ASSIGN/'('/')'/'['/']'/'.'/','/'&'/'*'/'+'/'-'/'/'/'%'/'<'/'>'/'^'/'|'/'='/'?'/':'
    14 expression -> • INC_OP expression, yyeof/PTR_OP/INC_OP/DEC_OP/LEFT_OP/RIGHT_OP/LE_OP/GE_OP/EQ_OP/NE_OP/AND_OP/OR_OP/MUL_ASSIGN/DIV_ASSIGN/MOD_ASSIGN/ADD_ASSIGN/SUB_ASSIGN/LEFT_ASSIGN/RIGHT_ASSIGN/AND_ASSIGN/XOR_ASSIGN/OR_ASSIGN/'('/')'/'['/']'/'.'/','/'&'/'*'/'+'/'-'/'/'/'%'/'<'/'>'/'^'/'|'/'='/'?'/':'
    15 expression -> • DEC_OP expression, yyeof/PTR_OP/INC_OP/DEC_OP/LEFT_OP/RIGHT_OP/LE_OP/GE_OP/EQ_OP/NE_OP/AND_OP/OR_OP/MUL_ASSIGN/DIV_ASSIGN/MOD_ASSIGN/ADD_ASSIGN/SUB_ASSIGN/LEFT_ASSIGN/RIGHT_ASSIGN/AND_ASSIGN/XOR_ASSIGN/OR_ASSIGN/'('/')'/'['/']'/'.'/','/'&'/'*'/'+'/'-'/'/'/'%'/'<'/'>'/'^'/'|'/'='/'?'/':'
    16 expression -> • SIZEOF expression, yyeof/PTR_OP/INC_OP/DEC_OP/LEFT_OP/RIGHT_OP/LE_OP/GE_OP/EQ_OP/NE_OP/AND_OP/OR_OP/MUL_ASSIGN/DIV_ASSIGN/MOD_ASSIGN/ADD_ASSIGN/SUB_ASSIGN/LEFT_ASSIGN/RIGHT_ASSIGN/AND_ASSIGN/XOR_ASSIGN/OR_ASSIGN/'('/')'/'['/']'/'.'/','/'&'/'*'/'+'/'-'/'/'/'%'/'<'/'>'/'^'/'|'/'='/'?'/':'
    17 expression -> • SIZEOF '(' type_name ')', yyeof/PTR_OP/INC_OP/DEC_OP/LEFT_OP/RIGHT_OP/LE_OP/GE_OP/EQ_OP/NE_OP/AND_OP/OR_OP/MUL_ASSIGN/DIV_ASSIGN/MOD_ASSIGN/ADD_ASSIGN/SUB_ASSIGN/LEFT_ASSIGN/RIGHT_ASSIGN/AND_ASSIGN/XOR_ASSIGN/OR_ASSIGN/'('/')'/'['/']'/'.'/','/'&'/'*'/'+'/'-'/'/'/'%'/'<'/'>'/'^'/'|'/'='/'?'/':'
    18 expression -> • '(' type_name ')' expression, yyeof/PTR_OP/INC_OP/DEC_OP/LEFT_OP/RIGHT_OP/LE_OP/GE_OP/EQ_OP/NE_OP/AND_OP/OR_OP/MUL_ASSIGN/DIV_ASSIGN/MOD_ASSIGN/ADD_ASSIGN/SUB_ASSIGN/LEFT_ASSIGN/RIGHT_ASSIGN/AND_ASSIGN/XOR_ASSIGN/OR_ASSIGN/'('/')'/'['/']'/'.'/','/'&'/'*'/'+'/'-'/'/'/'%'/'<'/'>'/'^'/'|'/'='/'?'/':'
    19 expression -> • '&' expression, yyeof/PTR_OP/INC_OP/DEC_OP/LEFT_OP/RIGHT_OP/LE_OP/GE_OP/EQ_OP/NE_OP/AND_OP/OR_OP/MUL_ASSIGN/DIV_ASSIGN/MOD_ASSIGN/ADD_ASSIGN/SUB_ASSIGN/LEFT_ASSIGN/RIGHT_ASSIGN/AND_ASSIGN/XOR_ASSIGN/OR_ASSIGN/'('/')'/'['/']'/'.'/','/'&'/'*'/'+'/'-'/'/'/'%'/'<'/'>'/'^'/'|'/'='/'?'/':'
    20 expression -> • '*' expression, yyeof/PTR_OP/INC_OP/DEC_OP/LEFT_OP/RIGHT_OP/LE_OP/GE_OP/EQ_OP/NE_OP/AND_OP/OR_OP/MUL_ASSIGN/DIV_ASSIGN/MOD_ASSIGN/ADD_ASSIGN/SUB_ASSIGN/LEFT_ASSIGN/RIGHT_ASSIGN/AND_ASSIGN/XOR_ASSIGN/OR_ASSIGN/'('/')'/'['/']'/'.'/','/'&'/'*'/'+'/'-'/'/'/'%'/'<'/'>'/'^'/'|'/'='/'?'/':'
    21 expression -> • '+' expression, yyeof/PTR_OP/INC_OP/DEC_OP/LEFT_OP/RIGHT_OP/LE_OP/GE_OP/EQ_OP/NE_OP/AND_OP/OR_OP/MUL_ASSIGN/DIV_ASSIGN/MOD_ASSIGN/ADD_ASSIGN/SUB_ASSIGN/LEFT_ASSIGN/RIGHT_ASSIGN/AND_ASSIGN/XOR_ASSIGN/OR_ASSIGN/'('/')'/'['/']'/'.'/','/'&'/'*'/'+'/'-'/'/'/'%'/'<'/'>'/'^'/'|'/'='/'?'/':'
    22 expression -> • '-' expression, yyeof/PTR_OP/INC_OP/DEC_OP/LEFT_OP/RIGHT_OP/LE_OP/GE_OP/EQ_OP/NE_OP/AND_OP/OR_OP/MUL_ASSIGN/DIV_ASSIGN/MOD_ASSIGN/ADD_ASSIGN/SUB_ASSIGN/LEFT_ASSIGN/RIGHT_ASSIGN/AND_ASSIGN/XOR_ASSIGN/OR_ASSIGN/'('/')'/'['/']'/'.'/','/'&'/'*'/'+'/'-'/'/'/'%'/'<'/'>'/'^'/'|'/'='/'?'/':'
    23 expression -> • '~' expression, yyeof/PTR_OP/INC_OP/DEC_OP/LEFT_OP/RIGHT_OP/LE_OP/GE_OP/EQ_OP/NE_OP/AND_OP/OR_OP/MUL_ASSIGN/DIV_ASSIGN/MOD_ASSIGN/ADD_ASSIGN/SUB_ASSIGN/LEFT_ASSIGN/RIGHT_ASSIGN/AND_ASSIGN/XOR_ASSIGN/OR_ASSIGN/'('/')'/'['/']'/'.'/','/'&'/'*'/'+'/'-'/'/'/'%'/'<'/'>'/'^'/'|'/'='/'?'/':'
    23 expression -> '~' • expression, yyeof/PTR_OP/INC_OP/DEC_OP/LEFT_OP/RIGHT_OP/LE_OP/GE_OP/EQ_OP/NE_OP/AND_OP/OR_OP/MUL_ASSIGN/DIV_ASSIGN/MOD_ASSIGN/ADD_ASSIGN/SUB_ASSIGN/LEFT_ASSIGN/RIGHT_ASSIGN/AND_ASSIGN/XOR_ASSIGN/OR_ASSIGN/'('/')'/'['/']'/'.'/','/'&'/'*'/'+'/'-'/'/'/'%'/'<'/'>'/'^'/'|'/'='/'?'/':'
    24 expression -> • '!' expression, yyeof/PTR_OP/INC_OP/DEC_OP/LEFT_OP/RIGHT_OP/LE_OP/GE_OP/EQ_OP/NE_OP/AND_OP/OR_OP/MUL_ASSIGN/DIV_ASSIGN/MOD_ASSIGN/ADD_ASSIGN/SUB_ASSIGN/LEFT_ASSIGN/RIGHT_ASSIGN/AND_ASSIGN/XOR_ASSIGN/OR_ASSIGN/'('/')'/'['/']'/'.'/','/'&'/'*'/'+'/'-'/'/'/'%'/'<'/'>'/'^'/'|'/'='/'?'/':'
    25 expression -> • expression '+' expression, yyeof/PTR_OP/INC_OP/DEC_OP/LEFT_OP/RIGHT_OP/LE_OP/GE_OP/EQ_OP/NE_OP/AND_OP/OR_OP/MUL_ASSIGN/DIV_ASSIGN/MOD_ASSIGN/ADD_ASSIGN/SUB_ASSIGN/LEFT_ASSIGN/RIGHT_ASSIGN/AND_ASSIGN/XOR_ASSIGN/OR_ASSIGN/'('/')'/'['/']'/'.'/','/'&'/'*'/'+'/'-'/'/'/'%'/'<'/'>'/'^'/'|'/'='/'?'/':'
    26 expression -> • expression '-' expression, yyeof/PTR_OP/INC_OP/DEC_OP/LEFT_OP/RIGHT_OP/LE_OP/GE_OP/EQ_OP/NE_OP/AND_OP/OR_OP/MUL_ASSIGN/DIV_ASSIGN/MOD_ASSIGN/ADD_ASSIGN/SUB_ASSIGN/LEFT_ASSIGN/RIGHT_ASSIGN/AND_ASSIGN/XOR_ASSIGN/OR_ASSIGN/'('/')'/'['/']'/'.'/','/'&'/'*'/'+'/'-'/'/'/'%'/'<'/'>'/'^'/'|'/'='/'?'/':'
    27 expression -> • expression '*' expression, yyeof/PTR_OP/INC_OP/DEC_OP/LEFT_OP/RIGHT_OP/LE_OP/GE_OP/EQ_OP/NE_OP/AND_OP/OR_OP/MUL_ASSIGN/DIV_ASSIGN/MOD_ASSIGN/ADD_ASSIGN/SUB_ASSIGN/LEFT_ASSIGN/RIGHT_ASSIGN/AND_ASSIGN/XOR_ASSIGN/OR_ASSIGN/'('/')'/'['/']'/'.'/','/'&'/'*'/'+'/'-'/'/'/'%'/'<'/'>'/'^'/'|'/'='/'?'/':'
    28 expression -> • expression '/' expression, yyeof/PTR_OP/INC_OP/DEC_OP/LEFT_OP/RIGHT_OP/LE_OP/GE_OP/EQ_OP/NE_OP/AND_OP/OR_OP/MUL_ASSIGN/DIV_ASSIGN/MOD_ASSIGN/ADD_ASSIGN/SUB_ASSIGN/LEFT_ASSIGN/RIGHT_ASSIGN/AND_ASSIGN/XOR_ASSIGN/OR_ASSIGN/'('/')'/'['/']'/'.'/','/'&'/'*'/'+'/'-'/'/'/'%'/'<'/'>'/'^'/'|'/'='/'?'/':'
    29 expression -> • expression '%' expression, yyeof/PTR_OP/INC_OP/DEC_OP/LEFT_OP/RIGHT_OP/LE_OP/GE_OP/EQ_OP/NE_OP/AND_OP/OR_OP/MUL_ASSIGN/DIV_ASSIGN/MOD_ASSIGN/ADD_ASSIGN/SUB_ASSIGN/LEFT_ASSIGN/RIGHT_ASSIGN/AND_ASSIGN/XOR_ASSIGN/OR_ASSIGN/'('/')'/'['/']'/'.'/','/'&'/'*'/'+'/'-'/'/'/'%'/'<'/'>'/'^'/'|'/'='/'?'/':'
    30 expression -> • expression LEFT_OP expression, yyeof/PTR_OP/INC_OP/DEC_OP/LEFT_OP/RIGHT_OP/LE_OP/GE_OP/EQ_OP/NE_OP/AND_OP/OR_OP/MUL_ASSIGN/DIV_ASSIGN/MOD_ASSIGN/ADD_ASSIGN/SUB_ASSIGN/LEFT_ASSIGN/RIGHT_ASSIGN/AND_ASSIGN/XOR_ASSIGN/OR_ASSIGN/'('/')'/'['/']'/'.'/','/'&'/'*'/'+'/'-'/'/'/'%'/'<'/'>'/'^'/'|'/'='/'?'/':'
    31 expression -> • expression RIGHT_OP expression, yyeof/PTR_OP/INC_OP/DEC_OP/LEFT_OP/RIGHT_OP/LE_OP/GE_OP/EQ_OP/NE_OP/AND_OP/OR_OP/MUL_ASSIGN/DIV_ASSIGN/MOD_ASSIGN/ADD_ASSIGN/SUB_ASSIGN/LEFT_ASSIGN/RIGHT_ASSIGN/AND_ASSIGN/XOR_ASSIGN/OR_ASSIGN/'('/')'/'['/']'/'.'/','/'&'/'*'/'+'/'-'/'/'/'%'/'<'/'>'/'^'/'|'/'='/'?'/':'
    32 expression -> • expression '<' expression, yyeof/PTR_OP/INC_OP/DEC_OP/LEFT_OP/RIGHT_OP/LE_OP/GE_OP/EQ_OP/NE_OP/AND_OP/OR_OP/MUL_ASSIGN/DIV_ASSIGN/MOD_ASSIGN/ADD_ASSIGN/SUB_ASSIGN/LEFT_ASSIGN/RIGHT_ASSIGN/AND_ASSIGN/XOR_ASSIGN/OR_ASSIGN/'('/')'/'['/']'/'.'/','/'&'/'*'/'+'/'-'/'/'/'%'/'<'/'>'/'^'/'|'/'='/'?'/':'
    33 expression -> • expression '>' expression, yyeof/PTR_OP/INC_OP/DEC_OP/LEFT_OP/RIGHT_OP/LE_OP/GE_OP/EQ_OP/NE_OP/AND_OP/OR_OP/MUL_ASSIGN/DIV_ASSIGN/MOD_ASSIGN/ADD_ASSIGN/SUB_ASSIGN/LEFT_ASSIGN/RIGHT_ASSIGN/AND_ASSIGN/XOR_ASSIGN/OR_ASSIGN/'('/')'/'['/']'/'.'/','/'&'/'*'/'+'/'-'/'/'/'%'/'<'/'>'/'^'/'|'/'='/'?'/':'
    34 expression -> • expression LE_OP expression, yyeof/PTR_OP/INC_OP/DEC_OP/LEFT_OP/RIGHT_OP/LE_OP/GE_OP/EQ_OP/NE_OP/AND_OP/OR_OP/MUL_ASSIGN/DIV_ASSIGN/MOD_ASSIGN/ADD_ASSIGN/SUB_ASSIGN/LEFT_ASSIGN/RIGHT_ASSIGN/AND_ASSIGN/XOR_ASSIGN/OR_ASSIGN/'('/')'/'['/']'/'.'/','/'&'/'*'/'+'/'-'/'/'/'%'/'<'/'>'/'^'/'|'/'='/'?'/':'
    35 expression -> • expression GE_OP expression, yyeof/PTR_OP/INC_OP/DEC_OP/LEFT_OP/RIGHT_OP/LE_OP/GE_OP/EQ_OP/NE_OP/AND_OP/OR_OP/MUL_ASSIGN/DIV_ASSIGN/MOD_ASSIGN/ADD_ASSIGN/SUB_ASSIGN/LEFT_ASSIGN/RIGHT_ASSIGN/AND_ASSIGN/XOR_ASSIGN/OR_ASSIGN/'('/')'/'['/']'/'.'/','/'&'/'*'/'+'/'-'/'/'/'%'/'<'/'>'/'^'/'|'/'='/'?'/':'
    36 expression -> • expression EQ_OP expression, yyeof/PTR_OP/INC_OP/DEC_OP/LEFT_OP/RIGHT_OP/LE_OP/GE_OP/EQ_OP/NE_OP/AND_OP/OR_OP/MUL_ASSIGN/DIV_ASSIGN/MOD_ASSIGN/ADD_ASSIGN/SUB_ASSIGN/LEFT_ASSIGN/RIGHT_ASSIGN/AND_ASSIGN/XOR_ASSIGN/OR_ASSIGN/'('/')'/'['/']'/'.'/','/'&'/'*'/'+'/'-'/'/'/'%'/'<'/'>'/'^'/'|'/'='/'?'/':'
    37 expression -> • expression NE_OP expression, yyeof/PTR_OP/INC_OP/DEC_OP/LEFT_OP/RIGHT_OP/LE_OP/GE_OP/EQ_OP/NE_OP/AND_OP/OR_OP/MUL_ASSIGN/DIV_ASSIGN/MOD_ASSIGN/ADD_ASSIGN/SUB_ASSIGN/LEFT_ASSIGN/RIGHT_ASSIGN/AND_ASSIGN/XOR_ASSIGN/OR_ASSIGN/'('/')'/'['/']'/'.'/','/'&'/'*'/'+'/'-'/'/'/'%'/'<'/'>'/'^'/'|'/'='/'?'/':'
    38 expression -> • expression '&' expression, yyeof/PTR_OP/INC_OP/DEC_OP/LEFT_OP/RIGHT_OP/LE_OP/GE_OP/EQ_OP/NE_OP/AND_OP/OR_OP/MUL_ASSIGN/DIV_ASSIGN/MOD_ASSIGN/ADD_ASSIGN/SUB_ASSIGN/LEFT_ASSIGN/RIGHT_ASSIGN/AND_ASSIGN/XOR_ASSIGN/OR_ASSIGN/'('/')'/'['/']'/'.'/','/'&'/'*'/'+'/'-'/'/'/'%'/'<'/'>'/'^'/'|'/'='/'?'/':'
    39 expression -> • expression '^' expression, yyeof/PTR_OP/INC_OP/DEC_OP/LEFT_OP/RIGHT_OP/LE_OP/GE_OP/EQ_OP/NE_OP/AND_OP/OR_OP/MUL_ASSIGN/DIV_ASSIGN/MOD_ASSIGN/ADD_ASSIGN/SUB_ASSIGN/LEFT_ASSIGN/RIGHT_ASSIGN/AND_ASSIGN/XOR_ASSIGN/OR_ASSIGN/'('/')'/'['/']'/'.'/','/'&'/'*'/'+'/'-'/'/'/'%'/'<'/'>'/'^'/'|'/'='/'?'/':'
    40 expression -> • expression '|' expression, yyeof/PTR_OP/INC_OP/DEC_OP/LEFT_OP/RIGHT_OP/LE_OP/GE_OP/EQ_OP/NE_OP/AND_OP/OR_OP/MUL_ASSIGN/DIV_ASSIGN/MOD_ASSIGN/ADD_ASSIGN/SUB_ASSIGN/LEFT_ASSIGN/RIGHT_ASSIGN/AND_ASSIGN/XOR_ASSIGN/OR_ASSIGN/'('/')'/'['/']'/'.'/','/'&'/'*'/'+'/'-'/'/'/'%'/'<'/'>'/'^'/'|'/'='/'?'/':'
    41 expression -> • expression AND_OP expression, yyeof/PTR_OP/INC_OP/DEC_OP/LEFT_OP/RIGHT_OP/LE_OP/GE_OP/EQ_OP/NE_OP/AND_OP/OR_OP/MUL_ASSIGN/DIV_ASSIGN/MOD_ASSIGN/ADD_ASSIGN/SUB_ASSIGN/LEFT_ASSIGN/RIGHT_ASSIGN/AND_ASSIGN/XOR_ASSIGN/OR_ASSIGN/'('/')'/'['/']'/'.'/','/'&'/'*'/'+'/'-'/'/'/'%'/'<'/'>'/'^'/'|'/'='/'?'/':'
    42 expression -> • expression OR_OP expression, yyeof/PTR_OP/INC_OP/DEC_OP/LEFT_OP/RIGHT_OP/LE_OP/GE_OP/EQ_OP/NE_OP/AND_OP/OR_OP/MUL_ASSIGN/DIV_ASSIGN/MOD_ASSIGN/ADD_ASSIGN/SUB_ASSIGN/LEFT_ASSIGN/RIGHT_ASSIGN/AND_ASSIGN/XOR_ASSIGN/OR_ASSIGN/'('/')'/'['/']'/'.'/','/'&'/'*'/'+'/'-'/'/'/'%'/'<'/'>'/'^'/'|'/'='/'?'/':'
    43 expression -> • expression '=' expression, yyeof/PTR_OP/INC_OP/DEC_OP/LEFT_OP/RIGHT_OP/LE_OP/GE_OP/EQ_OP/NE_OP/AND_OP/OR_OP/MUL_ASSIGN/DIV_ASSIGN/MOD_ASSIGN/ADD_ASSIGN/SUB_ASSIGN/LEFT_ASSIGN/RIGHT_ASSIGN/AND_ASSIGN/XOR_ASSIGN/OR_ASSIGN/'('/')'/'['/']'/'.'/','/'&'/'*'/'+'/'-'/'/'/'%'/'<'/'>'/'^'/'|'/'='/'?'/':'
    44 expression -> • expression MUL_ASSIGN expression, yyeof/PTR_OP/INC_OP/DEC_OP/LEFT_OP/RIGHT_OP/LE_OP/GE_OP/EQ_OP/NE_OP/AND_OP/OR_OP/MUL_ASSIGN/DIV_ASSIGN/MOD_ASSIGN/ADD_ASSIGN/SUB_ASSIGN/LEFT_ASSIGN/RIGHT_ASSIGN/AND_ASSIGN/XOR_ASSIGN/OR_ASSIGN/'('/')'/'['/']'/'.'/','/'&'/'*'/'+'/'-'/'/'/'%'/'<'/'>'/'^'/'|'/'='/'?'/':'
    45 expression -> • expression DIV_ASSIGN expression, yyeof/PTR_OP/INC_OP/DEC_OP/LEFT_OP/RIGHT_OP/LE_OP/GE_OP/EQ_OP/NE_OP/AND_OP/OR_OP/MUL_ASSIGN/DIV_ASSIGN/MOD_ASSIGN/ADD_ASSIGN/SUB_ASSIGN/LEFT_ASSIGN/RIGHT_ASSIGN/AND_ASSIGN/XOR_ASSIGN/OR_ASSIGN/'('/')'/'['/']'/'.'/','/'&'/'*'/'+'/'-'/'/'/'%'/'<'/'>'/'^'/'|'/'='/'?'/':'
    46 expression -> • expression MOD_ASSIGN expression, yyeof/PTR_OP/INC_OP/DEC_OP/LEFT_OP/RIGHT_OP/LE_OP/GE_OP/EQ_OP/NE_OP/AND_OP/OR_OP/MUL_ASSIGN/DIV_ASSIGN/MOD_ASSIGN/ADD_ASSIGN/SUB_ASSIGN/LEFT_ASSIGN/RIGHT_ASSIGN/AND_ASSIGN/XOR_ASSIGN/OR_ASSIGN/'('/')'/'['/']'/'.'/','/'&'/'*'/'+'/'-'/'/'/'%'/'<'/'>'/'^'/'|'/'='/'?'/':'
    47 expression -> • expression ADD_ASSIGN expression, yyeof/PTR_OP/INC_OP/DEC_OP/LEFT_OP/RIGHT_OP/LE_OP/GE_OP/EQ_OP/NE_OP/AND_OP/OR_OP/MUL_ASSIGN/DIV_ASSIGN/MOD_ASSIGN/ADD_ASSIGN/SUB_ASSIGN/LEFT_ASSIGN/RIGHT_ASSIGN/AND_ASSIGN/XOR_ASSIGN/OR_ASSIGN/'('/')'/'['/']'/'.'/','/'&'/'*'/'+'/'-'/'/'/'%'/'<'/'>'/'^'/'|'/'='/'?'/':'
    48 expression -> • expression SUB_ASSIGN expression, yyeof/PTR_OP/INC_OP/DEC_OP/LEFT_OP/RIGHT_OP/LE_OP/GE_OP/EQ_OP/NE_OP/AND_OP/OR_OP/MUL_ASSIGN/DIV_ASSIGN/MOD_ASSIGN/ADD_ASSIGN/SUB_ASSIGN/LEFT_ASSIGN/RIGHT_ASSIGN/AND_ASSIGN/XOR_ASSIGN/OR_ASSIGN/'('/')'/'['/']'/'.'/','/'&'/'*'/'+'/'-'/'/'/'%'/'<'/'>'/'^'/'|'/'='/'?'/':'
    49 expression -> • expression LEFT_ASSIGN expression, yyeof/PTR_OP/INC_OP/DEC_OP/LEFT_OP/RIGHT_OP/LE_OP/GE_OP/EQ_OP/NE_OP/AND_OP/OR_OP/MUL_ASSIGN/DIV_ASSIGN/MOD_ASSIGN/ADD_ASSIGN/SUB_ASSIGN/LEFT_ASSIGN/RIGHT_ASSIGN/AND_ASSIGN/XOR_ASSIGN/OR_ASSIGN/'('/')'/'['/']'/'.'/','/'&'/'*'/'+'/'-'/'/'/'%'/'<'/'>'/'^'/'|'/'='/'?'/':'
    50 expression -> • expression RIGHT_ASSIGN expression, yyeof/PTR_OP/INC_OP/DEC_OP/LEFT_OP/RIGHT_OP/LE_OP/GE_OP/EQ_OP/NE_OP/AND_OP/OR_OP/MUL_ASSIGN/DIV_ASSIGN/MOD_ASSIGN/ADD_ASSIGN/SUB_ASSIGN/LEFT_ASSIGN/RIGHT_ASSIGN/AND_ASSIGN/XOR_ASSIGN/OR_ASSIGN/'('/')'/'['/']'/'.'/','/'&'/'*'/'+'/'-'/'/'/'%'/'<'/'>'/'^'/'|'/'='/'?'/':'
    51 expression -> • expression AND_ASSIGN expression, yyeof/PTR_OP/INC_OP/DEC_OP/LEFT_OP/RIGHT_OP/LE_OP/GE_OP/EQ_OP/NE_OP/AND_OP/OR_OP/MUL_ASSIGN/DIV_ASSIGN/MOD_ASSIGN/ADD_ASSIGN/SUB_ASSIGN/LEFT_ASSIGN/RIGHT_ASSIGN/AND_ASSIGN/XOR_ASSIGN/OR_ASSIGN/'('/')'/'['/']'/'.'/','/'&'/'*'/'+'/'-'/'/'/'%'/'<'/'>'/'^'/'|'/'='/'?'/':'
    52 expression -> • expression XOR_ASSIGN expression, yyeof/PTR_OP/INC_OP/DEC_OP/LEFT_OP/RIGHT_OP/LE_OP/GE_OP/EQ_OP/NE_OP/AND_OP/OR_OP/MUL_ASSIGN/DIV_ASSIGN/MOD_ASSIGN/ADD_ASSIGN/SUB_ASSIGN/LEFT_ASSIGN/RIGHT_ASSIGN/AND_ASSIGN/XOR_ASSIGN/OR_ASSIGN/'('/')'/'['/']'/'.'/','/'&'/'*'/'+'/'-'/'/'/'%'/'<'/'>'/'^'/'|'/'='/'?'/':'
    53 expression -> • expression OR_ASSIGN expression, yyeof/PTR_OP/INC_OP/DEC_OP/LEFT_OP/RIGHT_OP/LE_OP/GE_OP/EQ_OP/NE_OP/AND_OP/OR_OP/MUL_ASSIGN/DIV_ASSIGN/MOD_ASSIGN/ADD_ASSIGN/SUB_ASSIGN/LEFT_ASSIGN/RIGHT_ASSIGN/AND_ASSIGN/XOR_ASSIGN/OR_ASSIGN/'('/')'/'['/']'/'.'/','/'&'/'*'/'+'/'-'/'/'/'%'/'<'/'>'/'^'/'|'/'='/'?'/':'
    54 expression -> • expression ',' expression, yyeof/PTR_OP/INC_OP/DEC_OP/LEFT_OP/RIGHT_OP/LE_OP/GE_OP/EQ_OP/NE_OP/AND_OP/OR_OP/MUL_ASSIGN/DIV_ASSIGN/MOD_ASSIGN/ADD_ASSIGN/SUB_ASSIGN/LEFT_ASSIGN/RIGHT_ASSIGN/AND_ASSIGN/XOR_ASSIGN/OR_ASSIGN/'('/')'/'['/']'/'.'/','/'&'/'*'/'+'/'-'/'/'/'%'/'<'/'>'/'^'/'|'/'='/'?'/':'
    55 expression -> • expression '?' expression ':' expression, yyeof/PTR_OP/INC_OP/DEC_OP/LEFT_OP/RIGHT_OP/LE_OP/GE_OP/EQ_OP/NE_OP/AND_OP/OR_OP/MUL_ASSIGN/DIV_ASSIGN/MOD_ASSIGN/ADD_ASSIGN/SUB_ASSIGN/LEFT_ASSIGN/RIGHT_ASSIGN/AND_ASSIGN/XOR_ASSIGN/OR_ASSIGN/'('/')'/'['/']'/'.'/','/'&'/'*'/'+'/'-'/'/'/'%'/'<'/'>'/'^'/'|'/'='/'?'/':'

    IDENTIFIER shift, and go to state 1
    STRING_LITERAL shift, and go to state 2
    CONSTANT shift, and go to state 3
    SIZEOF shift, and go to state 4
    INC_OP shift, and go to state 5
    DEC_OP shift, and go to state 6
    '(' shift, and go to state 9
    '&' shift, and go to state 10
    '*' shift, and go to state 11
    '+' shift, and go to state 12
    '-' shift, and go to state 13
    '~' shift, and go to state 14
    '!' shift, and go to state 15

    expression go to state 63


State 15

    2 expression -> • IDENTIFIER, yyeof/PTR_OP/INC_OP/DEC_OP/LEFT_OP/RIGHT_OP/LE_OP/GE_OP/EQ_OP/NE_OP/AND_OP/OR_OP/MUL_ASSIGN/DIV_ASSIGN/MOD_ASSIGN/ADD_ASSIGN/SUB_ASSIGN/LEFT_ASSIGN/RIGHT_ASSIGN/AND_ASSIGN/XOR_ASSIGN/OR_ASSIGN/'('/')'/'['/']'/'.'/','/'&'/'*'/'+'/'-'/'/'/'%'/'<'/'>'/'^'/'|'/'='/'?'/':'
    3 expression -> • CONSTANT, yyeof/PTR_OP/INC_OP/DEC_OP/LEFT_OP/RIGHT_OP/LE_OP/GE_OP/EQ_OP/NE_OP/AND_OP/OR_OP/MUL_ASSIGN/DIV_ASSIGN/MOD_ASSIGN/ADD_ASSIGN/SUB_ASSIGN/LEFT_ASSIGN/RIGHT_ASSIGN/AND_ASSIGN/XOR_ASSIGN/OR_ASSIGN/'('/')'/'['/']'/'.'/','/'&'/'*'/'+'/'-'/'/'/'%'/'<'/'>'/'^'/'|'/'='/'?'/':'
    4 expression -> • STRING_LITERAL, yyeof/PTR_OP/INC_OP/DEC_OP/LEFT_OP/RIGHT_OP/LE_OP/GE_OP/EQ_OP/NE_OP/AND_OP/OR_OP/MUL_ASSIGN/DIV_ASSIGN/MOD_ASSIGN/ADD_ASSIGN/SUB_ASSIGN/LEFT_ASSIGN/RIGHT_ASSIGN/AND_ASSIGN/XOR_ASSIGN/OR_ASSIGN/'('/')'/'['/']'/'.'/','/'&'/'*'/'+'/'-'/'/'/'%'/'<'/'>'/'^'/'|'/'='/'?'/':'
    5 expression -> • '(' expression ')', yyeof/PTR_OP/INC_OP/DEC_OP/LEFT_OP/RIGHT_OP/LE_OP/GE_OP/EQ_OP/NE_OP/AND_OP/OR_OP/MUL_ASSIGN/DIV_ASSIGN/MOD_ASSIGN/ADD_ASSIGN/SUB_ASSIGN/LEFT_ASSIGN/RIGHT_ASSIGN/AND_ASSIGN/XOR_ASSIGN/OR_ASSIGN/'('/')'/'['/']'/'.'/','/'&'/'*'/'+'/'-'/'/'/'%'/'<'/'>'/'^'/'|'/'='/'?'/':'
    6 expression -> • expression '[' expression ']', yyeof/PTR_OP/INC_OP/DEC_OP/LEFT_OP/RIGHT_OP/LE_OP/GE_OP/EQ_OP/NE_OP/AND_OP/OR_OP/MUL_ASSIGN/DIV_ASSIGN/MOD_ASSIGN/ADD_ASSIGN/SUB_ASSIGN/LEFT_ASSIGN/RIGHT_ASSIGN/AND_ASSIGN/XOR_ASSIGN/OR_ASSIGN/'('/')'/'['/']'/'.'/','/'&'/'*'/'+'/'-'/'/'/'%'/'<'/'>'/'^'/'|'/'='/'?'/':'
    7 expression -> • expression '(' ')', yyeof/PTR_OP/INC_OP/DEC_OP/LEFT_OP/RIGHT_OP/LE_OP/GE_OP/EQ_OP/NE_OP/AND_OP/OR_OP/MUL_ASSIGN/DIV_ASSIGN/MOD_ASSIGN/ADD_ASSIGN/SUB_ASSIGN/LEFT_ASSIGN/RIGHT_ASSIGN/AND_ASSIGN/XOR_ASSIGN/OR_ASSIGN/'('/')'/'['/']'/'.'/','/'&'/'*'/'+'/'-'/'/'/'%'/'<'/'>'/'^'/'|'/'='/'?'/':'
    8 expression -> • expression '(' expression ')', yyeof/PTR_OP/INC_OP/DEC_OP/LEFT_OP/RIGHT_OP/LE_OP/GE_OP/EQ_OP/NE_OP/AND_OP/OR_OP/MUL_ASSIGN/DIV_ASSIGN/MOD_ASSIGN/ADD_ASSIGN/SUB_ASSIGN/LEFT_ASSIGN/RIGHT_ASSIGN/AND_ASSIGN/XOR_ASSIGN/OR_ASSIGN/'('/')'/'['/']'/'.'/','/'&'/'*'/'+'/'-'/'/'/'%'/'<'/'>'/'^'/'|'/'='/'?'/':'
    9 expression -> • expression '.' IDENTIFIER, yyeof/PTR_OP/INC_OP/DEC_OP/LEFT_OP/RIGHT_OP/LE_OP/GE_OP/EQ_OP/NE_OP/AND_OP/OR_OP/MUL_ASSIGN/DIV_ASSIGN/MOD_ASSIGN/ADD_ASSIGN/SUB_ASSIGN/LEFT_ASSIGN/RIGHT_ASSIGN/AND_ASSIGN/XOR_ASSIGN/OR_ASSIGN/'('/')'/'['/']'/'.'/','/'&'/'*'/'+'/'-'/'/'/'%'/'<'/'>'/'^'/'|'/'='/'?'/':'
    10 expression -> • expression PTR_OP IDENTIFIER, yyeof/PTR_OP/INC_OP/DEC_OP/LEFT_OP/RIGHT_OP/LE_OP/GE_OP/EQ_OP/NE_OP/AND_OP/OR_OP/MUL_ASSIGN/DIV_ASSIGN/MOD_ASSIGN/ADD_ASSIGN/SUB_ASSIGN/LEFT_ASSIGN/RIGHT_ASSIGN/AND_ASSIGN/XOR_ASSIGN/OR_ASSIGN/'('/')'/'['/']'/'.'/','/'&'/'*'/'+'/'-'/'/'/'%'/'<'/'>'/'^'/'|'/'='/'?'/':'
    11 expression -> • expression INC_OP, yyeof/PTR_OP/INC_OP/DEC_OP/LEFT_OP/RIGHT_OP/LE_OP/GE_OP/EQ_OP/NE_OP/AND_OP/OR_OP/MUL_ASSIGN/DIV_ASSIGN/MOD_ASSIGN/ADD_ASSIGN/SUB_ASSIGN/LEFT_ASSIGN/RIGHT_ASSIGN/AND_ASSIGN/XOR_ASSIGN/OR_ASSIGN/'('/')'/'['/']'/'.'/','/'&'/'*'/'+'/'-'/'/'/'%'/'<'/'>'/'^'/'|'/'='/'?'/':'
    12 expression -> • expression DEC_OP, yyeof/PTR_OP/INC_OP/DEC_OP/LEFT_OP/RIGHT_OP/LE_OP/GE_OP/EQ_OP/NE_OP/AND_OP/OR_OP/MUL_ASSIGN/DIV_ASSIGN/MOD_ASSIGN/ADD_ASSIGN/SUB_ASSIGN/LEFT_ASSIGN/RIGHT_ASSIGN/AND_ASSIGN/XOR_ASSIGN/OR_ASSIGN/'('/')'/'['/']'/'.'/','/'&'/'*'/'+'/'-'/'/'/'%'/'<'/'>'/'^'/'|'/'='/'?'/':'
    13 expression -> • expression ',' expression, yyeof/PTR_OP/INC_OP/DEC_OP/LEFT_OP/RIGHT_OP/LE_OP/GE_OP/EQ_OP/NE_OP/AND_OP/OR_OP/MUL_ASSIGN/DIV_ASSIGN/MOD_ASSIGN/ADD_ASSIGN/SUB_ASSIGN/LEFT_ASSIGN/RIGHT_ASSIGN/AND_ASSIGN/XOR_ASSIGN/OR_ASSIGN/'('/')'/'['/']'/'.'/','/'&'/'*'/'+'/'-'/'/'/'%'/'<'/'>'/'^'/'|'/'='/'?'/':'
    14 expression -> • INC_OP expression, yyeof/PTR_OP/INC_OP/DEC_OP/LEFT_OP/RIGHT_OP/LE_OP/GE_OP/EQ_OP/NE_OP/AND_OP/OR_OP/MUL_ASSIGN/DIV_ASSIGN/MOD_ASSIGN/ADD_ASSIGN/SUB_ASSIGN/LEFT_ASSIGN/RIGHT_ASSIGN/AND_ASSIGN/XOR_ASSIGN/OR_ASSIGN/'('/')'/'['/']'/'.'/','/'&'/'*'/'+'/'-'/'/'/'%'/'<'/'>'/'^'/'|'/'='/'?'/':'
    15 expression -> • DEC_OP expression, yyeof/PTR_OP/INC_OP/DEC_OP/LEFT_OP/RIGHT_OP/LE_OP/GE_OP/EQ_OP/NE_OP/AND_OP/OR_OP/MUL_ASSIGN/DIV_ASSIGN/MOD_ASSIGN/ADD_ASSIGN/SUB_ASSIGN/LEFT_ASSIGN/RIGHT_ASSIGN/AND_ASSIGN/XOR_ASSIGN/OR_ASSIGN/'('/')'/'['/']'/'.'/','/'&'/'*'/'+'/'-'/'/'/'%'/'<'/'>'/'^'/'|'/'='/'?'/':'
    16 expression -> • SIZEOF expression, yyeof/PTR_OP/INC_OP/DEC_OP/LEFT_OP/RIGHT_OP/LE_OP/GE_OP/EQ_OP/NE_OP/AND_OP/OR_OP/MUL_ASSIGN/DIV_ASSIGN/MOD_ASSIGN/ADD_ASSIGN/SUB_ASSIGN/LEFT_ASSIGN/RIGHT_ASSIGN/AND_ASSIGN/XOR_ASSIGN/OR_ASSIGN/'('/')'/'['/']'/'.'/','/'&'/'*'/'+'/'-'/'/'/'%'/'<'/'>'/'^'/'|'/'='/'?'/':'
    17 expression -> • SIZEOF '(' type_name ')', yyeof/PTR_OP/INC_OP/DEC_OP/LEFT_OP/RIGHT_OP/LE_OP/GE_OP/EQ_OP/NE_OP/AND_OP/OR_OP/MUL_ASSIGN/DIV_ASSIGN/MOD_ASSIGN/ADD_ASSIGN/SUB_ASSIGN/LEFT_ASSIGN/RIGHT_ASSIGN/AND_ASSIGN/XOR_ASSIGN/OR_ASSIGN/'('/')'/'['/']'/'.'/','/'&'/'*'/'+'/'-'/'/'/'%'/'<'/'>'/'^'/'|'/'='/'?'/':'
    18 expression -> • '(' type_name ')' expression, yyeof/PTR_OP/INC_OP/DEC_OP/LEFT_OP/RIGHT_OP/LE_OP/GE_OP/EQ_OP/NE_OP/AND_OP/OR_OP/MUL_ASSIGN/DIV_ASSIGN/MOD_ASSIGN/ADD_ASSIGN/SUB_ASSIGN/LEFT_ASSIGN/RIGHT_ASSIGN/AND_ASSIGN/XOR_ASSIGN/OR_ASSIGN/'('/')'/'['/']'/'.'/','/'&'/'*'/'+'/'-'/'/'/'%'/'<'/'>'/'^'/'|'/'='/'?'/':'
    19 expression -> • '&' expression, yyeof/PTR_OP/INC_OP/DEC_OP/LEFT_OP/RIGHT_OP/LE_OP/GE_OP/EQ_OP/NE_OP/AND_OP/OR_OP/MUL_ASSIGN/DIV_ASSIGN/MOD_ASSIGN/ADD_ASSIGN/SUB_ASSIGN/LEFT_ASSIGN/RIGHT_ASSIGN/AND_ASSIGN/XOR_ASSIGN/OR_ASSIGN/'('/')'/'['/']'/'.'/','/'&'/'*'/'+'/'-'/'/'/'%'/'<'/'>'/'^'/'|'/'='/'?'/':'
    20 expression -> • '*' expression, yyeof/PTR_OP/INC_OP/DEC_OP/LEFT_OP/RIGHT_OP/LE_OP/GE_OP/EQ_OP/NE_OP/AND_OP/OR_OP/MUL_ASSIGN/DIV_ASSIGN/MOD_ASSIGN/ADD_ASSIGN/SUB_ASSIGN/LEFT_ASSIGN/RIGHT_ASSIGN/AND_ASSIGN/XOR_ASSIGN/OR_ASSIGN/'('/')'/'['/']'/'.'/','/'&'/'*'/'+'/'-'/'/'/'%'/'<'/'>'/'^'/'|'/'='/'?'/':'
    21 expression -> • '+' expression, yyeof/PTR_OP/INC_OP/DEC_OP/LEFT_OP/RIGHT_OP/LE_OP/GE_OP/EQ_OP/NE_OP/AND_OP/OR_OP/MUL_ASSIGN/DIV_ASSIGN/MOD_ASSIGN/ADD_ASSIGN/SUB_ASSIGN/LEFT_ASSIGN/RIGHT_ASSIGN/AND_ASSIGN/XOR_ASSIGN/OR_ASSIGN/'('/')'/'['/']'/'.'/','/'&'/'*'/'+'/'-'/'/'/'%'/'<'/'>'/'^'/'|'/'='/'?'/':'
    22 expression -> • '-' expression, yyeof/PTR_OP/INC_OP/DEC_OP/LEFT_OP/RIGHT_OP/LE_OP/GE_OP/EQ_OP/NE_OP/AND_OP/OR_OP/MUL_ASSIGN/DIV_ASSIGN/MOD_ASSIGN/ADD_ASSIGN/SUB_ASSIGN/LEFT_ASSIGN/RIGHT_ASSIGN/AND_ASSIGN/XOR_ASSIGN/OR_ASSIGN/'('/')'/'['/']'/'.'/','/'&'/'*'/'+'/'-'/'/'/'%'/'<'/'>'/'^'/'|'/'='/'?'/':'
    23 expression -> • '~' expression, yyeof/PTR_OP/INC_OP/DEC_OP/LEFT_OP/RIGHT_OP/LE_OP/GE_OP/EQ_OP/NE_OP/AND_OP/OR_OP/MUL_ASSIGN/DIV_ASSIGN/MOD_ASSIGN/ADD_ASSIGN/SUB_ASSIGN/LEFT_ASSIGN/RIGHT_ASSIGN/AND_ASSIGN/XOR_ASSIGN/OR_ASSIGN/'('/')'/'['/']'/'.'/','/'&'/'*'/'+'/'-'/'/'/'%'/'<'/'>'/'^'/'|'/'='/'?'/':'
    24 expression -> • '!' expression, yyeof/PTR_OP/INC_OP/DEC_OP/LEFT_OP/RIGHT_OP/LE_OP/GE_OP/EQ_OP/NE_OP/AND_OP/OR_OP/MUL_ASSIGN/DIV_ASSIGN/MOD_ASSIGN/ADD_ASSIGN/SUB_ASSIGN/LEFT_ASSIGN/RIGHT_ASSIGN/AND_ASSIGN/XOR_ASSIGN/OR_ASSIGN/'('/')'/'['/']'/'.'/','/'&'/'*'/'+'/'-'/'/'/'%'/'<'/'>'/'^'/'|'/'='/'?'/':'
    24 expression -> '!' • expression, yyeof/PTR_OP/INC_OP/DEC_OP/LEFT_OP/RIGHT_OP/LE_OP/GE_OP/EQ_OP/NE_OP/AND_OP/OR_OP/MUL_ASSIGN/DIV_ASSIGN/MOD_ASSIGN/ADD_ASSIGN/SUB_ASSIGN/LEFT_ASSIGN/RIGHT_ASSIGN/AND_ASSIGN/XOR_ASSIGN/OR_ASSIGN/'('/')'/'['/']'/'.'/','/'&'/'*'/'+'/'-'/'/'/'%'/'<'/'>'/'^'/'|'/'='/'?'/':'
    25 expression -> • expression '+' expression, yyeof/PTR_OP/INC_OP/DEC_OP/LEFT_OP/RIGHT_OP/LE_OP/GE_OP/EQ_OP/NE_OP/AND_OP/OR_OP/MUL_ASSIGN/DIV_ASSIGN/MOD_ASSIGN/ADD_ASSIGN/SUB_ASSIGN/LEFT_ASSIGN/RIGHT_ASSIGN/AND_ASSIGN/XOR_ASSIGN/OR_ASSIGN/'('/')'/'['/']'/'.'/','/'&'/'*'/'+'/'-'/'/'/'%'/'<'/'>'/'^'/'|'/'='/'?'/':'
    26 expression -> • expression '-' expression, yyeof/PTR_OP/INC_OP/DEC_OP/LEFT_OP/RIGHT_OP/LE_OP/GE_OP/EQ_OP/NE_OP/AND_OP/OR_OP/MUL_ASSIGN/DIV_ASSIGN/MOD_ASSIGN/ADD_ASSIGN/SUB_ASSIGN/LEFT_ASSIGN/RIGHT_ASSIGN/AND_ASSIGN/XOR_ASSIGN/OR_ASSIGN/'('/')'/'['/']'/'.'/','/'&'/'*'/'+'/'-'/'/'/'%'/'<'/'>'/'^'/'|'/'='/'?'/':'
    27 expression -> • expression '*' expression, yyeof/PTR_OP/INC_OP/DEC_OP/LEFT_OP/RIGHT_OP/LE_OP/GE_OP/EQ_OP/NE_OP/AND_OP/OR_OP/MUL_ASSIGN/DIV_ASSIGN/MOD_ASSIGN/ADD_ASSIGN/SUB_ASSIGN/LEFT_ASSIGN/RIGHT_ASSIGN/AND_ASSIGN/XOR_ASSIGN/OR_ASSIGN/'('/')'/'['/']'/'.'/','/'&'/'*'/'+'/'-'/'/'/'%'/'<'/'>'/'^'/'|'/'='/'?'/':'
    28 expression -> • expression '/' expression, yyeof/PTR_OP/INC_OP/DEC_OP/LEFT_OP/RIGHT_OP/LE_OP/GE_OP/EQ_OP/NE_OP/AND_OP/OR_OP/MUL_ASSIGN/DIV_ASSIGN/MOD_ASSIGN/ADD_ASSIGN/SUB_ASSIGN/LEFT_ASSIGN/RIGHT_ASSIGN/AND_ASSIGN/XOR_ASSIGN/OR_ASSIGN/'('/')'/'['/']'/'.'/','/'&'/'*'/'+'/'-'/'/'/'%'/'<'/'>'/'^'/'|'/'='/'?'/':'
    29 expression -> • expression '%' expression, yyeof/PTR_OP/INC_OP/DEC_OP/LEFT_OP/RIGHT_OP/LE_OP/GE_OP/EQ_OP/NE_OP/AND_OP/OR_OP/MUL_ASSIGN/DIV_ASSIGN/MOD_ASSIGN/ADD_ASSIGN/SUB_ASSIGN/LEFT_ASSIGN/RIGHT_ASSIGN/AND_ASSIGN/XOR_ASSIGN/OR_ASSIGN/'('/')'/'['/']'/'.'/','/'&'/'*'/'+'/'-'/'/'/'%'/'<'/'>'/'^'/'|'/'='/'?'/':'
    30 expression -> • expression LEFT_OP expression, yyeof/PTR_OP/INC_OP/DEC_OP/LEFT_OP/RIGHT_OP/LE_OP/GE_OP/EQ_OP/NE_OP/AND_OP/OR_OP/MUL_ASSIGN/DIV_ASSIGN/MOD_ASSIGN/ADD_ASSIGN/SUB_ASSIGN/LEFT_ASSIGN/RIGHT_ASSIGN/AND_ASSIGN/XOR_ASSIGN/OR_ASSIGN/'('/')'/'['/']'/'.'/','/'&'/'*'/'+'/'-'/'/'/'%'/'<'/'>'/'^'/'|'/'='/'?'/':'
    31 expression -> • expression RIGHT_OP expression, yyeof/PTR_OP/INC_OP/DEC_OP/LEFT_OP/RIGHT_OP/LE_OP/GE_OP/EQ_OP/NE_OP/AND_OP/OR_OP/MUL_ASSIGN/DIV_ASSIGN/MOD_ASSIGN/ADD_ASSIGN/SUB_ASSIGN/LEFT_ASSIGN/RIGHT_ASSIGN/AND_ASSIGN/XOR_ASSIGN/OR_ASSIGN/'('/')'/'['/']'/'.'/','/'&'/'*'/'+'/'-'/'/'/'%'/'<'/'>'/'^'/'|'/'='/'?'/':'
    32 expression -> • expression '<' expression, yyeof/PTR_OP/INC_OP/DEC_OP/LEFT_OP/RIGHT_OP/LE_OP/GE_OP/EQ_OP/NE_OP/AND_OP/OR_OP/MUL_ASSIGN/DIV_ASSIGN/MOD_ASSIGN/ADD_ASSIGN/SUB_ASSIGN/LEFT_ASSIGN/RIGHT_ASSIGN/AND_ASSIGN/XOR_ASSIGN/OR_ASSIGN/'('/')'/'['/']'/'.'/','/'&'/'*'/'+'/'-'/'/'/'%'/'<'/'>'/'^'/'|'/'='/'?'/':'
    33 expression -> • expression '>' expression, yyeof/PTR_OP/INC_OP/DEC_OP/LEFT_OP/RIGHT_OP/LE_OP/GE_OP/EQ_OP/NE_OP/AND_OP/OR_OP/MUL_ASSIGN/DIV_ASSIGN/MOD_ASSIGN/ADD_ASSIGN/SUB_ASSIGN/LEFT_ASSIGN/RIGHT_ASSIGN/AND_ASSIGN/XOR_ASSIGN/OR_ASSIGN/'('/')'/'['/']'/'.'/','/'&'/'*'/'+'/'-'/'/'/'%'/'<'/'>'/'^'/'|'/'='/'?'/':'
    34 expression -> • expression LE_OP expression, yyeof/PTR_OP/INC_OP/DEC_OP/LEFT_OP/RIGHT_OP/LE_OP/GE_OP/EQ_OP/NE_OP/AND_OP/OR_OP/MUL_ASSIGN/DIV_ASSIGN/MOD_ASSIGN/ADD_ASSIGN/SUB_ASSIGN/LEFT_ASSIGN/RIGHT_ASSIGN/AND_ASSIGN/XOR_ASSIGN/OR_ASSIGN/'('/')'/'['/']'/'.'/','/'&'/'*'/'+'/'-'/'/'/'%'/'<'/'>'/'^'/'|'/'='/'?'/':'
    35 expression -> • expression GE_OP expression, yyeof/PTR_OP/INC_OP/DEC_OP/LEFT_OP/RIGHT_OP/LE_OP/GE_OP/EQ_OP/NE_OP/AND_OP/OR_OP/MUL_ASSIGN/DIV_ASSIGN/MOD_ASSIGN/ADD_ASSIGN/SUB_ASSIGN/LEFT_ASSIGN/RIGHT_ASSIGN/AND_ASSIGN/XOR_ASSIGN/OR_ASSIGN/'('/')'/'['/']'/'.'/','/'&'/'*'/'+'/'-'/'/'/'%'/'<'/'>'/'^'/'|'/'='/'?'/':'
    36 expression -> • expression EQ_OP expression, yyeof/PTR_OP/INC_OP/DEC_OP/LEFT_OP/RIGHT_OP/LE_OP/GE_OP/EQ_OP/NE_OP/AND_OP/OR_OP/MUL_ASSIGN/DIV_ASSIGN/MOD_ASSIGN/ADD_ASSIGN/SUB_ASSIGN/LEFT_ASSIGN/RIGHT_ASSIGN/AND_ASSIGN/XOR_ASSIGN/OR_ASSIGN/'('/')'/'['/']'/'.'/','/'&'/'*'/'+'/'-'/'/'/'%'/'<'/'>'/'^'/'|'/'='/'?'/':'
    37 expression -> • expression NE_OP expression, yyeof/PTR_OP/INC_OP/DEC_OP/LEFT_OP/RIGHT_OP/LE_OP/GE_OP/EQ_OP/NE_OP/AND_OP/OR_OP/MUL_ASSIGN/DIV_ASSIGN/MOD_ASSIGN/ADD_ASSIGN/SUB_ASSIGN/LEFT_ASSIGN/RIGHT_ASSIGN/AND_ASSIGN/XOR_ASSIGN/OR_ASSIGN/'('/')'/'['/']'/'.'/','/'&'/'*'/'+'/'-'/'/'/'%'/'<'/'>'/'^'/'|'/'='/'?'/':'
    38 expression -> • expression '&' expression, yyeof/PTR_OP/INC_OP/DEC_OP/LEFT_OP/RIGHT_OP/LE_OP/GE_OP/EQ_OP/NE_OP/AND_OP/OR_OP/MUL_ASSIGN/DIV_ASSIGN/MOD_ASSIGN/ADD_ASSIGN/SUB_ASSIGN/LEFT_ASSIGN/RIGHT_ASSIGN/AND_ASSIGN/XOR_ASSIGN/OR_ASSIGN/'('/')'/'['/']'/'.'/','/'&'/'*'/'+'/'-'/'/'/'%'/'<'/'>'/'^'/'|'/'='/'?'/':'
    39 expression -> • expression '^' expression, yyeof/PTR_OP/INC_OP/DEC_OP/LEFT_OP/RIGHT_OP/LE_OP/GE_OP/EQ_OP/NE_OP/AND_OP/OR_OP/MUL_ASSIGN/DIV_ASSIGN/MOD_ASSIGN/ADD_ASSIGN/SUB_ASSIGN/LEFT_ASSIGN/RIGHT_ASSIGN/AND_ASSIGN/XOR_ASSIGN/OR_ASSIGN/'('/')'/'['/']'/'.'/','/'&'/'*'/'+'/'-'/'/'/'%'/'<'/'>'/'^'/'|'/'='/'?'/':'
    40 expression -> • expression '|' expression, yyeof/PTR_OP/INC_OP/DEC_OP/LEFT_OP/RIGHT_OP/LE_OP/GE_OP/EQ_OP/NE_OP/AND_OP/OR_OP/MUL_ASSIGN/DIV_ASSIGN/MOD_ASSIGN/ADD_ASSIGN/SUB_ASSIGN/LEFT_ASSIGN/RIGHT_ASSIGN/AND_ASSIGN/XOR_ASSIGN/OR_ASSIGN/'('/')'/'['/']'/'.'/','/'&'/'*'/'+'/'-'/'/'/'%'/'<'/'>'/'^'/'|'/'='/'?'/':'
    41 expression -> • expression AND_OP expression, yyeof/PTR_OP/INC_OP/DEC_OP/LEFT_OP/RIGHT_OP/LE_OP/GE_OP/EQ_OP/NE_OP/AND_OP/OR_OP/MUL_ASSIGN/DIV_ASSIGN/MOD_ASSIGN/ADD_ASSIGN/SUB_ASSIGN/LEFT_ASSIGN/RIGHT_ASSIGN/AND_ASSIGN/XOR_ASSIGN/OR_ASSIGN/'('/')'/'['/']'/'.'/','/'&'/'*'/'+'/'-'/'/'/'%'/'<'/'>'/'^'/'|'/'='/'?'/':'
    42 expression -> • expression OR_OP expression, yyeof/PTR_OP/INC_OP/DEC_OP/LEFT_OP/RIGHT_OP/LE_OP/GE_OP/EQ_OP/NE_OP/AND_OP/OR_OP/MUL_ASSIGN/DIV_ASSIGN/MOD_ASSIGN/ADD_ASSIGN/SUB_ASSIGN/LEFT_ASSIGN/RIGHT_ASSIGN/AND_ASSIGN/XOR_ASSIGN/OR_ASSIGN/'('/')'/'['/']'/'.'/','/'&'/'*'/'+'/'-'/'/'/'%'/'<'/'>'/'^'/'|'/'='/'?'/':'
    43 expression -> • expression '=' expression, yyeof/PTR_OP/INC_OP/DEC_OP/LEFT_OP/RIGHT_OP/LE_OP/GE_OP/EQ_OP/NE_OP/AND_OP/OR_OP/MUL_ASSIGN/DIV_ASSIGN/MOD_ASSIGN/ADD_ASSIGN/SUB_ASSIGN/LEFT_ASSIGN/RIGHT_ASSIGN/AND_ASSIGN/XOR_ASSIGN/OR_ASSIGN/'('/')'/'['/']'/'.'/','/'&'/'*'/'+'/'-'/'/'/'%'/'<'/'>'/'^'/'|'/'='/'?'/':'
    44 expression -> • expression MUL_ASSIGN expression, yyeof/PTR_OP/INC_OP/DEC_OP/LEFT_OP/RIGHT_OP/LE_OP/GE_OP/EQ_OP/NE_OP/AND_OP/OR_OP/MUL_ASSIGN/DIV_ASSIGN/MOD_ASSIGN/ADD_ASSIGN/SUB_ASSIGN/LEFT_ASSIGN/RIGHT_ASSIGN/AND_ASSIGN/XOR_ASSIGN/OR_ASSIGN/'('/')'/'['/']'/'.'/','/'&'/'*'/'+'/'-'/'/'/'%'/'<'/'>'/'^'/'|'/'='/'?'/':'
    45 expression -> • expression DIV_ASSIGN expression, yyeof/PTR_OP/INC_OP/DEC_OP/LEFT_OP/RIGHT_OP/LE_OP/GE_OP/EQ_OP/NE_OP/AND_OP/OR_OP/MUL_ASSIGN/DIV_ASSIGN/MOD_ASSIGN/ADD_ASSIGN/SUB_ASSIGN/LEFT_ASSIGN/RIGHT_ASSIGN/AND_ASSIGN/XOR_ASSIGN/OR_ASSIGN/'('/')'/'['/']'/'.'/','/'&'/'*'/'+'/'-'/'/'/'%'/'<'/'>'/'^'/'|'/'='/'?'/':'
    46 expression -> • expression MOD_ASSIGN expression, yyeof/PTR_OP/INC_OP/DEC_OP/LEFT_OP/RIGHT_OP/LE_OP/GE_OP/EQ_OP/NE_OP/AND_OP/OR_OP/MUL_ASSIGN/DIV_ASSIGN/MOD_ASSIGN/ADD_ASSIGN/SUB_ASSIGN/LEFT_ASSIGN/RIGHT_ASSIGN/AND_ASSIGN/XOR_ASSIGN/OR_ASSIGN/'('/')'/'['/']'/'.'/','/'&'/'*'/'+'/'-'/'/'/'%'/'<'/'>'/'^'/'|'/'='/'?'/':'
    47 expression -> • expression ADD_ASSIGN expression, yyeof/PTR_OP/INC_OP/DEC_OP/LEFT_OP/RIGHT_OP/LE_OP/GE_OP/EQ_OP/NE_OP/AND_OP/OR_OP/MUL_ASSIGN/DIV_ASSIGN/MOD_ASSIGN/ADD_ASSIGN/SUB_ASSIGN/LEFT_ASSIGN/RIGHT_ASSIGN/AND_ASSIGN/XOR_ASSIGN/OR_ASSIGN/'('/')'/'['/']'/'.'/','/'&'/'*'/'+'/'-'/'/'/'%'/'<'/'>'/'^'/'|'/'='/'?'/':'
    48 expression -> • expression SUB_ASSIGN expression, yyeof/PTR_OP/INC_OP/DEC_OP/LEFT_OP/RIGHT_OP/LE_OP/GE_OP/EQ_OP/NE_OP/AND_OP/OR_OP/MUL_ASSIGN/DIV_ASSIGN/MOD_ASSIGN/ADD_ASSIGN/SUB_ASSIGN/LEFT_ASSIGN/RIGHT_ASSIGN/AND_ASSIGN/XOR_ASSIGN/OR_ASSIGN/'('/')'/'['/']'/'.'/','/'&'/'*'/'+'/'-'/'/'/'%'/'<'/'>'/'^'/'|'/'='/'?'/':'
    49 expression -> • expression LEFT_ASSIGN expression, yyeof/PTR_OP/INC_OP/DEC_OP/LEFT_OP/RIGHT_OP/LE_OP/GE_OP/EQ_OP/NE_OP/AND_OP/OR_OP/MUL_ASSIGN/DIV_ASSIGN/MOD_ASSIGN/ADD_ASSIGN/SUB_ASSIGN/LEFT_ASSIGN/RIGHT_ASSIGN/AND_ASSIGN/XOR_ASSIGN/OR_ASSIGN/'('/')'/'['/']'/'.'/','/'&'/'*'/'+'/'-'/'/'/'%'/'<'/'>'/'^'/'|'/'='/'?'/':'
    50 expression -> • expression RIGHT_ASSIGN expression, yyeof/PTR_OP/INC_OP/DEC_OP/LEFT_OP/RIGHT_OP/LE_OP/GE_OP/EQ_OP/NE_OP/AND_OP/OR_OP/MUL_ASSIGN/DIV_ASSIGN/MOD_ASSIGN/ADD_ASSIGN/SUB_ASSIGN/LEFT_ASSIGN/RIGHT_ASSIGN/AND_ASSIGN/XOR_ASSIGN/OR_ASSIGN/'('/')'/'['/']'/'.'/','/'&'/'*'/'+'/'-'/'/'/'%'/'<'/'>'/'^'/'|'/'='/'?'/':'
    51 expression -> • expression AND_ASSIGN expression, yyeof/PTR_OP/INC_OP/DEC_OP/LEFT_OP/RIGHT_OP/LE_OP/GE_OP/EQ_OP/NE_OP/AND_OP/OR_OP/MUL_ASSIGN/DIV_ASSIGN/MOD_ASSIGN/ADD_ASSIGN/SUB_ASSIGN/LEFT_ASSIGN/RIGHT_ASSIGN/AND_ASSIGN/XOR_ASSIGN/OR_ASSIGN/'('/')'/'['/']'/'.'/','/'&'/'*'/'+'/'-'/'/'/'%'/'<'/'>'/'^'/'|'/'='/'?'/':'
    52 expression -> • expression XOR_ASSIGN expression, yyeof/PTR_OP/INC_OP/DEC_OP/LEFT_OP/RIGHT_OP/LE_OP/GE_OP/EQ_OP/NE_OP/AND_OP/OR_OP/MUL_ASSIGN/DIV_ASSIGN/MOD_ASSIGN/ADD_ASSIGN/SUB_ASSIGN/LEFT_ASSIGN/RIGHT_ASSIGN/AND_ASSIGN/XOR_ASSIGN/OR_ASSIGN/'('/')'/'['/']'/'.'/','/'&'/'*'/'+'/'-'/'/'/'%'/'<'/'>'/'^'/'|'/'='/'?'/':'
    53 expression -> • expression OR_ASSIGN expression, yyeof/PTR_OP/INC_OP/DEC_OP/LEFT_OP/RIGHT_OP/LE_OP/GE_OP/EQ_OP/NE_OP/AND_OP/OR_OP/MUL_ASSIGN/DIV_ASSIGN/MOD_ASSIGN/ADD_ASSIGN/SUB_ASSIGN/LEFT_ASSIGN/RIGHT_ASSIGN/AND_ASSIGN/XOR_ASSIGN/OR_ASSIGN/'('/')'/'['/']'/'.'/','/'&'/'*'/'+'/'-'/'/'/'%'/'<'/'>'/'^'/'|'/'='/'?'/':'
    54 expression -> • expression ',' expression, yyeof/PTR_OP/INC_OP/DEC_OP/LEFT_OP/RIGHT_OP/LE_OP/GE_OP/EQ_OP/NE_OP/AND_OP/OR_OP/MUL_ASSIGN/DIV_ASSIGN/MOD_ASSIGN/ADD_ASSIGN/SUB_ASSIGN/LEFT_ASSIGN/RIGHT_ASSIGN/AND_ASSIGN/XOR_ASSIGN/OR_ASSIGN/'('/')'/'['/']'/'.'/','/'&'/'*'/'+'/'-'/'/'/'%'/'<'/'>'/'^'/'|'/'='/'?'/':'
    55 expression -> • expression '?' expression ':' expression, yyeof/PTR_OP/INC_OP/DEC_OP/LEFT_OP/RIGHT_OP/LE_OP/GE_OP/EQ_OP/NE_OP/AND_OP/OR_OP/MUL_ASSIGN/DIV_ASSIGN/MOD_ASSIGN/ADD_ASSIGN/SUB_ASSIGN/LEFT_ASSIGN/RIGHT_ASSIGN/AND_ASSIGN/XOR_ASSIGN/OR_ASSIGN/'('/')'/'['/']'/'.'/','/'&'/'*'/'+'/'-'/'/'/'%'/'<'/'>'/'^'/'|'/'='/'?'/':'

    IDENTIFIER shift, and go to state 1
    STRING_LITERAL shift, and go to state 2
    CONSTANT shift, and go to state 3
    SIZEOF shift, and go to state 4
    INC_OP shift, and go to state 5
    DEC_OP shift, and go to state 6
    '(' shift, and go to state 9
    '&' shift, and go to state 10
    '*' shift, and go to state 11
    '+' shift, and go to state 12
    '-' shift, and go to state 13
    '~' shift, and go to state 14
    '!' shift, and go to state 15

    expression go to state 64


State 16

    6 expression -> expression • '[' expression ']', yyeof/PTR_OP/INC_OP/DEC_OP/LEFT_OP/RIGHT_OP/LE_OP/GE_OP/EQ_OP/NE_OP/AND_OP/OR_OP/MUL_ASSIGN/DIV_ASSIGN/MOD_ASSIGN/ADD_ASSIGN/SUB_ASSIGN/LEFT_ASSIGN/RIGHT_ASSIGN/AND_ASSIGN/XOR_ASSIGN/OR_ASSIGN/'('/')'/'['/']'/'.'/','/'&'/'*'/'+'/'-'/'/'/'%'/'<'/'>'/'^'/'|'/'='/'?'/':'
    7 expression -> expression • '(' ')', yyeof/PTR_OP/INC_OP/DEC_OP/LEFT_OP/RIGHT_OP/LE_OP/GE_OP/EQ_OP/NE_OP/AND_OP/OR_OP/MUL_ASSIGN/DIV_ASSIGN/MOD_ASSIGN/ADD_ASSIGN/SUB_ASSIGN/LEFT_ASSIGN/RIGHT_ASSIGN/AND_ASSIGN/XOR_ASSIGN/OR_ASSIGN/'('/')'/'['/']'/'.'/','/'&'/'*'/'+'/'-'/'/'/'%'/'<'/'>'/'^'/'|'/'='/'?'/':'
    8 expression -> expression • '(' expression ')', yyeof/PTR_OP/INC_OP/DEC_OP/LEFT_OP/RIGHT_OP/LE_OP/GE_OP/EQ_OP/NE_OP/AND_OP/OR_OP/MUL_ASSIGN/DIV_ASSIGN/MOD_ASSIGN/ADD_ASSIGN/SUB_ASSIGN/LEFT_ASSIGN/RIGHT_ASSIGN/AND_ASSIGN/XOR_ASSIGN/OR_ASSIGN/'('/')'/'['/']'/'.'/','/'&'/'*'/'+'/'-'/'/'/'%'/'<'/'>'/'^'/'|'/'='/'?'/':'
    9 expression -> expression • '.' IDENTIFIER, yyeof/PTR_OP/INC_OP/DEC_OP/LEFT_OP/RIGHT_OP/LE_OP/GE_OP/EQ_OP/NE_OP/AND_OP/OR_OP/MUL_ASSIGN/DIV_ASSIGN/MOD_ASSIGN/ADD_ASSIGN/SUB_ASSIGN/LEFT_ASSIGN/RIGHT_ASSIGN/AND_ASSIGN/XOR_ASSIGN/OR_ASSIGN/'('/')'/'['/']'/'.'/','/'&'/'*'/'+'/'-'/'/'/'%'/'<'/'>'/'^'/'|'/'='/'?'/':'
    10 expression -> expression • PTR_OP IDENTIFIER, yyeof/PTR_OP/INC_OP/DEC_OP/LEFT_OP/RIGHT_OP/LE_OP/GE_OP/EQ_OP/NE_OP/AND_OP/OR_OP/MUL_ASSIGN/DIV_ASSIGN/MOD_ASSIGN/ADD_ASSIGN/SUB_ASSIGN/LEFT_ASSIGN/RIGHT_ASSIGN/AND_ASSIGN/XOR_ASSIGN/OR_ASSIGN/'('/')'/'['/']'/'.'/','/'&'/'*'/'+'/'-'/'/'/'%'/'<'/'>'/'^'/'|'/'='/'?'/':'
    11 expression -> expression • INC_OP, yyeof/PTR_OP/INC_OP/DEC_OP/LEFT_OP/RIGHT_OP/LE_OP/GE_OP/EQ_OP/NE_OP/AND_OP/OR_OP/MUL_ASSIGN/DIV_ASSIGN/MOD_ASSIGN/ADD_ASSIGN/SUB_ASSIGN/LEFT_ASSIGN/RIGHT_ASSIGN/AND_ASSIGN/XOR_ASSIGN/OR_ASSIGN/'('/')'/'['/']'/'.'/','/'&'/'*'/'+'/'-'/'/'/'%'/'<'/'>'/'^'/'|'/'='/'?'/':'
    12 expression -> expression • DEC_OP, yyeof/PTR_OP/INC_OP/DEC_OP/LEFT_OP/RIGHT_OP/LE_OP/GE_OP/EQ_OP/NE_OP/AND_OP/OR_OP/MUL_ASSIGN/DIV_ASSIGN/MOD_ASSIGN/ADD_ASSIGN/SUB_ASSIGN/LEFT_ASSIGN/RIGHT_ASSIGN/AND_ASSIGN/XOR_ASSIGN/OR_ASSIGN/'('/')'/'['/']'/'.'/','/'&'/'*'/'+'/'-'/'/'/'%'/'<'/'>'/'^'/'|'/'='/'?'/':'
    13 expression -> expression • ',' expression, yyeof/PTR_OP/INC_OP/DEC_OP/LEFT_OP/RIGHT_OP/LE_OP/GE_OP/EQ_OP/NE_OP/AND_OP/OR_OP/MUL_ASSIGN/DIV_ASSIGN/MOD_ASSIGN/ADD_ASSIGN/SUB_ASSIGN/LEFT_ASSIGN/RIGHT_ASSIGN/AND_ASSIGN/XOR_ASSIGN/OR_ASSIGN/'('/')'/'['/']'/'.'/','/'&'/'*'/'+'/'-'/'/'/'%'/'<'/'>'/'^'/'|'/'='/'?'/':'
    16 expression -> SIZEOF expression•, yyeof/PTR_OP/INC_OP/DEC_OP/LEFT_OP/RIGHT_OP/LE_OP/GE_OP/EQ_OP/NE_OP/AND_OP/OR_OP/MUL_ASSIGN/DIV_ASSIGN/MOD_ASSIGN/ADD_ASSIGN/SUB_ASSIGN/LEFT_ASSIGN/RIGHT_ASSIGN/AND_ASSIGN/XOR_ASSIGN/OR_ASSIGN/'('/')'/'['/']'/'.'/','/'&'/'*'/'+'/'-'/'/'/'%'/'<'/'>'/'^'/'|'/'='/'?'/':'
    25 expression -> expression • '+' expression, yyeof/PTR_OP/INC_OP/DEC_OP/LEFT_OP/RIGHT_OP/LE_OP/GE_OP/EQ_OP/NE_OP/AND_OP/OR_OP/MUL_ASSIGN/DIV_ASSIGN/MOD_ASSIGN/ADD_ASSIGN/SUB_ASSIGN/LEFT_ASSIGN/RIGHT_ASSIGN/AND_ASSIGN/XOR_ASSIGN/OR_ASSIGN/'('/')'/'['/']'/'.'/','/'&'/'*'/'+'/'-'/'/'/'%'/'<'/'>'/'^'/'|'/'='/'?'/':'
    26 expression -> expression • '-' expression, yyeof/PTR_OP/INC_OP/DEC_OP/LEFT_OP/RIGHT_OP/LE_OP/GE_OP/EQ_OP/NE_OP/AND_OP/OR_OP/MUL_ASSIGN/DIV_ASSIGN/MOD_ASSIGN/ADD_ASSIGN/SUB_ASSIGN/LEFT_ASSIGN/RIGHT_ASSIGN/AND_ASSIGN/XOR_ASSIGN/OR_ASSIGN/'('/')'/'['/']'/'.'/','/'&'/'*'/'+'/'-'/'/'/'%'/'<'/'>'/'^'/'|'/'='/'?'/':'
    27 expression -> expression • '*' expression, yyeof/PTR_OP/INC_OP/DEC_OP/LEFT_OP/RIGHT_OP/LE_OP/GE_OP/EQ_OP/NE_OP/AND_OP/OR_OP/MUL_ASSIGN/DIV_ASSIGN/MOD_ASSIGN/ADD_ASSIGN/SUB_ASSIGN/LEFT_ASSIGN/RIGHT_ASSIGN/AND_ASSIGN/XOR_ASSIGN/OR_ASSIGN/'('/')'/'['/']'/'.'/','/'&'/'*'/'+'/'-'/'/'/'%'/'<'/'>'/'^'/'|'/'='/'?'/':'
    28 expression -> expression • '/' expression, yyeof/PTR_OP/INC_OP/DEC_OP/LEFT_OP/RIGHT_OP/LE_OP/GE_OP/EQ_OP/NE_OP/AND_OP/OR_OP/MUL_ASSIGN/DIV_ASSIGN/MOD_ASSIGN/ADD_ASSIGN/SUB_ASSIGN/LEFT_ASSIGN/RIGHT_ASSIGN/AND_ASSIGN/XOR_ASSIGN/OR_ASSIGN/'('/')'/'['/']'/'.'/','/'&'/'*'/'+'/'-'/'/'/'%'/'<'/'>'/'^'/'|'/'='/'?'/':'
    29 expression -> expression • '%' expression, yyeof/PTR_OP/INC_OP/DEC_OP/LEFT_OP/RIGHT_OP/LE_OP/GE_OP/EQ_OP/NE_OP/AND_OP/OR_OP/MUL_ASSIGN/DIV_ASSIGN/MOD_ASSIGN/ADD_ASSIGN/SUB_ASSIGN/LEFT_ASSIGN/RIGHT_ASSIGN/AND_ASSIGN/XOR_ASSIGN/OR_ASSIGN/'('/')'/'['/']'/'.'/','/'&'/'*'/'+'/'-'/'/'/'%'/'<'/'>'/'^'/'|'/'='/'?'/':'
    30 expression -> expression • LEFT_OP expression, yyeof/PTR_OP/INC_OP/DEC_OP/LEFT_OP/RIGHT_OP/LE_OP/GE_OP/EQ_OP/NE_OP/AND_OP/OR_OP/MUL_ASSIGN/DIV_ASSIGN/MOD_ASSIGN/ADD_ASSIGN/SUB_ASSIGN/LEFT_ASSIGN/RIGHT_ASSIGN/AND_ASSIGN/XOR_ASSIGN/OR_ASSIGN/'('/')'/'['/']'/'.'/','/'&'/'*'/'+'/'-'/'/'/'%'/'<'/'>'/'^'/'|'/'='/'?'/':'
    31 expression -> expression • RIGHT_OP expression, yyeof/PTR_OP/INC_OP/DEC_OP/LEFT_OP/RIGHT_OP/LE_OP/GE_OP/EQ_OP/NE_OP/AND_OP/OR_OP/MUL_ASSIGN/DIV_ASSIGN/MOD_ASSIGN/ADD_ASSIGN/SUB_ASSIGN/LEFT_ASSIGN/RIGHT_ASSIGN/AND_ASSIGN/XOR_ASSIGN/OR_ASSIGN/'('/')'/'['/']'/'.'/','/'&'/'*'/'+'/'-'/'/'/'%'/'<'/'>'/'^'/'|'/'='/'?'/':'
    32 expression -> expression • '<' expression, yyeof/PTR_OP/INC_OP/DEC_OP/LEFT_OP/RIGHT_OP/LE_OP/GE_OP/EQ_OP/NE_OP/AND_OP/OR_OP/MUL_ASSIGN/DIV_ASSIGN/MOD_ASSIGN/ADD_ASSIGN/SUB_ASSIGN/LEFT_ASSIGN/RIGHT_ASSIGN/AND_ASSIGN/XOR_ASSIGN/OR_ASSIGN/'('/')'/'['/']'/'.'/','/'&'/'*'/'+'/'-'/'/'/'%'/'<'/'>'/'^'/'|'/'='/'?'/':'
    33 expression -> expression • '>' expression, yyeof/PTR_OP/INC_OP/DEC_OP/LEFT_OP/RIGHT_OP/LE_OP/GE_OP/EQ_OP/NE_OP/AND_OP/OR_OP/MUL_ASSIGN/DIV_ASSIGN/MOD_ASSIGN/ADD_ASSIGN/SUB_ASSIGN/LEFT_ASSIGN/RIGHT_ASSIGN/AND_ASSIGN/XOR_ASSIGN/OR_ASSIGN/'('/')'/'['/']'/'.'/','/'&'/'*'/'+'/'-'/'/'/'%'/'<'/'>'/'^'/'|'/'='/'?'/':'
    34 expression -> expression • LE_OP expression, yyeof/PTR_OP/INC_OP/DEC_OP/LEFT_OP/RIGHT_OP/LE_OP/GE_OP/EQ_OP/NE_OP/AND_OP/OR_OP/MUL_ASSIGN/DIV_ASSIGN/MOD_ASSIGN/ADD_ASSIGN/SUB_ASSIGN/LEFT_ASSIGN/RIGHT_ASSIGN/AND_ASSIGN/XOR_ASSIGN/OR_ASSIGN/'('/')'/'['/']'/'.'/','/'&'/'*'/'+'/'-'/'/'/'%'/'<'/'>'/'^'/'|'/'='/'?'/':'
    35 expression -> expression • GE_OP expression, yyeof/PTR_OP/INC_OP/DEC_OP/LEFT_OP/RIGHT_OP/LE_OP/GE_OP/EQ_OP/NE_OP/AND_OP/OR_OP/MUL_ASSIGN/DIV_ASSIGN/MOD_ASSIGN/ADD_ASSIGN/SUB_ASSIGN/LEFT_ASSIGN/RIGHT_ASSIGN/AND_ASSIGN/XOR_ASSIGN/OR_ASSIGN/'('/')'/'['/']'/'.'/','/'&'/'*'/'+'/'-'/'/'/'%'/'<'/'>'/'^'/'|'/'='/'?'/':'
    36 expression -> expression • EQ_OP expression, yyeof/PTR_OP/INC_OP/DEC_OP/LEFT_OP/RIGHT_OP/LE_OP/GE_OP/EQ_OP/NE_OP/AND_OP/OR_OP/MUL_ASSIGN/DIV_ASSIGN/MOD_ASSIGN/ADD_ASSIGN/SUB_ASSIGN/LEFT_ASSIGN/RIGHT_ASSIGN/AND_ASSIGN/XOR_ASSIGN/OR_ASSIGN/'('/')'/'['/']'/'.'/','/'&'/'*'/'+'/'-'/'/'/'%'/'<'/'>'/'^'/'|'/'='/'?'/':'
    37 expression -> expression • NE_OP expression, yyeof/PTR_OP/INC_OP/DEC_OP/LEFT_OP/RIGHT_OP/LE_OP/GE_OP/EQ_OP/NE_OP/AND_OP/OR_OP/MUL_ASSIGN/DIV_ASSIGN/MOD_ASSIGN/ADD_ASSIGN/SUB_ASSIGN/LEFT_ASSIGN/RIGHT_ASSIGN/AND_ASSIGN/XOR_ASSIGN/OR_ASSIGN/'('/')'/'['/']'/'.'/','/'&'/'*'/'+'/'-'/'/'/'%'/'<'/'>'/'^'/'|'/'='/'?'/':'
    38 expression -> expression • '&' expression, yyeof/PTR_OP/INC_OP/DEC_OP/LEFT_OP/RIGHT_OP/LE_OP/GE_OP/EQ_OP/NE_OP/AND_OP/OR_OP/MUL_ASSIGN/DIV_ASSIGN/MOD_ASSIGN/ADD_ASSIGN/SUB_ASSIGN/LEFT_ASSIGN/RIGHT_ASSIGN/AND_ASSIGN/XOR_ASSIGN/OR_ASSIGN/'('/')'/'['/']'/'.'/','/'&'/'*'/'+'/'-'/'/'/'%'/'<'/'>'/'^'/'|'/'='/'?'/':'
    39 expression -> expression • '^' expression, yyeof/PTR_OP/INC_OP/DEC_OP/LEFT_OP/RIGHT_OP/LE_OP/GE_OP/EQ_OP/NE_OP/AND_OP/OR_OP/MUL_ASSIGN/DIV_ASSIGN/MOD_ASSIGN/ADD_ASSIGN/SUB_ASSIGN/LEFT_ASSIGN/RIGHT_ASSIGN/AND_ASSIGN/XOR_ASSIGN/OR_ASSIGN/'('/')'/'['/']'/'.'/','/'&'/'*'/'+'/'-'/'/'/'%'/'<'/'>'/'^'/'|'/'='/'?'/':'
    40 expression -> expression • '|' expression, yyeof/PTR_OP/INC_OP/DEC_OP/LEFT_OP/RIGHT_OP/LE_OP/GE_OP/EQ_OP/NE_OP/AND_OP/OR_OP/MUL_ASSIGN/DIV_ASSIGN/MOD_ASSIGN/ADD_ASSIGN/SUB_ASSIGN/LEFT_ASSIGN/RIGHT_ASSIGN/AND_ASSIGN/XOR_ASSIGN/OR_ASSIGN/'('/')'/'['/']'/'.'/','/'&'/'*'/'+'/'-'/'/'/'%'/'<'/'>'/'^'/'|'/'='/'?'/':'
    41 expression -> expression • AND_OP expression, yyeof/PTR_OP/INC_OP/DEC_OP/LEFT_OP/RIGHT_OP/LE_OP/GE_OP/EQ_OP/NE_OP/AND_OP/OR_OP/MUL_ASSIGN/DIV_ASSIGN/MOD_ASSIGN/ADD_ASSIGN/SUB_ASSIGN/LEFT_ASSIGN/RIGHT_ASSIGN/AND_ASSIGN/XOR_ASSIGN/OR_ASSIGN/'('/')'/'['/']'/'.'/','/'&'/'*'/'+'/'-'/'/'/'%'/'<'/'>'/'^'/'|'/'='/'?'/':'
    42 expression -> expression • OR_OP expression, yyeof/PTR_OP/INC_OP/DEC_OP/LEFT_OP/RIGHT_OP/LE_OP/GE_OP/EQ_OP/NE_OP/AND_OP/OR_OP/MUL_ASSIGN/DIV_ASSIGN/MOD_ASSIGN/ADD_ASSIGN/SUB_ASSIGN/LEFT_ASSIGN/RIGHT_ASSIGN/AND_ASSIGN/XOR_ASSIGN/OR_ASSIGN/'('/')'/'['/']'/'.'/','/'&'/'*'/'+'/'-'/'/'/'%'/'<'/'>'/'^'/'|'/'='/'?'/':'
    43 expression -> expression • '=' expression, yyeof/PTR_OP/INC_OP/DEC_OP/LEFT_OP/RIGHT_OP/LE_OP/GE_OP/EQ_OP/NE_OP/AND_OP/OR_OP/MUL_ASSIGN/DIV_ASSIGN/MOD_ASSIGN/ADD_ASSIGN/SUB_ASSIGN/LEFT_ASSIGN/RIGHT_ASSIGN/AND_ASSIGN/XOR_ASSIGN/OR_ASSIGN/'('/')'/'['/']'/'.'/','/'&'/'*'/'+'/'-'/'/'/'%'/'<'/'>'/'^'/'|'/'='/'?'/':'
    44 expression -> expression • MUL_ASSIGN expression, yyeof/PTR_OP/INC_OP/DEC_OP/LEFT_OP/RIGHT_OP/LE_OP/GE_OP/EQ_OP/NE_OP/AND_OP/OR_OP/MUL_ASSIGN/DIV_ASSIGN/MOD_ASSIGN/ADD_ASSIGN/SUB_ASSIGN/LEFT_ASSIGN/RIGHT_ASSIGN/AND_ASSIGN/XOR_ASSIGN/OR_ASSIGN/'('/')'/'['/']'/'.'/','/'&'/'*'/'+'/'-'/'/'/'%'/'<'/'>'/'^'/'|'/'='/'?'/':'
    45 expression -> expression • DIV_ASSIGN expression, yyeof/PTR_OP/INC_OP/DEC_OP/LEFT_OP/RIGHT_OP/LE_OP/GE_OP/EQ_OP/NE_OP/AND_OP/OR_OP/MUL_ASSIGN/DIV_ASSIGN/MOD_ASSIGN/ADD_ASSIGN/SUB_ASSIGN/LEFT_ASSIGN/RIGHT_ASSIGN/AND_ASSIGN/XOR_ASSIGN/OR_ASSIGN/'('/')'/'['/']'/'.'/','/'&'/'*'/'+'/'-'/'/'/'%'/'<'/'>'/'^'/'|'/'='/'?'/':'
    46 expression -> expression • MOD_ASSIGN expression, yyeof/PTR_OP/INC_OP/DEC_OP/LEFT_OP/RIGHT_OP/LE_OP/GE_OP/EQ_OP/NE_OP/AND_OP/OR_OP/MUL_ASSIGN/DIV_ASSIGN/MOD_ASSIGN/ADD_ASSIGN/SUB_ASSIGN/LEFT_ASSIGN/RIGHT_ASSIGN/AND_ASSIGN/XOR_ASSIGN/OR_ASSIGN/'('/')'/'['/']'/'.'/','/'&'/'*'/'+'/'-'/'/'/'%'/'<'/'>'/'^'/'|'/'='/'?'/':'
    47 expression -> expression • ADD_ASSIGN expression, yyeof/PTR_OP/INC_OP/DEC_OP/LEFT_OP/RIGHT_OP/LE_OP/GE_OP/EQ_OP/NE_OP/AND_OP/OR_OP/MUL_ASSIGN/DIV_ASSIGN/MOD_ASSIGN/ADD_ASSIGN/SUB_ASSIGN/LEFT_ASSIGN/RIGHT_ASSIGN/AND_ASSIGN/XOR_ASSIGN/OR_ASSIGN/'('/')'/'['/']'/'.'/','/'&'/'*'/'+'/'-'/'/'/'%'/'<'/'>'/'^'/'|'/'='/'?'/':'
    48 expression -> expression • SUB_ASSIGN expression, yyeof/PTR_OP/INC_OP/DEC_OP/LEFT_OP/RIGHT_OP/LE_OP/GE_OP/EQ_OP/NE_OP/AND_OP/OR_OP/MUL_ASSIGN/DIV_ASSIGN/MOD_ASSIGN/ADD_ASSIGN/SUB_ASSIGN/LEFT_ASSIGN/RIGHT_ASSIGN/AND_ASSIGN/XOR_ASSIGN/OR_ASSIGN/'('/')'/'['/']'/'.'/','/'&'/'*'/'+'/'-'/'/'/'%'/'<'/'>'/'^'/'|'/'='/'?'/':'
    49 expression -> expression • LEFT_ASSIGN expression, yyeof/PTR_OP/INC_OP/DEC_OP/LEFT_OP/RIGHT_OP/LE_OP/GE_OP/EQ_OP/NE_OP/AND_OP/OR_OP/MUL_ASSIGN/DIV_ASSIGN/MOD_ASSIGN/ADD_ASSIGN/SUB_ASSIGN/LEFT_ASSIGN/RIGHT_ASSIGN/AND_ASSIGN/XOR_ASSIGN/OR_ASSIGN/'('/')'/'['/']'/'.'/','/'&'/'*'/'+'/'-'/'/'/'%'/'<'/'>'/'^'/'|'/'='/'?'/':'
    50 expression -> expression • RIGHT_ASSIGN expression, yyeof/PTR_OP/INC_OP/DEC_OP/LEFT_OP/RIGHT_OP/LE_OP/GE_OP/EQ_OP/NE_OP/AND_OP/OR_OP/MUL_ASSIGN/DIV_ASSIGN/MOD_ASSIGN/ADD_ASSIGN/SUB_ASSIGN/LEFT_ASSIGN/RIGHT_ASSIGN/AND_ASSIGN/XOR_ASSIGN/OR_ASSIGN/'('/')'/'['/']'/'.'/','/'&'/'*'/'+'/'-'/'/'/'%'/'<'/'>'/'^'/'|'/'='/'?'/':'
    51 expression -> expression • AND_ASSIGN expression, yyeof/PTR_OP/INC_OP/DEC_OP/LEFT_OP/RIGHT_OP/LE_OP/GE_OP/EQ_OP/NE_OP/AND_OP/OR_OP/MUL_ASSIGN/DIV_ASSIGN/MOD_ASSIGN/ADD_ASSIGN/SUB_ASSIGN/LEFT_ASSIGN/RIGHT_ASSIGN/AND_ASSIGN/XOR_ASSIGN/OR_ASSIGN/'('/')'/'['/']'/'.'/','/'&'/'*'/'+'/'-'/'/'/'%'/'<'/'>'/'^'/'|'/'='/'?'/':'
    52 expression -> expression • XOR_ASSIGN expression, yyeof/PTR_OP/INC_OP/DEC_OP/LEFT_OP/RIGHT_OP/LE_OP/GE_OP/EQ_OP/NE_OP/AND_OP/OR_OP/MUL_ASSIGN/DIV_ASSIGN/MOD_ASSIGN/ADD_ASSIGN/SUB_ASSIGN/LEFT_ASSIGN/RIGHT_ASSIGN/AND_ASSIGN/XOR_ASSIGN/OR_ASSIGN/'('/')'/'['/']'/'.'/','/'&'/'*'/'+'/'-'/'/'/'%'/'<'/'>'/'^'/'|'/'='/'?'/':'
    53 expression -> expression • OR_ASSIGN expression, yyeof/PTR_OP/INC_OP/DEC_OP/LEFT_OP/RIGHT_OP/LE_OP/GE_OP/EQ_OP/NE_OP/AND_OP/OR_OP/MUL_ASSIGN/DIV_ASSIGN/MOD_ASSIGN/ADD_ASSIGN/SUB_ASSIGN/LEFT_ASSIGN/RIGHT_ASSIGN/AND_ASSIGN/XOR_ASSIGN/OR_ASSIGN/'('/')'/'['/']'/'.'/','/'&'/'*'/'+'/'-'/'/'/'%'/'<'/'>'/'^'/'|'/'='/'?'/':'
    54 expression -> expression • ',' expression, yyeof/PTR_OP/INC_OP/DEC_OP/LEFT_OP/RIGHT_OP/LE_OP/GE_OP/EQ_OP/NE_OP/AND_OP/OR_OP/MUL_ASSIGN/DIV_ASSIGN/MOD_ASSIGN/ADD_ASSIGN/SUB_ASSIGN/LEFT_ASSIGN/RIGHT_ASSIGN/AND_ASSIGN/XOR_ASSIGN/OR_ASSIGN/'('/')'/'['/']'/'.'/','/'&'/'*'/'+'/'-'/'/'/'%'/'<'/'>'/'^'/'|'/'='/'?'/':'
    55 expression -> expression • '?' expression ':' expression, yyeof/PTR_OP/INC_OP/DEC_OP/LEFT_OP/RIGHT_OP/LE_OP/GE_OP/EQ_OP/NE_OP/AND_OP/OR_OP/MUL_ASSIGN/DIV_ASSIGN/MOD_ASSIGN/ADD_ASSIGN/SUB_ASSIGN/LEFT_ASSIGN/RIGHT_ASSIGN/AND_ASSIGN/XOR_ASSIGN/OR_ASSIGN/'('/')'/'['/']'/'.'/','/'&'/'*'/'+'/'-'/'/'/'%'/'<'/'>'/'^'/'|'/'='/'?'/':'

    PTR_OP shift, and go to state 20
    INC_OP shift, and go to state 21
    DEC_OP shift, and go to state 22
    LEFT_OP shift, and go to state 23
    RIGHT_OP shift, and go to state 24
    LE_OP shift, and go to state 25
    GE_OP shift, and go to state 26
    EQ_OP shift, and go to state 27
    NE_OP shift, and go to state 28
    AND_OP shift, and go to state 29
    OR_OP shift, and go to state 30
    MUL_ASSIGN shift, and go to state 31
    DIV_ASSIGN shift, and go to state 32
    MOD_ASSIGN shift, and go to state 33
    ADD_ASSIGN shift, and go to state 34
    SUB_ASSIGN shift, and go to state 35
    LEFT_ASSIGN shift, and go to state 36
    RIGHT_ASSIGN shift, and go to state 37
    AND_ASSIGN shift, and go to state 38
    XOR_ASSIGN shift, and go to state 39
    OR_ASSIGN shift, and go to state 40
    '(' shift, and go to state 41
    '[' shift, and go to state 42
    '.' shift, and go to state 43
    ',' shift, and go to state 44
    '&' shift, and go to state 45
    '*' shift, and go to state 46
    '+' shift, and go to state 47
    '-' shift, and go to state 48
    '/' shift, and go to state 49
    '%' shift, and go to state 50
    '<' shift, and go to state 51
    '>' shift, and go to state 52
    '^' shift, and go to state 53
    '|' shift, and go to state 54
    '=' shift, and go to state 55
    '?' shift, and go to state 56

    yyeof reduce using rule 16 (expression)
    '(' [reduce using rule 16 (expression)]
    ')' reduce using rule 16 (expression)
    '[' [reduce using rule 16 (expression)]
    ']' reduce using rule 16 (expression)
    '.' [reduce using rule 16 (expression)]
    ',' [reduce using rule 16 (expression)]
    '&' [reduce using rule 16 (expression)]
    '*' [reduce using rule 16 (expression)]
    '+' [reduce using rule 16 (expression)]
    '-' [reduce using rule 16 (expression)]
    '/' [reduce using rule 16 (expression)]
    '%' [reduce using rule 16 (expression)]
    '<' [reduce using rule 16 (expression)]
    '>' [reduce using rule 16 (expression)]
    '^' [reduce using rule 16 (expression)]
    '|' [reduce using rule 16 (expression)]
    '=' [reduce using rule 16 (expression)]
    '?' [reduce using rule 16 (expression)]
    ':' reduce using rule 16 (expression)


State 17

    2 expression -> • IDENTIFIER, PTR_OP/INC_OP/DEC_OP/LEFT_OP/RIGHT_OP/LE_OP/GE_OP/EQ_OP/NE_OP/AND_OP/OR_OP/MUL_ASSIGN/DIV_ASSIGN/MOD_ASSIGN/ADD_ASSIGN/SUB_ASSIGN/LEFT_ASSIGN/RIGHT_ASSIGN/AND_ASSIGN/XOR_ASSIGN/OR_ASSIGN/'('/')'/'['/'.'/','/'&'/'*'/'+'/'-'/'/'/'%'/'<'/'>'/'^'/'|'/'='/'?'
    3 expression -> • CONSTANT, PTR_OP/INC_OP/DEC_OP/LEFT_OP/RIGHT_OP/LE_OP/GE_OP/EQ_OP/NE_OP/AND_OP/OR_OP/MUL_ASSIGN/DIV_ASSIGN/MOD_ASSIGN/ADD_ASSIGN/SUB_ASSIGN/LEFT_ASSIGN/RIGHT_ASSIGN/AND_ASSIGN/XOR_ASSIGN/OR_ASSIGN/'('/')'/'['/'.'/','/'&'/'*'/'+'/'-'/'/'/'%'/'<'/'>'/'^'/'|'/'='/'?'
    4 expression -> • STRING_LITERAL, PTR_OP/INC_OP/DEC_OP/LEFT_OP/RIGHT_OP/LE_OP/GE_OP/EQ_OP/NE_OP/AND_OP/OR_OP/MUL_ASSIGN/DIV_ASSIGN/MOD_ASSIGN/ADD_ASSIGN/SUB_ASSIGN/LEFT_ASSIGN/RIGHT_ASSIGN/AND_ASSIGN/XOR_ASSIGN/OR_ASSIGN/'('/')'/'['/'.'/','/'&'/'*'/'+'/'-'/'/'/'%'/'<'/'>'/'^'/'|'/'='/'?'
    5 expression -> • '(' expression ')', PTR_OP/INC_OP/DEC_OP/LEFT_OP/RIGHT_OP/LE_OP/GE_OP/EQ_OP/NE_OP/AND_OP/OR_OP/MUL_ASSIGN/DIV_ASSIGN/MOD_ASSIGN/ADD_ASSIGN/SUB_ASSIGN/LEFT_ASSIGN/RIGHT_ASSIGN/AND_ASSIGN/XOR_ASSIGN/OR_ASSIGN/'('/')'/'['/'.'/','/'&'/'*'/'+'/'-'/'/'/'%'/'<'/'>'/'^'/'|'/'='/'?'
    5 expression -> '(' • expression ')', yyeof/PTR_OP/INC_OP/DEC_OP/LEFT_OP/RIGHT_OP/LE_OP/GE_OP/EQ_OP/NE_OP/AND_OP/OR_OP/MUL_ASSIGN/DIV_ASSIGN/MOD_ASSIGN/ADD_ASSIGN/SUB_ASSIGN/LEFT_ASSIGN/RIGHT_ASSIGN/AND_ASSIGN/XOR_ASSIGN/OR_ASSIGN/'('/')'/'['/']'/'.'/','/'&'/'*'/'+'/'-'/'/'/'%'/'<'/'>'/'^'/'|'/'='/'?'/':'
    6 expression -> • expression '[' expression ']', PTR_OP/INC_OP/DEC_OP/LEFT_OP/RIGHT_OP/LE_OP/GE_OP/EQ_OP/NE_OP/AND_OP/OR_OP/MUL_ASSIGN/DIV_ASSIGN/MOD_ASSIGN/ADD_ASSIGN/SUB_ASSIGN/LEFT_ASSIGN/RIGHT_ASSIGN/AND_ASSIGN/XOR_ASSIGN/OR_ASSIGN/'('/')'/'['/'.'/','/'&'/'*'/'+'/'-'/'/'/'%'/'<'/'>'/'^'/'|'/'='/'?'
    7 expression -> • expression '(' ')', PTR_OP/INC_OP/DEC_OP/LEFT_OP/RIGHT_OP/LE_OP/GE_OP/EQ_OP/NE_OP/AND_OP/OR_OP/MUL_ASSIGN/DIV_ASSIGN/MOD_ASSIGN/ADD_ASSIGN/SUB_ASSIGN/LEFT_ASSIGN/RIGHT_ASSIGN/AND_ASSIGN/XOR_ASSIGN/OR_ASSIGN/'('/')'/'['/'.'/','/'&'/'*'/'+'/'-'/'/'/'%'/'<'/'>'/'^'/'|'/'='/'?'
    8 expression -> • expression '(' expression ')', PTR_OP/INC_OP/DEC_OP/LEFT_OP/RIGHT_OP/LE_OP/GE_OP/EQ_OP/NE_OP/AND_OP/OR_OP/MUL_ASSIGN/DIV_ASSIGN/MOD_ASSIGN/ADD_ASSIGN/SUB_ASSIGN/LEFT_ASSIGN/RIGHT_ASSIGN/AND_ASSIGN/XOR_ASSIGN/OR_ASSIGN/'('/')'/'['/'.'/','/'&'/'*'/'+'/'-'/'/'/'%'/'<'/'>'/'^'/'|'/'='/'?'
    9 expression -> • expression '.' IDENTIFIER, PTR_OP/INC_OP/DEC_OP/LEFT_OP/RIGHT_OP/LE_OP/GE_OP/EQ_OP/NE_OP/AND_OP/OR_OP/MUL_ASSIGN/DIV_ASSIGN/MOD_ASSIGN/ADD_ASSIGN/SUB_ASSIGN/LEFT_ASSIGN/RIGHT_ASSIGN/AND_ASSIGN/XOR_ASSIGN/OR_ASSIGN/'('/')'/'['/'.'/','/'&'/'*'/'+'/'-'/'/'/'%'/'<'/'>'/'^'/'|'/'='/'?'
    10 expression -> • expression PTR_OP IDENTIFIER, PTR_OP/INC_OP/DEC_OP/LEFT_OP/RIGHT_OP/LE_OP/GE_OP/EQ_OP/NE_OP/AND_OP/OR_OP/MUL_ASSIGN/DIV_ASSIGN/MOD_ASSIGN/ADD_ASSIGN/SUB_ASSIGN/LEFT_ASSIGN/RIGHT_ASSIGN/AND_ASSIGN/XOR_ASSIGN/OR_ASSIGN/'('/')'/'['/'.'/','/'&'/'*'/'+'/'-'/'/'/'%'/'<'/'>'/'^'/'|'/'='/'?'
    11 expression -> • expression INC_OP, PTR_OP/INC_OP/DEC_OP/LEFT_OP/RIGHT_OP/LE_OP/GE_OP/EQ_OP/NE_OP/AND_OP/OR_OP/MUL_ASSIGN/DIV_ASSIGN/MOD_ASSIGN/ADD_ASSIGN/SUB_ASSIGN/LEFT_ASSIGN/RIGHT_ASSIGN/AND_ASSIGN/XOR_ASSIGN/OR_ASSIGN/'('/')'/'['/'.'/','/'&'/'*'/'+'/'-'/'/'/'%'/'<'/'>'/'^'/'|'/'='/'?'
    12 expression -> • expression DEC_OP, PTR_OP/INC_OP/DEC_OP/LEFT_OP/RIGHT_OP/LE_OP/GE_OP/EQ_OP/NE_OP/AND_OP/OR_OP/MUL_ASSIGN/DIV_ASSIGN/MOD_ASSIGN/ADD_ASSIGN/SUB_ASSIGN/LEFT_ASSIGN/RIGHT_ASSIGN/AND_ASSIGN/XOR_ASSIGN/OR_ASSIGN/'('/')'/'['/'.'/','/'&'/'*'/'+'/'-'/'/'/'%'/'<'/'>'/'^'/'|'/'='/'?'
    13 expression -> • expression ',' expression, PTR_OP/INC_OP/DEC_OP/LEFT_OP/RIGHT_OP/LE_OP/GE_OP/EQ_OP/NE_OP/AND_OP/OR_OP/MUL_ASSIGN/DIV_ASSIGN/MOD_ASSIGN/ADD_ASSIGN/SUB_ASSIGN/LEFT_ASSIGN/RIGHT_ASSIGN/AND_ASSIGN/XOR_ASSIGN/OR_ASSIGN/'('/')'/'['/'.'/','/'&'/'*'/'+'/'-'/'/'/'%'/'<'/'>'/'^'/'|'/'='/'?'
    14 expression -> • INC_OP expression, PTR_OP/INC_OP/DEC_OP/LEFT_OP/RIGHT_OP/LE_OP/GE_OP/EQ_OP/NE_OP/AND_OP/OR_OP/MUL_ASSIGN/DIV_ASSIGN/MOD_ASSIGN/ADD_ASSIGN/SUB_ASSIGN/LEFT_ASSIGN/RIGHT_ASSIGN/AND_ASSIGN/XOR_ASSIGN/OR_ASSIGN/'('/')'/'['/'.'/','/'&'/'*'/'+'/'-'/'/'/'%'/'<'/'>'/'^'/'|'/'='/'?'
    15 expression -> • DEC_OP expression, PTR_OP/INC_OP/DEC_OP/LEFT_OP/RIGHT_OP/LE_OP/GE_OP/EQ_OP/NE_OP/AND_OP/OR_OP/MUL_ASSIGN/DIV_ASSIGN/MOD_ASSIGN/ADD_ASSIGN/SUB_ASSIGN/LEFT_ASSIGN/RIGHT_ASSIGN/AND_ASSIGN/XOR_ASSIGN/OR_ASSIGN/'('/')'/'['/'.'/','/'&'/'*'/'+'/'-'/'/'/'%'/'<'/'>'/'^'/'|'/'='/'?'
    16 expression -> • SIZEOF expression, PTR_OP/INC_OP/DEC_OP/LEFT_OP/RIGHT_OP/LE_OP/GE_OP/EQ_OP/NE_OP/AND_OP/OR_OP/MUL_ASSIGN/DIV_ASSIGN/MOD_ASSIGN/ADD_ASSIGN/SUB_ASSIGN/LEFT_ASSIGN/RIGHT_ASSIGN/AND_ASSIGN/XOR_ASSIGN/OR_ASSIGN/'('/')'/'['/'.'/','/'&'/'*'/'+'/'-'/'/'/'%'/'<'/'>'/'^'/'|'/'='/'?'
    17 expression -> • SIZEOF '(' type_name ')', PTR_OP/INC_OP/DEC_OP/LEFT_OP/RIGHT_OP/LE_OP/GE_OP/EQ_OP/NE_OP/AND_OP/OR_OP/MUL_ASSIGN/DIV_ASSIGN/MOD_ASSIGN/ADD_ASSIGN/SUB_ASSIGN/LEFT_ASSIGN/RIGHT_ASSIGN/AND_ASSIGN/XOR_ASSIGN/OR_ASSIGN/'('/')'/'['/'.'/','/'&'/'*'/'+'/'-'/'/'/'%'/'<'/'>'/'^'/'|'/'='/'?'
    17 expression -> SIZEOF '(' • type_name ')', yyeof/PTR_OP/INC_OP/DEC_OP/LEFT_OP/RIGHT_OP/LE_OP/GE_OP/EQ_OP/NE_OP/AND_OP/OR_OP/MUL_ASSIGN/DIV_ASSIGN/MOD_ASSIGN/ADD_ASSIGN/SUB_ASSIGN/LEFT_ASSIGN/RIGHT_ASSIGN/AND_ASSIGN/XOR_ASSIGN/OR_ASSIGN/'('/')'/'['/']'/'.'/','/'&'/'*'/'+'/'-'/'/'/'%'/'<'/'>'/'^'/'|'/'='/'?'/':'
    18 expression -> • '(' type_name ')' expression, PTR_OP/INC_OP/DEC_OP/LEFT_OP/RIGHT_OP/LE_OP/GE_OP/EQ_OP/NE_OP/AND_OP/OR_OP/MUL_ASSIGN/DIV_ASSIGN/MOD_ASSIGN/ADD_ASSIGN/SUB_ASSIGN/LEFT_ASSIGN/RIGHT_ASSIGN/AND_ASSIGN/XOR_ASSIGN/OR_ASSIGN/'('/')'/'['/'.'/','/'&'/'*'/'+'/'-'/'/'/'%'/'<'/'>'/'^'/'|'/'='/'?'
    18 expression -> '(' • type_name ')' expression, yyeof/PTR_OP/INC_OP/DEC_OP/LEFT_OP/RIGHT_OP/LE_OP/GE_OP/EQ_OP/NE_OP/AND_OP/OR_OP/MUL_ASSIGN/DIV_ASSIGN/MOD_ASSIGN/ADD_ASSIGN/SUB_ASSIGN/LEFT_ASSIGN/RIGHT_ASSIGN/AND_ASSIGN/XOR_ASSIGN/OR_ASSIGN/'('/')'/'['/']'/'.'/','/'&'/'*'/'+'/'-'/'/'/'%'/'<'/'>'/'^'/'|'/'='/'?'/':'
    19 expression -> • '&' expression, PTR_OP/INC_OP/DEC_OP/LEFT_OP/RIGHT_OP/LE_OP/GE_OP/EQ_OP/NE_OP/AND_OP/OR_OP/MUL_ASSIGN/DIV_ASSIGN/MOD_ASSIGN/ADD_ASSIGN/SUB_ASSIGN/LEFT_ASSIGN/RIGHT_ASSIGN/AND_ASSIGN/XOR_ASSIGN/OR_ASSIGN/'('/')'/'['/'.'/','/'&'/'*'/'+'/'-'/'/'/'%'/'<'/'>'/'^'/'|'/'='/'?'
    20 expression -> • '*' expression, PTR_OP/INC_OP/DEC_OP/LEFT_OP/RIGHT_OP/LE_OP/GE_OP/EQ_OP/NE_OP/AND_OP/OR_OP/MUL_ASSIGN/DIV_ASSIGN/MOD_ASSIGN/ADD_ASSIGN/SUB_ASSIGN/LEFT_ASSIGN/RIGHT_ASSIGN/AND_ASSIGN/XOR_ASSIGN/OR_ASSIGN/'('/')'/'['/'.'/','/'&'/'*'/'+'/'-'/'/'/'%'/'<'/'>'/'^'/'|'/'='/'?'
    21 expression -> • '+' expression, PTR_OP/INC_OP/DEC_OP/LEFT_OP/RIGHT_OP/LE_OP/GE_OP/EQ_OP/NE_OP/AND_OP/OR_OP/MUL_ASSIGN/DIV_ASSIGN/MOD_ASSIGN/ADD_ASSIGN/SUB_ASSIGN/LEFT_ASSIGN/RIGHT_ASSIGN/AND_ASSIGN/XOR_ASSIGN/OR_ASSIGN/'('/')'/'['/'.'/','/'&'/'*'/'+'/'-'/'/'/'%'/'<'/'>'/'^'/'|'/'='/'?'
    22 expression -> • '-' expression, PTR_OP/INC_OP/DEC_OP/LEFT_OP/RIGHT_OP/LE_OP/GE_OP/EQ_OP/NE_OP/AND_OP/OR_OP/MUL_ASSIGN/DIV_ASSIGN/MOD_ASSIGN/ADD_ASSIGN/SUB_ASSIGN/LEFT_ASSIGN/RIGHT_ASSIGN/AND_ASSIGN/XOR_ASSIGN/OR_ASSIGN/'('/')'/'['/'.'/','/'&'/'*'/'+'/'-'/'/'/'%'/'<'/'>'/'^'/'|'/'='/'?'
    23 expression -> • '~' expression, PTR_OP/INC_OP/DEC_OP/LEFT_OP/RIGHT_OP/LE_OP/GE_OP/EQ_OP/NE_OP/AND_OP/OR_OP/MUL_ASSIGN/DIV_ASSIGN/MOD_ASSIGN/ADD_ASSIGN/SUB_ASSIGN/LEFT_ASSIGN/RIGHT_ASSIGN/AND_ASSIGN/XOR_ASSIGN/OR_ASSIGN/'('/')'/'['/'.'/','/'&'/'*'/'+'/'-'/'/'/'%'/'<'/'>'/'^'/'|'/'='/'?'
    24 expression -> • '!' expression, PTR_OP/INC_OP/DEC_OP/LEFT_OP/RIGHT_OP/LE_OP/GE_OP/EQ_OP/NE_OP/AND_OP/OR_OP/MUL_ASSIGN/DIV_ASSIGN/MOD_ASSIGN/ADD_ASSIGN/SUB_ASSIGN/LEFT_ASSIGN/RIGHT_ASSIGN/AND_ASSIGN/XOR_ASSIGN/OR_ASSIGN/'('/')'/'['/'.'/','/'&'/'*'/'+'/'-'/'/'/'%'/'<'/'>'/'^'/'|'/'='/'?'
    25 expression -> • expression '+' expression, PTR_OP/INC_OP/DEC_OP/LEFT_OP/RIGHT_OP/LE_OP/GE_OP/EQ_OP/NE_OP/AND_OP/OR_OP/MUL_ASSIGN/DIV_ASSIGN/MOD_ASSIGN/ADD_ASSIGN/SUB_ASSIGN/LEFT_ASSIGN/RIGHT_ASSIGN/AND_ASSIGN/XOR_ASSIGN/OR_ASSIGN/'('/')'/'['/'.'/','/'&'/'*'/'+'/'-'/'/'/'%'/'<'/'>'/'^'/'|'/'='/'?'
    26 expression -> • expression '-' expression, PTR_OP/INC_OP/DEC_OP/LEFT_OP/RIGHT_OP/LE_OP/GE_OP/EQ_OP/NE_OP/AND_OP/OR_OP/MUL_ASSIGN/DIV_ASSIGN/MOD_ASSIGN/ADD_ASSIGN/SUB_ASSIGN/LEFT_ASSIGN/RIGHT_ASSIGN/AND_ASSIGN/XOR_ASSIGN/OR_ASSIGN/'('/')'/'['/'.'/','/'&'/'*'/'+'/'-'/'/'/'%'/'<'/'>'/'^'/'|'/'='/'?'
    27 expression -> • expression '*' expression, PTR_OP/INC_OP/DEC_OP/LEFT_OP/RIGHT_OP/LE_OP/GE_OP/EQ_OP/NE_OP/AND_OP/OR_OP/MUL_ASSIGN/DIV_ASSIGN/MOD_ASSIGN/ADD_ASSIGN/SUB_ASSIGN/LEFT_ASSIGN/RIGHT_ASSIGN/AND_ASSIGN/XOR_ASSIGN/OR_ASSIGN/'('/')'/'['/'.'/','/'&'/'*'/'+'/'-'/'/'/'%'/'<'/'>'/'^'/'|'/'='/'?'
    28 expression -> • expression '/' expression, PTR_OP/INC_OP/DEC_OP/LEFT_OP/RIGHT_OP/LE_OP/GE_OP/EQ_OP/NE_OP/AND_OP/OR_OP/MUL_ASSIGN/DIV_ASSIGN/MOD_ASSIGN/ADD_ASSIGN/SUB_ASSIGN/LEFT_ASSIGN/RIGHT_ASSIGN/AND_ASSIGN/XOR_ASSIGN/OR_ASSIGN/'('/')'/'['/'.'/','/'&'/'*'/'+'/'-'/'/'/'%'/'<'/'>'/'^'/'|'/'='/'?'
    29 expression -> • expression '%' expression, PTR_OP/INC_OP/DEC_OP/LEFT_OP/RIGHT_OP/LE_OP/GE_OP/EQ_OP/NE_OP/AND_OP/OR_OP/MUL_ASSIGN/DIV_ASSIGN/MOD_ASSIGN/ADD_ASSIGN/SUB_ASSIGN/LEFT_ASSIGN/RIGHT_ASSIGN/AND_ASSIGN/XOR_ASSIGN/OR_ASSIGN/'('/')'/'['/'.'/','/'&'/'*'/'+'/'-'/'/'/'%'/'<'/'>'/'^'/'|'/'='/'?'
    30 expression -> • expression LEFT_OP expression, PTR_OP/INC_OP/DEC_OP/LEFT_OP/RIGHT_OP/LE_OP/GE_OP/EQ_OP/NE_OP/AND_OP/OR_OP/MUL_ASSIGN/DIV_ASSIGN/MOD_ASSIGN/ADD_ASSIGN/SUB_ASSIGN/LEFT_ASSIGN/RIGHT_ASSIGN/AND_ASSIGN/XOR_ASSIGN/OR_ASSIGN/'('/')'/'['/'.'/','/'&'/'*'/'+'/'-'/'/'/'%'/'<'/'>'/'^'/'|'/'='/'?'
    31 expression -> • expression RIGHT_OP expression, PTR_OP/INC_OP/DEC_OP/LEFT_OP/RIGHT_OP/LE_OP/GE_OP/EQ_OP/NE_OP/AND_OP/OR_OP/MUL_ASSIGN/DIV_ASSIGN/MOD_ASSIGN/ADD_ASSIGN/SUB_ASSIGN/LEFT_ASSIGN/RIGHT_ASSIGN/AND_ASSIGN/XOR_ASSIGN/OR_ASSIGN/'('/')'/'['/'.'/','/'&'/'*'/'+'/'-'/'/'/'%'/'<'/'>'/'^'/'|'/'='/'?'
    32 expression -> • expression '<' expression, PTR_OP/INC_OP/DEC_OP/LEFT_OP/RIGHT_OP/LE_OP/GE_OP/EQ_OP/NE_OP/AND_OP/OR_OP/MUL_ASSIGN/DIV_ASSIGN/MOD_ASSIGN/ADD_ASSIGN/SUB_ASSIGN/LEFT_ASSIGN/RIGHT_ASSIGN/AND_ASSIGN/XOR_ASSIGN/OR_ASSIGN/'('/')'/'['/'.'/','/'&'/'*'/'+'/'-'/'/'/'%'/'<'/'>'/'^'/'|'/'='/'?'
    33 expression -> • expression '>' expression, PTR_OP/INC_OP/DEC_OP/LEFT_OP/RIGHT_OP/LE_OP/GE_OP/EQ_OP/NE_OP/AND_OP/OR_OP/MUL_ASSIGN/DIV_ASSIGN/MOD_ASSIGN/ADD_ASSIGN/SUB_ASSIGN/LEFT_ASSIGN/RIGHT_ASSIGN/AND_ASSIGN/XOR_ASSIGN/OR_ASSIGN/'('/')'/'['/'.'/','/'&'/'*'/'+'/'-'/'/'/'%'/'<'/'>'/'^'/'|'/'='/'?'
    34 expression -> • expression LE_OP expression, PTR_OP/INC_OP/DEC_OP/LEFT_OP/RIGHT_OP/LE_OP/GE_OP/EQ_OP/NE_OP/AND_OP/OR_OP/MUL_ASSIGN/DIV_ASSIGN/MOD_ASSIGN/ADD_ASSIGN/SUB_ASSIGN/LEFT_ASSIGN/RIGHT_ASSIGN/AND_ASSIGN/XOR_ASSIGN/OR_ASSIGN/'('/')'/'['/'.'/','/'&'/'*'/'+'/'-'/'/'/'%'/'<'/'>'/'^'/'|'/'='/'?'
    35 expression -> • expression GE_OP expression, PTR_OP/INC_OP/DEC_OP/LEFT_OP/RIGHT_OP/LE_OP/GE_OP/EQ_OP/NE_OP/AND_OP/OR_OP/MUL_ASSIGN/DIV_ASSIGN/MOD_ASSIGN/ADD_ASSIGN/SUB_ASSIGN/LEFT_ASSIGN/RIGHT_ASSIGN/AND_ASSIGN/XOR_ASSIGN/OR_ASSIGN/'('/')'/'['/'.'/','/'&'/'*'/'+'/'-'/'/'/'%'/'<'/'>'/'^'/'|'/'='/'?'
    36 expression -> • expression EQ_OP expression, PTR_OP/INC_OP/DEC_OP/LEFT_OP/RIGHT_OP/LE_OP/GE_OP/EQ_OP/NE_OP/AND_OP/OR_OP/MUL_ASSIGN/DIV_ASSIGN/MOD_ASSIGN/ADD_ASSIGN/SUB_ASSIGN/LEFT_ASSIGN/RIGHT_ASSIGN/AND_ASSIGN/XOR_ASSIGN/OR_ASSIGN/'('/')'/'['/'.'/','/'&'/'*'/'+'/'-'/'/'/'%'/'<'/'>'/'^'/'|'/'='/'?'
    37 expression -> • expression NE_OP expression, PTR_OP/INC_OP/DEC_OP/LEFT_OP/RIGHT_OP/LE_OP/GE_OP/EQ_OP/NE_OP/AND_OP/OR_OP/MUL_ASSIGN/DIV_ASSIGN/MOD_ASSIGN/ADD_ASSIGN/SUB_ASSIGN/LEFT_ASSIGN/RIGHT_ASSIGN/AND_ASSIGN/XOR_ASSIGN/OR_ASSIGN/'('/')'/'['/'.'/','/'&'/'*'/'+'/'-'/'/'/'%'/'<'/'>'/'^'/'|'/'='/'?'
    38 expression -> • expression '&' expression, PTR_OP/INC_OP/DEC_OP/LEFT_OP/RIGHT_OP/LE_OP/GE_OP/EQ_OP/NE_OP/AND_OP/OR_OP/MUL_ASSIGN/DIV_ASSIGN/MOD_ASSIGN/ADD_ASSIGN/SUB_ASSIGN/LEFT_ASSIGN/RIGHT_ASSIGN/AND_ASSIGN/XOR_ASSIGN/OR_ASSIGN/'('/')'/'['/'.'/','/'&'/'*'/'+'/'-'/'/'/'%'/'<'/'>'/'^'/'|'/'='/'?'
    39 expression -> • expression '^' expression, PTR_OP/INC_OP/DEC_OP/LEFT_OP/RIGHT_OP/LE_OP/GE_OP/EQ_OP/NE_OP/AND_OP/OR_OP/MUL_ASSIGN/DIV_ASSIGN/MOD_ASSIGN/ADD_ASSIGN/SUB_ASSIGN/LEFT_ASSIGN/RIGHT_ASSIGN/AND_ASSIGN/XOR_ASSIGN/OR_ASSIGN/'('/')'/'['/'.'/','/'&'/'*'/'+'/'-'/'/'/'%'/'<'/'>'/'^'/'|'/'='/'?'
    40 expression -> • expression '|' expression, PTR_OP/INC_OP/DEC_OP/LEFT_OP/RIGHT_OP/LE_OP/GE_OP/EQ_OP/NE_OP/AND_OP/OR_OP/MUL_ASSIGN/DIV_ASSIGN/MOD_ASSIGN/ADD_ASSIGN/SUB_ASSIGN/LEFT_ASSIGN/RIGHT_ASSIGN/AND_ASSIGN/XOR_ASSIGN/OR_ASSIGN/'('/')'/'['/'.'/','/'&'/'*'/'+'/'-'/'/'/'%'/'<'/'>'/'^'/'|'/'='/'?'
    41 expression -> • expression AND_OP expression, PTR_OP/INC_OP/DEC_OP/LEFT_OP/RIGHT_OP/LE_OP/GE_OP/EQ_OP/NE_OP/AND_OP/OR_OP/MUL_ASSIGN/DIV_ASSIGN/MOD_ASSIGN/ADD_ASSIGN/SUB_ASSIGN/LEFT_ASSIGN/RIGHT_ASSIGN/AND_ASSIGN/XOR_ASSIGN/OR_ASSIGN/'('/')'/'['/'.'/','/'&'/'*'/'+'/'-'/'/'/'%'/'<'/'>'/'^'/'|'/'='/'?'
    42 expression -> • expression OR_OP expression, PTR_OP/INC_OP/DEC_OP/LEFT_OP/RIGHT_OP/LE_OP/GE_OP/EQ_OP/NE_OP/AND_OP/OR_OP/MUL_ASSIGN/DIV_ASSIGN/MOD_ASSIGN/ADD_ASSIGN/SUB_ASSIGN/LEFT_ASSIGN/RIGHT_ASSIGN/AND_ASSIGN/XOR_ASSIGN/OR_ASSIGN/'('/')'/'['/'.'/','/'&'/'*'/'+'/'-'/'/'/'%'/'<'/'>'/'^'/'|'/'='/'?'
    43 expression -> • expression '=' expression, PTR_OP/INC_OP/DEC_OP/LEFT_OP/RIGHT_OP/LE_OP/GE_OP/EQ_OP/NE_OP/AND_OP/OR_OP/MUL_ASSIGN/DIV_ASSIGN/MOD_ASSIGN/ADD_ASSIGN/SUB_ASSIGN/LEFT_ASSIGN/RIGHT_ASSIGN/AND_ASSIGN/XOR_ASSIGN/OR_ASSIGN/'('/')'/'['/'.'/','/'&'/'*'/'+'/'-'/'/'/'%'/'<'/'>'/'^'/'|'/'='/'?'
    44 expression -> • expression MUL_ASSIGN expression, PTR_OP/INC_OP/DEC_OP/LEFT_OP/RIGHT_OP/LE_OP/GE_OP/EQ_OP/NE_OP/AND_OP/OR_OP/MUL_ASSIGN/DIV_ASSIGN/MOD_ASSIGN/ADD_ASSIGN/SUB_ASSIGN/LEFT_ASSIGN/RIGHT_ASSIGN/AND_ASSIGN/XOR_ASSIGN/OR_ASSIGN/'('/')'/'['/'.'/','/'&'/'*'/'+'/'-'/'/'/'%'/'<'/'>'/'^'/'|'/'='/'?'
    45 expression -> • expression DIV_ASSIGN expression, PTR_OP/INC_OP/DEC_OP/LEFT_OP/RIGHT_OP/LE_OP/GE_OP/EQ_OP/NE_OP/AND_OP/OR_OP/MUL_ASSIGN/DIV_ASSIGN/MOD_ASSIGN/ADD_ASSIGN/SUB_ASSIGN/LEFT_ASSIGN/RIGHT_ASSIGN/AND_ASSIGN/XOR_ASSIGN/OR_ASSIGN/'('/')'/'['/'.'/','/'&'/'*'/'+'/'-'/'/'/'%'/'<'/'>'/'^'/'|'/'='/'?'
    46 expression -> • expression MOD_ASSIGN expression, PTR_OP/INC_OP/DEC_OP/LEFT_OP/RIGHT_OP/LE_OP/GE_OP/EQ_OP/NE_OP/AND_OP/OR_OP/MUL_ASSIGN/DIV_ASSIGN/MOD_ASSIGN/ADD_ASSIGN/SUB_ASSIGN/LEFT_ASSIGN/RIGHT_ASSIGN/AND_ASSIGN/XOR_ASSIGN/OR_ASSIGN/'('/')'/'['/'.'/','/'&'/'*'/'+'/'-'/'/'/'%'/'<'/'>'/'^'/'|'/'='/'?'
    47 expression -> • expression ADD_ASSIGN expression, PTR_OP/INC_OP/DEC_OP/LEFT_OP/RIGHT_OP/LE_OP/GE_OP/EQ_OP/NE_OP/AND_OP/OR_OP/MUL_ASSIGN/DIV_ASSIGN/MOD_ASSIGN/ADD_ASSIGN/SUB_ASSIGN/LEFT_ASSIGN/RIGHT_ASSIGN/AND_ASSIGN/XOR_ASSIGN/OR_ASSIGN/'('/')'/'['/'.'/','/'&'/'*'/'+'/'-'/'/'/'%'/'<'/'>'/'^'/'|'/'='/'?'
    48 expression -> • expression SUB_ASSIGN expression, PTR_OP/INC_OP/DEC_OP/LEFT_OP/RIGHT_OP/LE_OP/GE_OP/EQ_OP/NE_OP/AND_OP/OR_OP/MUL_ASSIGN/DIV_ASSIGN/MOD_ASSIGN/ADD_ASSIGN/SUB_ASSIGN/LEFT_ASSIGN/RIGHT_ASSIGN/AND_ASSIGN/XOR_ASSIGN/OR_ASSIGN/'('/')'/'['/'.'/','/'&'/'*'/'+'/'-'/'/'/'%'/'<'/'>'/'^'/'|'/'='/'?'
    49 expression -> • expression LEFT_ASSIGN expression, PTR_OP/INC_OP/DEC_OP/LEFT_OP/RIGHT_OP/LE_OP/GE_OP/EQ_OP/NE_OP/AND_OP/OR_OP/MUL_ASSIGN/DIV_ASSIGN/MOD_ASSIGN/ADD_ASSIGN/SUB_ASSIGN/LEFT_ASSIGN/RIGHT_ASSIGN/AND_ASSIGN/XOR_ASSIGN/OR_ASSIGN/'('/')'/'['/'.'/','/'&'/'*'/'+'/'-'/'/'/'%'/'<'/'>'/'^'/'|'/'='/'?'
    50 expression -> • expression RIGHT_ASSIGN expression, PTR_OP/INC_OP/DEC_OP/LEFT_OP/RIGHT_OP/LE_OP/GE_OP/EQ_OP/NE_OP/AND_OP/OR_OP/MUL_ASSIGN/DIV_ASSIGN/MOD_ASSIGN/ADD_ASSIGN/SUB_ASSIGN/LEFT_ASSIGN/RIGHT_ASSIGN/AND_ASSIGN/XOR_ASSIGN/OR_ASSIGN/'('/')'/'['/'.'/','/'&'/'*'/'+'/'-'/'/'/'%'/'<'/'>'/'^'/'|'/'='/'?'
    51 expression -> • expression AND_ASSIGN expression, PTR_OP/INC_OP/DEC_OP/LEFT_OP/RIGHT_OP/LE_OP/GE_OP/EQ_OP/NE_OP/AND_OP/OR_OP/MUL_ASSIGN/DIV_ASSIGN/MOD_ASSIGN/ADD_ASSIGN/SUB_ASSIGN/LEFT_ASSIGN/RIGHT_ASSIGN/AND_ASSIGN/XOR_ASSIGN/OR_ASSIGN/'('/')'/'['/'.'/','/'&'/'*'/'+'/'-'/'/'/'%'/'<'/'>'/'^'/'|'/'='/'?'
    52 expression -> • expression XOR_ASSIGN expression, PTR_OP/INC_OP/DEC_OP/LEFT_OP/RIGHT_OP/LE_OP/GE_OP/EQ_OP/NE_OP/AND_OP/OR_OP/MUL_ASSIGN/DIV_ASSIGN/MOD_ASSIGN/ADD_ASSIGN/SUB_ASSIGN/LEFT_ASSIGN/RIGHT_ASSIGN/AND_ASSIGN/XOR_ASSIGN/OR_ASSIGN/'('/')'/'['/'.'/','/'&'/'*'/'+'/'-'/'/'/'%'/'<'/'>'/'^'/'|'/'='/'?'
    53 expression -> • expression OR_ASSIGN expression, PTR_OP/INC_OP/DEC_OP/LEFT_OP/RIGHT_OP/LE_OP/GE_OP/EQ_OP/NE_OP/AND_OP/OR_OP/MUL_ASSIGN/DIV_ASSIGN/MOD_ASSIGN/ADD_ASSIGN/SUB_ASSIGN/LEFT_ASSIGN/RIGHT_ASSIGN/AND_ASSIGN/XOR_ASSIGN/OR_ASSIGN/'('/')'/'['/'.'/','/'&'/'*'/'+'/'-'/'/'/'%'/'<'/'>'/'^'/'|'/'='/'?'
    54 expression -> • expression ',' expression, PTR_OP/INC_OP/DEC_OP/LEFT_OP/RIGHT_OP/LE_OP/GE_OP/EQ_OP/NE_OP/AND_OP/OR_OP/MUL_ASSIGN/DIV_ASSIGN/MOD_ASSIGN/ADD_ASSIGN/SUB_ASSIGN/LEFT_ASSIGN/RIGHT_ASSIGN/AND_ASSIGN/XOR_ASSIGN/OR_ASSIGN/'('/')'/'['/'.'/','/'&'/'*'/'+'/'-'/'/'/'%'/'<'/'>'/'^'/'|'/'='/'?'
    55 expression -> • expression '?' expression ':' expression, PTR_OP/INC_OP/DEC_OP/LEFT_OP/RIGHT_OP/LE_OP/GE_OP/EQ_OP/NE_OP/AND_OP/OR_OP/MUL_ASSIGN/DIV_ASSIGN/MOD_ASSIGN/ADD_ASSIGN/SUB_ASSIGN/LEFT_ASSIGN/RIGHT_ASSIGN/AND_ASSIGN/XOR_ASSIGN/OR_ASSIGN/'('/')'/'['/'.'/','/'&'/'*'/'+'/'-'/'/'/'%'/'<'/'>'/'^'/'|'/'='/'?'
    56 type_name ->•, ')'

    IDENTIFIER shift, and go to state 1
    STRING_LITERAL shift, and go to state 2
    CONSTANT shift, and go to state 3
    SIZEOF shift, and go to state 4
    INC_OP shift, and go to state 5
    DEC_OP shift, and go to state 6
    '(' shift, and go to state 9
    '&' shift, and go to state 10
    '*' shift, and go to state 11
    '+' shift, and go to state 12
    '-' shift, and go to state 13
    '~' shift, and go to state 14
    '!' shift, and go to state 15

    ')' reduce using rule 56 (type_name)

    expression go to state 57
    type_name go to state 65


State 18

    6 expression -> expression • '[' expression ']', yyeof/PTR_OP/INC_OP/DEC_OP/LEFT_OP/RIGHT_OP/LE_OP/GE_OP/EQ_OP/NE_OP/AND_OP/OR_OP/MUL_ASSIGN/DIV_ASSIGN/MOD_ASSIGN/ADD_ASSIGN/SUB_ASSIGN/LEFT_ASSIGN/RIGHT_ASSIGN/AND_ASSIGN/XOR_ASSIGN/OR_ASSIGN/'('/')'/'['/']'/'.'/','/'&'/'*'/'+'/'-'/'/'/'%'/'<'/'>'/'^'/'|'/'='/'?'/':'
    7 expression -> expression • '(' ')', yyeof/PTR_OP/INC_OP/DEC_OP/LEFT_OP/RIGHT_OP/LE_OP/GE_OP/EQ_OP/NE_OP/AND_OP/OR_OP/MUL_ASSIGN/DIV_ASSIGN/MOD_ASSIGN/ADD_ASSIGN/SUB_ASSIGN/LEFT_ASSIGN/RIGHT_ASSIGN/AND_ASSIGN/XOR_ASSIGN/OR_ASSIGN/'('/')'/'['/']'/'.'/','/'&'/'*'/'+'/'-'/'/'/'%'/'<'/'>'/'^'/'|'/'='/'?'/':'
    8 expression -> expression • '(' expression ')', yyeof/PTR_OP/INC_OP/DEC_OP/LEFT_OP/RIGHT_OP/LE_OP/GE_OP/EQ_OP/NE_OP/AND_OP/OR_OP/MUL_ASSIGN/DIV_ASSIGN/MOD_ASSIGN/ADD_ASSIGN/SUB_ASSIGN/LEFT_ASSIGN/RIGHT_ASSIGN/AND_ASSIGN/XOR_ASSIGN/OR_ASSIGN/'('/')'/'['/']'/'.'/','/'&'/'*'/'+'/'-'/'/'/'%'/'<'/'>'/'^'/'|'/'='/'?'/':'
    9 expression -> expression • '.' IDENTIFIER, yyeof/PTR_OP/INC_OP/DEC_OP/LEFT_OP/RIGHT_OP/LE_OP/GE_OP/EQ_OP/NE_OP/AND_OP/OR_OP/MUL_ASSIGN/DIV_ASSIGN/MOD_ASSIGN/ADD_ASSIGN/SUB_ASSIGN/LEFT_ASSIGN/RIGHT_ASSIGN/AND_ASSIGN/XOR_ASSIGN/OR_ASSIGN/'('/')'/'['/']'/'.'/','/'&'/'*'/'+'/'-'/'/'/'%'/'<'/'>'/'^'/'|'/'='/'?'/':'
    10 expression -> expression • PTR_OP IDENTIFIER, yyeof/PTR_OP/INC_OP/DEC_OP/LEFT_OP/RIGHT_OP/LE_OP/GE_OP/EQ_OP/NE_OP/AND_OP/OR_OP/MUL_ASSIGN/DIV_ASSIGN/MOD_ASSIGN/ADD_ASSIGN/SUB_ASSIGN/LEFT_ASSIGN/RIGHT_ASSIGN/AND_ASSIGN/XOR_ASSIGN/OR_ASSIGN/'('/')'/'['/']'/'.'/','/'&'/'*'/'+'/'-'/'/'/'%'/'<'/'>'/'^'/'|'/'='/'?'/':'
    11 expression -> expression • INC_OP, yyeof/PTR_OP/INC_OP/DEC_OP/LEFT_OP/RIGHT_OP/LE_OP/GE_OP/EQ_OP/NE_OP/AND_OP/OR_OP/MUL_ASSIGN/DIV_ASSIGN/MOD_ASSIGN/ADD_ASSIGN/SUB_ASSIGN/LEFT_ASSIGN/RIGHT_ASSIGN/AND_ASSIGN/XOR_ASSIGN/OR_ASSIGN/'('/')'/'['/']'/'.'/','/'&'/'*'/'+'/'-'/'/'/'%'/'<'/'>'/'^'/'|'/'='/'?'/':'
    12 expression -> expression • DEC_OP, yyeof/PTR_OP/INC_OP/DEC_OP/LEFT_OP/RIGHT_OP/LE_OP/GE_OP/EQ_OP/NE_OP/AND_OP/OR_OP/MUL_ASSIGN/DIV_ASSIGN/MOD_ASSIGN/ADD_ASSIGN/SUB_ASSIGN/LEFT_ASSIGN/RIGHT_ASSIGN/AND_ASSIGN/XOR_ASSIGN/OR_ASSIGN/'('/')'/'['/']'/'.'/','/'&'/'*'/'+'/'-'/'/'/'%'/'<'/'>'/'^'/'|'/'='/'?'/':'
    13 expression -> expression • ',' expression, yyeof/PTR_OP/INC_OP/DEC_OP/LEFT_OP/RIGHT_OP/LE_OP/GE_OP/EQ_OP/NE_OP/AND_OP/OR_OP/MUL_ASSIGN/DIV_ASSIGN/MOD_ASSIGN/ADD_ASSIGN/SUB_ASSIGN/LEFT_ASSIGN/RIGHT_ASSIGN/AND_ASSIGN/XOR_ASSIGN/OR_ASSIGN/'('/')'/'['/']'/'.'/','/'&'/'*'/'+'/'-'/'/'/'%'/'<'/'>'/'^'/'|'/'='/'?'/':'
    14 expression -> INC_OP expression•, yyeof/PTR_OP/INC_OP/DEC_OP/LEFT_OP/RIGHT_OP/LE_OP/GE_OP/EQ_OP/NE_OP/AND_OP/OR_OP/MUL_ASSIGN/DIV_ASSIGN/MOD_ASSIGN/ADD_ASSIGN/SUB_ASSIGN/LEFT_ASSIGN/RIGHT_ASSIGN/AND_ASSIGN/XOR_ASSIGN/OR_ASSIGN/'('/')'/'['/']'/'.'/','/'&'/'*'/'+'/'-'/'/'/'%'/'<'/'>'/'^'/'|'/'='/'?'/':'
    25 expression -> expression • '+' expression, yyeof/PTR_OP/INC_OP/DEC_OP/LEFT_OP/RIGHT_OP/LE_OP/GE_OP/EQ_OP/NE_OP/AND_OP/OR_OP/MUL_ASSIGN/DIV_ASSIGN/MOD_ASSIGN/ADD_ASSIGN/SUB_ASSIGN/LEFT_ASSIGN/RIGHT_ASSIGN/AND_ASSIGN/XOR_ASSIGN/OR_ASSIGN/'('/')'/'['/']'/'.'/','/'&'/'*'/'+'/'-'/'/'/'%'/'<'/'>'/'^'/'|'/'='/'?'/':'
    26 expression -> expression • '-' expression, yyeof/PTR_OP/INC_OP/DEC_OP/LEFT_OP/RIGHT_OP/LE_OP/GE_OP/EQ_OP/NE_OP/AND_OP/OR_OP/MUL_ASSIGN/DIV_ASSIGN/MOD_ASSIGN/ADD_ASSIGN/SUB_ASSIGN/LEFT_ASSIGN/RIGHT_ASSIGN/AND_ASSIGN/XOR_ASSIGN/OR_ASSIGN/'('/')'/'['/']'/'.'/','/'&'/'*'/'+'/'-'/'/'/'%'/'<'/'>'/'^'/'|'/'='/'?'/':'
    27 expression -> expression • '*' expression, yyeof/PTR_OP/INC_OP/DEC_OP/LEFT_OP/RIGHT_OP/LE_OP/GE_OP/EQ_OP/NE_OP/AND_OP/OR_OP/MUL_ASSIGN/DIV_ASSIGN/MOD_ASSIGN/ADD_ASSIGN/SUB_ASSIGN/LEFT_ASSIGN/RIGHT_ASSIGN/AND_ASSIGN/XOR_ASSIGN/OR_ASSIGN/'('/')'/'['/']'/'.'/','/'&'/'*'/'+'/'-'/'/'/'%'/'<'/'>'/'^'/'|'/'='/'?'/':'
    28 expression -> expression • '/' expression, yyeof/PTR_OP/INC_OP/DEC_OP/LEFT_OP/RIGHT_OP/LE_OP/GE_OP/EQ_OP/NE_OP/AND_OP/OR_OP/MUL_ASSIGN/DIV_ASSIGN/MOD_ASSIGN/ADD_ASSIGN/SUB_ASSIGN/LEFT_ASSIGN/RIGHT_ASSIGN/AND_ASSIGN/XOR_ASSIGN/OR_ASSIGN/'('/')'/'['/']'/'.'/','/'&'/'*'/'+'/'-'/'/'/'%'/'<'/'>'/'^'/'|'/'='/'?'/':'
    29 expression -> expression • '%' expression, yyeof/PTR_OP/INC_OP/DEC_OP/LEFT_OP/RIGHT_OP/LE_OP/GE_OP/EQ_OP/NE_OP/AND_OP/OR_OP/MUL_ASSIGN/DIV_ASSIGN/MOD_ASSIGN/ADD_ASSIGN/SUB_ASSIGN/LEFT_ASSIGN/RIGHT_ASSIGN/AND_ASSIGN/XOR_ASSIGN/OR_ASSIGN/'('/')'/'['/']'/'.'/','/'&'/'*'/'+'/'-'/'/'/'%'/'<'/'>'/'^'/'|'/'='/'?'/':'
    30 expression -> expression • LEFT_OP expression, yyeof/PTR_OP/INC_OP/DEC_OP/LEFT_OP/RIGHT_OP/LE_OP/GE_OP/EQ_OP/NE_OP/AND_OP/OR_OP/MUL_ASSIGN/DIV_ASSIGN/MOD_ASSIGN/ADD_ASSIGN/SUB_ASSIGN/LEFT_ASSIGN/RIGHT_ASSIGN/AND_ASSIGN/XOR_ASSIGN/OR_ASSIGN/'('/')'/'['/']'/'.'/','/'&'/'*'/'+'/'-'/'/'/'%'/'<'/'>'/'^'/'|'/'='/'?'/':'
    31 expression -> expression • RIGHT_OP expression, yyeof/PTR_OP/INC_OP/DEC_OP/LEFT_OP/RIGHT_OP/LE_OP/GE_OP/EQ_OP/NE_OP/AND_OP/OR_OP/MUL_ASSIGN/DIV_ASSIGN/MOD_ASSIGN/ADD_ASSIGN/SUB_ASSIGN/LEFT_ASSIGN/RIGHT_ASSIGN/AND_ASSIGN/XOR_ASSIGN/OR_ASSIGN/'('/')'/'['/']'/'.'/','/'&'/'*'/'+'/'-'/'/'/'%'/'<'/'>'/'^'/'|'/'='/'?'/':'
    32 expression -> expression • '<' expression, yyeof/PTR_OP/INC_OP/DEC_OP/LEFT_OP/RIGHT_OP/LE_OP/GE_OP/EQ_OP/NE_OP/AND_OP/OR_OP/MUL_ASSIGN/DIV_ASSIGN/MOD_ASSIGN/ADD_ASSIGN/SUB_ASSIGN/LEFT_ASSIGN/RIGHT_ASSIGN/AND_ASSIGN/XOR_ASSIGN/OR_ASSIGN/'('/')'/'['/']'/'.'/','/'&'/'*'/'+'/'-'/'/'/'%'/'<'/'>'/'^'/'|'/'='/'?'/':'
    33 expression -> expression • '>' expression, yyeof/PTR_OP/INC_OP/DEC_OP/LEFT_OP/RIGHT_OP/LE_OP/GE_OP/EQ_OP/NE_OP/AND_OP/OR_OP/MUL_ASSIGN/DIV_ASSIGN/MOD_ASSIGN/ADD_ASSIGN/SUB_ASSIGN/LEFT_ASSIGN/RIGHT_ASSIGN/AND_ASSIGN/XOR_ASSIGN/OR_ASSIGN/'('/')'/'['/']'/'.'/','/'&'/'*'/'+'/'-'/'/'/'%'/'<'/'>'/'^'/'|'/'='/'?'/':'
    34 expression -> expression • LE_OP expression, yyeof/PTR_OP/INC_OP/DEC_OP/LEFT_OP/RIGHT_OP/LE_OP/GE_OP/EQ_OP/NE_OP/AND_OP/OR_OP/MUL_ASSIGN/DIV_ASSIGN/MOD_ASSIGN/ADD_ASSIGN/SUB_ASSIGN/LEFT_ASSIGN/RIGHT_ASSIGN/AND_ASSIGN/XOR_ASSIGN/OR_ASSIGN/'('/')'/'['/']'/'.'/','/'&'/'*'/'+'/'-'/'/'/'%'/'<'/'>'/'^'/'|'/'='/'?'/':'
    35 expression -> expression • GE_OP expression, yyeof/PTR_OP/INC_OP/DEC_OP/LEFT_OP/RIGHT_OP/LE_OP/GE_OP/EQ_OP/NE_OP/AND_OP/OR_OP/MUL_ASSIGN/DIV_ASSIGN/MOD_ASSIGN/ADD_ASSIGN/SUB_ASSIGN/LEFT_ASSIGN/RIGHT_ASSIGN/AND_ASSIGN/XOR_ASSIGN/OR_ASSIGN/'('/')'/'['/']'/'.'/','/'&'/'*'/'+'/'-'/'/'/'%'/'<'/'>'/'^'/'|'/'='/'?'/':'
    36 expression -> expression • EQ_OP expression, yyeof/PTR_OP/INC_OP/DEC_OP/LEFT_OP/RIGHT_OP/LE_OP/GE_OP/EQ_OP/NE_OP/AND_OP/OR_OP/MUL_ASSIGN/DIV_ASSIGN/MOD_ASSIGN/ADD_ASSIGN/SUB_ASSIGN/LEFT_ASSIGN/RIGHT_ASSIGN/AND_ASSIGN/XOR_ASSIGN/OR_ASSIGN/'('/')'/'['/']'/'.'/','/'&'/'*'/'+'/'-'/'/'/'%'/'<'/'>'/'^'/'|'/'='/'?'/':'
    37 expression -> expression • NE_OP expression, yyeof/PTR_OP/INC_OP/DEC_OP/LEFT_OP/RIGHT_OP/LE_OP/GE_OP/EQ_OP/NE_OP/AND_OP/OR_OP/MUL_ASSIGN/DIV_ASSIGN/MOD_ASSIGN/ADD_ASSIGN/SUB_ASSIGN/LEFT_ASSIGN/RIGHT_ASSIGN/AND_ASSIGN/XOR_ASSIGN/OR_ASSIGN/'('/')'/'['/']'/'.'/','/'&'/'*'/'+'/'-'/'/'/'%'/'<'/'>'/'^'/'|'/'='/'?'/':'
    38 expression -> expression • '&' expression, yyeof/PTR_OP/INC_OP/DEC_OP/LEFT_OP/RIGHT_OP/LE_OP/GE_OP/EQ_OP/NE_OP/AND_OP/OR_OP/MUL_ASSIGN/DIV_ASSIGN/MOD_ASSIGN/ADD_ASSIGN/SUB_ASSIGN/LEFT_ASSIGN/RIGHT_ASSIGN/AND_ASSIGN/XOR_ASSIGN/OR_ASSIGN/'('/')'/'['/']'/'.'/','/'&'/'*'/'+'/'-'/'/'/'%'/'<'/'>'/'^'/'|'/'='/'?'/':'
    39 expression -> expression • '^' expression, yyeof/PTR_OP/INC_OP/DEC_OP/LEFT_OP/RIGHT_OP/LE_OP/GE_OP/EQ_OP/NE_OP/AND_OP/OR_OP/MUL_ASSIGN/DIV_ASSIGN/MOD_ASSIGN/ADD_ASSIGN/SUB_ASSIGN/LEFT_ASSIGN/RIGHT_ASSIGN/AND_ASSIGN/XOR_ASSIGN/OR_ASSIGN/'('/')'/'['/']'/'.'/','/'&'/'*'/'+'/'-'/'/'/'%'/'<'/'>'/'^'/'|'/'='/'?'/':'
    40 expression -> expression • '|' expression, yyeof/PTR_OP/INC_OP/DEC_OP/LEFT_OP/RIGHT_OP/LE_OP/GE_OP/EQ_OP/NE_OP/AND_OP/OR_OP/MUL_ASSIGN/DIV_ASSIGN/MOD_ASSIGN/ADD_ASSIGN/SUB_ASSIGN/LEFT_ASSIGN/RIGHT_ASSIGN/AND_ASSIGN/XOR_ASSIGN/OR_ASSIGN/'('/')'/'['/']'/'.'/','/'&'/'*'/'+'/'-'/'/'/'%'/'<'/'>'/'^'/'|'/'='/'?'/':'
    41 expression -> expression • AND_OP expression, yyeof/PTR_OP/INC_OP/DEC_OP/LEFT_OP/RIGHT_OP/LE_OP/GE_OP/EQ_OP/NE_OP/AND_OP/OR_OP/MUL_ASSIGN/DIV_ASSIGN/MOD_ASSIGN/ADD_ASSIGN/SUB_ASSIGN/LEFT_ASSIGN/RIGHT_ASSIGN/AND_ASSIGN/XOR_ASSIGN/OR_ASSIGN/'('/')'/'['/']'/'.'/','/'&'/'*'/'+'/'-'/'/'/'%'/'<'/'>'/'^'/'|'/'='/'?'/':'
    42 expression -> expression • OR_OP expression, yyeof/PTR_OP/INC_OP/DEC_OP/LEFT_OP/RIGHT_OP/LE_OP/GE_OP/EQ_OP/NE_OP/AND_OP/OR_OP/MUL_ASSIGN/DIV_ASSIGN/MOD_ASSIGN/ADD_ASSIGN/SUB_ASSIGN/LEFT_ASSIGN/RIGHT_ASSIGN/AND_ASSIGN/XOR_ASSIGN/OR_ASSIGN/'('/')'/'['/']'/'.'/','/'&'/'*'/'+'/'-'/'/'/'%'/'<'/'>'/'^'/'|'/'='/'?'/':'
    43 expression -> expression • '=' expression, yyeof/PTR_OP/INC_OP/DEC_OP/LEFT_OP/RIGHT_OP/LE_OP/GE_OP/EQ_OP/NE_OP/AND_OP/OR_OP/MUL_ASSIGN/DIV_ASSIGN/MOD_ASSIGN/ADD_ASSIGN/SUB_ASSIGN/LEFT_ASSIGN/RIGHT_ASSIGN/AND_ASSIGN/XOR_ASSIGN/OR_ASSIGN/'('/')'/'['/']'/'.'/','/'&'/'*'/'+'/'-'/'/'/'%'/'<'/'>'/'^'/'|'/'='/'?'/':'
    44 expression -> expression • MUL_ASSIGN expression, yyeof/PTR_OP/INC_OP/DEC_OP/LEFT_OP/RIGHT_OP/LE_OP/GE_OP/EQ_OP/NE_OP/AND_OP/OR_OP/MUL_ASSIGN/DIV_ASSIGN/MOD_ASSIGN/ADD_ASSIGN/SUB_ASSIGN/LEFT_ASSIGN/RIGHT_ASSIGN/AND_ASSIGN/XOR_ASSIGN/OR_ASSIGN/'('/')'/'['/']'/'.'/','/'&'/'*'/'+'/'-'/'/'/'%'/'<'/'>'/'^'/'|'/'='/'?'/':'
    45 expression -> expression • DIV_ASSIGN expression, yyeof/PTR_OP/INC_OP/DEC_OP/LEFT_OP/RIGHT_OP/LE_OP/GE_OP/EQ_OP/NE_OP/AND_OP/OR_OP/MUL_ASSIGN/DIV_ASSIGN/MOD_ASSIGN/ADD_ASSIGN/SUB_ASSIGN/LEFT_ASSIGN/RIGHT_ASSIGN/AND_ASSIGN/XOR_ASSIGN/OR_ASSIGN/'('/')'/'['/']'/'.'/','/'&'/'*'/'+'/'-'/'/'/'%'/'<'/'>'/'^'/'|'/'='/'?'/':'
    46 expression -> expression • MOD_ASSIGN expression, yyeof/PTR_OP/INC_OP/DEC_OP/LEFT_OP/RIGHT_OP/LE_OP/GE_OP/EQ_OP/NE_OP/AND_OP/OR_OP/MUL_ASSIGN/DIV_ASSIGN/MOD_ASSIGN/ADD_ASSIGN/SUB_ASSIGN/LEFT_ASSIGN/RIGHT_ASSIGN/AND_ASSIGN/XOR_ASSIGN/OR_ASSIGN/'('/')'/'['/']'/'.'/','/'&'/'*'/'+'/'-'/'/'/'%'/'<'/'>'/'^'/'|'/'='/'?'/':'
    47 expression -> expression • ADD_ASSIGN expression, yyeof/PTR_OP/INC_OP/DEC_OP/LEFT_OP/RIGHT_OP/LE_OP/GE_OP/EQ_OP/NE_OP/AND_OP/OR_OP/MUL_ASSIGN/DIV_ASSIGN/MOD_ASSIGN/ADD_ASSIGN/SUB_ASSIGN/LEFT_ASSIGN/RIGHT_ASSIGN/AND_ASSIGN/XOR_ASSIGN/OR_ASSIGN/'('/')'/'['/']'/'.'/','/'&'/'*'/'+'/'-'/'/'/'%'/'<'/'>'/'^'/'|'/'='/'?'/':'
    48 expression -> expression • SUB_ASSIGN expression, yyeof/PTR_OP/INC_OP/DEC_OP/LEFT_OP/RIGHT_OP/LE_OP/GE_OP/EQ_OP/NE_OP/AND_OP/OR_OP/MUL_ASSIGN/DIV_ASSIGN/MOD_ASSIGN/ADD_ASSIGN/SUB_ASSIGN/LEFT_ASSIGN/RIGHT_ASSIGN/AND_ASSIGN/XOR_ASSIGN/OR_ASSIGN/'('/')'/'['/']'/'.'/','/'&'/'*'/'+'/'-'/'/'/'%'/'<'/'>'/'^'/'|'/'='/'?'/':'
    49 expression -> expression • LEFT_ASSIGN expression, yyeof/PTR_OP/INC_OP/DEC_OP/LEFT_OP/RIGHT_OP/LE_OP/GE_OP/EQ_OP/NE_OP/AND_OP/OR_OP/MUL_ASSIGN/DIV_ASSIGN/MOD_ASSIGN/ADD_ASSIGN/SUB_ASSIGN/LEFT_ASSIGN/RIGHT_ASSIGN/AND_ASSIGN/XOR_ASSIGN/OR_ASSIGN/'('/')'/'['/']'/'.'/','/'&'/'*'/'+'/'-'/'/'/'%'/'<'/'>'/'^'/'|'/'='/'?'/':'
    50 expression -> expression • RIGHT_ASSIGN expression, yyeof/PTR_OP/INC_OP/DEC_OP/LEFT_OP/RIGHT_OP/LE_OP/GE_OP/EQ_OP/NE_OP/AND_OP/OR_OP/MUL_ASSIGN/DIV_ASSIGN/MOD_ASSIGN/ADD_ASSIGN/SUB_ASSIGN/LEFT_ASSIGN/RIGHT_ASSIGN/AND_ASSIGN/XOR_ASSIGN/OR_ASSIGN/'('/')'/'['/']'/'.'/','/'&'/'*'/'+'/'-'/'/'/'%'/'<'/'>'/'^'/'|'/'='/'?'/':'
    51 expression -> expression • AND_ASSIGN expression, yyeof/PTR_OP/INC_OP/DEC_OP/LEFT_OP/RIGHT_OP/LE_OP/GE_OP/EQ_OP/NE_OP/AND_OP/OR_OP/MUL_ASSIGN/DIV_ASSIGN/MOD_ASSIGN/ADD_ASSIGN/SUB_ASSIGN/LEFT_ASSIGN/RIGHT_ASSIGN/AND_ASSIGN/XOR_ASSIGN/OR_ASSIGN/'('/')'/'['/']'/'.'/','/'&'/'*'/'+'/'-'/'/'/'%'/'<'/'>'/'^'/'|'/'='/'?'/':'
    52 expression -> expression • XOR_ASSIGN expression, yyeof/PTR_OP/INC_OP/DEC_OP/LEFT_OP/RIGHT_OP/LE_OP/GE_OP/EQ_OP/NE_OP/AND_OP/OR_OP/MUL_ASSIGN/DIV_ASSIGN/MOD_ASSIGN/ADD_ASSIGN/SUB_ASSIGN/LEFT_ASSIGN/RIGHT_ASSIGN/AND_ASSIGN/XOR_ASSIGN/OR_ASSIGN/'('/')'/'['/']'/'.'/','/'&'/'*'/'+'/'-'/'/'/'%'/'<'/'>'/'^'/'|'/'='/'?'/':'
    53 expression -> expression • OR_ASSIGN expression, yyeof/PTR_OP/INC_OP/DEC_OP/LEFT_OP/RIGHT_OP/LE_OP/GE_OP/EQ_OP/NE_OP/AND_OP/OR_OP/MUL_ASSIGN/DIV_ASSIGN/MOD_ASSIGN/ADD_ASSIGN/SUB_ASSIGN/LEFT_ASSIGN/RIGHT_ASSIGN/AND_ASSIGN/XOR_ASSIGN/OR_ASSIGN/'('/')'/'['/']'/'.'/','/'&'/'*'/'+'/'-'/'/'/'%'/'<'/'>'/'^'/'|'/'='/'?'/':'
    54 expression -> expression • ',' expression, yyeof/PTR_OP/INC_OP/DEC_OP/LEFT_OP/RIGHT_OP/LE_OP/GE_OP/EQ_OP/NE_OP/AND_OP/OR_OP/MUL_ASSIGN/DIV_ASSIGN/MOD_ASSIGN/ADD_ASSIGN/SUB_ASSIGN/LEFT_ASSIGN/RIGHT_ASSIGN/AND_ASSIGN/XOR_ASSIGN/OR_ASSIGN/'('/')'/'['/']'/'.'/','/'&'/'*'/'+'/'-'/'/'/'%'/'<'/'>'/'^'/'|'/'='/'?'/':'
    55 expression -> expression • '?' expression ':' expression, yyeof/PTR_OP/INC_OP/DEC_OP/LEFT_OP/RIGHT_OP/LE_OP/GE_OP/EQ_OP/NE_OP/AND_OP/OR_OP/MUL_ASSIGN/DIV_ASSIGN/MOD_ASSIGN/ADD_ASSIGN/SUB_ASSIGN/LEFT_ASSIGN/RIGHT_ASSIGN/AND_ASSIGN/XOR_ASSIGN/OR_ASSIGN/'('/')'/'['/']'/'.'/','/'&'/'*'/'+'/'-'/'/'/'%'/'<'/'>'/'^'/'|'/'='/'?'/':'

    PTR_OP shift, and go to state 20
    INC_OP shift, and go to state 21
    DEC_OP shift, and go to state 22
    LEFT_OP shift, and go to state 23
    RIGHT_OP shift, and go to state 24
    LE_OP shift, and go to state 25
    GE_OP shift, and go to state 26
    EQ_OP shift, and go to state 27
    NE_OP shift, and go to state 28
    AND_OP shift, and go to state 29
    OR_OP shift, and go to state 30
    MUL_ASSIGN shift, and go to state 31
    DIV_ASSIGN shift, and go to state 32
    MOD_ASSIGN shift, and go to state 33
    ADD_ASSIGN shift, and go to state 34
    SUB_ASSIGN shift, and go to state 35
    LEFT_ASSIGN shift, and go to state 36
    RIGHT_ASSIGN shift, and go to state 37
    AND_ASSIGN shift, and go to state 38
    XOR_ASSIGN shift, and go to state 39
    OR_ASSIGN shift, and go to state 40
    '(' shift, and go to state 41
    '[' shift, and go to state 42
    '.' shift, and go to state 43
    ',' shift, and go to state 44
    '&' shift, and go to state 45
    '*' shift, and go to state 46
    '+' shift, and go to state 47
    '-' shift, and go to state 48
    '/' shift, and go to state 49
    '%' shift, and go to state 50
    '<' shift, and go to state 51
    '>' shift, and go to state 52
    '^' shift, and go to state 53
    '|' shift, and go to state 54
    '=' shift, and go to state 55
    '?' shift, and go to state 56

    yyeof reduce using rule 14 (expression)
    PTR_OP [reduce using rule 14 (expression)]
    INC_OP [reduce using rule 14 (expression)]
    DEC_OP [reduce using rule 14 (expression)]
    LEFT_OP [reduce using rule 14 (expression)]
    RIGHT_OP [reduce using rule 14 (expression)]
    LE_OP [reduce using rule 14 (expression)]
    GE_OP [reduce using rule 14 (expression)]
    EQ_OP [reduce using rule 14 (expression)]
    NE_OP [reduce using rule 14 (expression)]
    '(' [reduce using rule 14 (expression)]
    ')' reduce using rule 14 (expression)
    '[' [reduce using rule 14 (expression)]
    ']' reduce using rule 14 (expression)
    '.' [reduce using rule 14 (expression)]
    ',' [reduce using rule 14 (expression)]
    '&' [reduce using rule 14 (expression)]
    '*' [reduce using rule 14 (expression)]
    '+' [reduce using rule 14 (expression)]
    '-' [reduce using rule 14 (expression)]
    '/' [reduce using rule 14 (expression)]
    '%' [reduce using rule 14 (expression)]
    '<' [reduce using rule 14 (expression)]
    '>' [reduce using rule 14 (expression)]
    '^' [reduce using rule 14 (expression)]
    '|' [reduce using rule 14 (expression)]
    '=' [reduce using rule 14 (expression)]
    '?' [reduce using rule 14 (expression)]
    ':' reduce using rule 14 (expression)


State 19

    6 expression -> expression • '[' expression ']', yyeof/PTR_OP/INC_OP/DEC_OP/LEFT_OP/RIGHT_OP/LE_OP/GE_OP/EQ_OP/NE_OP/AND_OP/OR_OP/MUL_ASSIGN/DIV_ASSIGN/MOD_ASSIGN/ADD_ASSIGN/SUB_ASSIGN/LEFT_ASSIGN/RIGHT_ASSIGN/AND_ASSIGN/XOR_ASSIGN/OR_ASSIGN/'('/')'/'['/']'/'.'/','/'&'/'*'/'+'/'-'/'/'/'%'/'<'/'>'/'^'/'|'/'='/'?'/':'
    7 expression -> expression • '(' ')', yyeof/PTR_OP/INC_OP/DEC_OP/LEFT_OP/RIGHT_OP/LE_OP/GE_OP/EQ_OP/NE_OP/AND_OP/OR_OP/MUL_ASSIGN/DIV_ASSIGN/MOD_ASSIGN/ADD_ASSIGN/SUB_ASSIGN/LEFT_ASSIGN/RIGHT_ASSIGN/AND_ASSIGN/XOR_ASSIGN/OR_ASSIGN/'('/')'/'['/']'/'.'/','/'&'/'*'/'+'/'-'/'/'/'%'/'<'/'>'/'^'/'|'/'='/'?'/':'
    8 expression -> expression • '(' expression ')', yyeof/PTR_OP/INC_OP/DEC_OP/LEFT_OP/RIGHT_OP/LE_OP/GE_OP/EQ_OP/NE_OP/AND_OP/OR_OP/MUL_ASSIGN/DIV_ASSIGN/MOD_ASSIGN/ADD_ASSIGN/SUB_ASSIGN/LEFT_ASSIGN/RIGHT_ASSIGN/AND_ASSIGN/XOR_ASSIGN/OR_ASSIGN/'('/')'/'['/']'/'.'/','/'&'/'*'/'+'/'-'/'/'/'%'/'<'/'>'/'^'/'|'/'='/'?'/':'
    9 expression -> expression • '.' IDENTIFIER, yyeof/PTR_OP/INC_OP/DEC_OP/LEFT_OP/RIGHT_OP/LE_OP/GE_OP/EQ_OP/NE_OP/AND_OP/OR_OP/MUL_ASSIGN/DIV_ASSIGN/MOD_ASSIGN/ADD_ASSIGN/SUB_ASSIGN/LEFT_ASSIGN/RIGHT_ASSIGN/AND_ASSIGN/XOR_ASSIGN/OR_ASSIGN/'('/')'/'['/']'/'.'/','/'&'/'*'/'+'/'-'/'/'/'%'/'<'/'>'/'^'/'|'/'='/'?'/':'
    10 expression -> expression • PTR_OP IDENTIFIER, yyeof/PTR_OP/INC_OP/DEC_OP/LEFT_OP/RIGHT_OP/LE_OP/GE_OP/EQ_OP/NE_OP/AND_OP/OR_OP/MUL_ASSIGN/DIV_ASSIGN/MOD_ASSIGN/ADD_ASSIGN/SUB_ASSIGN/LEFT_ASSIGN/RIGHT_ASSIGN/AND_ASSIGN/XOR_ASSIGN/OR_ASSIGN/'('/')'/'['/']'/'.'/','/'&'/'*'/'+'/'-'/'/'/'%'/'<'/'>'/'^'/'|'/'='/'?'/':'
    11 expression -> expression • INC_OP, yyeof/PTR_OP/INC_OP/DEC_OP/LEFT_OP/RIGHT_OP/LE_OP/GE_OP/EQ_OP/NE_OP/AND_OP/OR_OP/MUL_ASSIGN/DIV_ASSIGN/MOD_ASSIGN/ADD_ASSIGN/SUB_ASSIGN/LEFT_ASSIGN/RIGHT_ASSIGN/AND_ASSIGN/XOR_ASSIGN/OR_ASSIGN/'('/')'/'['/']'/'.'/','/'&'/'*'/'+'/'-'/'/'/'%'/'<'/'>'/'^'/'|'/'='/'?'/':'
    12 expression -> expression • DEC_OP, yyeof/PTR_OP/INC_OP/DEC_OP/LEFT_OP/RIGHT_OP/LE_OP/GE_OP/EQ_OP/NE_OP/AND_OP/OR_OP/MUL_ASSIGN/DIV_ASSIGN/MOD_ASSIGN/ADD_ASSIGN/SUB_ASSIGN/LEFT_ASSIGN/RIGHT_ASSIGN/AND_ASSIGN/XOR_ASSIGN/OR_ASSIGN/'('/')'/'['/']'/'.'/','/'&'/'*'/'+'/'-'/'/'/'%'/'<'/'>'/'^'/'|'/'='/'?'/':'
    13 expression -> expression • ',' expression, yyeof/PTR_OP/INC_OP/DEC_OP/LEFT_OP/RIGHT_OP/LE_OP/GE_OP/EQ_OP/NE_OP/AND_OP/OR_OP/MUL_ASSIGN/DIV_ASSIGN/MOD_ASSIGN/ADD_ASSIGN/SUB_ASSIGN/LEFT_ASSIGN/RIGHT_ASSIGN/AND_ASSIGN/XOR_ASSIGN/OR_ASSIGN/'('/')'/'['/']'/'.'/','/'&'/'*'/'+'/'-'/'/'/'%'/'<'/'>'/'^'/'|'/'='/'?'/':'
    15 expression -> DEC_OP expression•, yyeof/PTR_OP/INC_OP/DEC_OP/LEFT_OP/RIGHT_OP/LE_OP/GE_OP/EQ_OP/NE_OP/AND_OP/OR_OP/MUL_ASSIGN/DIV_ASSIGN/MOD_ASSIGN/ADD_ASSIGN/SUB_ASSIGN/LEFT_ASSIGN/RIGHT_ASSIGN/AND_ASSIGN/XOR_ASSIGN/OR_ASSIGN/'('/')'/'['/']'/'.'/','/'&'/'*'/'+'/'-'/'/'/'%'/'<'/'>'/'^'/'|'/'='/'?'/':'
    25 expression -> expression • '+' expression, yyeof/PTR_OP/INC_OP/DEC_OP/LEFT_OP/RIGHT_OP/LE_OP/GE_OP/EQ_OP/NE_OP/AND_OP/OR_OP/MUL_ASSIGN/DIV_ASSIGN/MOD_ASSIGN/ADD_ASSIGN/SUB_ASSIGN/LEFT_ASSIGN/RIGHT_ASSIGN/AND_ASSIGN/XOR_ASSIGN/OR_ASSIGN/'('/')'/'['/']'/'.'/','/'&'/'*'/'+'/'-'/'/'/'%'/'<'/'>'/'^'/'|'/'='/'?'/':'
    26 expression -> expression • '-' expression, yyeof/PTR_OP/INC_OP/DEC_OP/LEFT_OP/RIGHT_OP/LE_OP/GE_OP/EQ_OP/NE_OP/AND_OP/OR_OP/MUL_ASSIGN/DIV_ASSIGN/MOD_ASSIGN/ADD_ASSIGN/SUB_ASSIGN/LEFT_ASSIGN/RIGHT_ASSIGN/AND_ASSIGN/XOR_ASSIGN/OR_ASSIGN/'('/')'/'['/']'/'.'/','/'&'/'*'/'+'/'-'/'/'/'%'/'<'/'>'/'^'/'|'/'='/'?'/':'
    27 expression -> expression • '*' expression, yyeof/PTR_OP/INC_OP/DEC_OP/LEFT_OP/RIGHT_OP/LE_OP/GE_OP/EQ_OP/NE_OP/AND_OP/OR_OP/MUL_ASSIGN/DIV_ASSIGN/MOD_ASSIGN/ADD_ASSIGN/SUB_ASSIGN/LEFT_ASSIGN/RIGHT_ASSIGN/AND_ASSIGN/XOR_ASSIGN/OR_ASSIGN/'('/')'/'['/']'/'.'/','/'&'/'*'/'+'/'-'/'/'/'%'/'<'/'>'/'^'/'|'/'='/'?'/':'
    28 expression -> expression • '/' expression, yyeof/PTR_OP/INC_OP/DEC_OP/LEFT_OP/RIGHT_OP/LE_OP/GE_OP/EQ_OP/NE_OP/AND_OP/OR_OP/MUL_ASSIGN/DIV_ASSIGN/MOD_ASSIGN/ADD_ASSIGN/SUB_ASSIGN/LEFT_ASSIGN/RIGHT_ASSIGN/AND_ASSIGN/XOR_ASSIGN/OR_ASSIGN/'('/')'/'['/']'/'.'/','/'&'/'*'/'+'/'-'/'/'/'%'/'<'/'>'/'^'/'|'/'='/'?'/':'
    29 expression -> expression • '%' expression, yyeof/PTR_OP/INC_OP/DEC_OP/LEFT_OP/RIGHT_OP/LE_OP/GE_OP/EQ_OP/NE_OP/AND_OP/OR_OP/MUL_ASSIGN/DIV_ASSIGN/MOD_ASSIGN/ADD_ASSIGN/SUB_ASSIGN/LEFT_ASSIGN/RIGHT_ASSIGN/AND_ASSIGN/XOR_ASSIGN/OR_ASSIGN/'('/')'/'['/']'/'.'/','/'&'/'*'/'+'/'-'/'/'/'%'/'<'/'>'/'^'/'|'/'='/'?'/':'
    30 expression -> expression • LEFT_OP expression, yyeof/PTR_OP/INC_OP/DEC_OP/LEFT_OP/RIGHT_OP/LE_OP/GE_OP/EQ_OP/NE_OP/AND_OP/OR_OP/MUL_ASSIGN/DIV_ASSIGN/MOD_ASSIGN/ADD_ASSIGN/SUB_ASSIGN/LEFT_ASSIGN/RIGHT_ASSIGN/AND_ASSIGN/XOR_ASSIGN/OR_ASSIGN/'('/')'/'['/']'/'.'/','/'&'/'*'/'+'/'-'/'/'/'%'/'<'/'>'/'^'/'|'/'='/'?'/':'
    31 expression -> expression • RIGHT_OP expression, yyeof/PTR_OP/INC_OP/DEC_OP/LEFT_OP/RIGHT_OP/LE_OP/GE_OP/EQ_OP/NE_OP/AND_OP/OR_OP/MUL_ASSIGN/DIV_ASSIGN/MOD_ASSIGN/ADD_ASSIGN/SUB_ASSIGN/LEFT_ASSIGN/RIGHT_ASSIGN/AND_ASSIGN/XOR_ASSIGN/OR_ASSIGN/'('/')'/'['/']'/'.'/','/'&'/'*'/'+'/'-'/'/'/'%'/'<'/'>'/'^'/'|'/'='/'?'/':'
    32 expression -> expression • '<' expression, yyeof/PTR_OP/INC_OP/DEC_OP/LEFT_OP/RIGHT_OP/LE_OP/GE_OP/EQ_OP/NE_OP/AND_OP/OR_OP/MUL_ASSIGN/DIV_ASSIGN/MOD_ASSIGN/ADD_ASSIGN/SUB_ASSIGN/LEFT_ASSIGN/RIGHT_ASSIGN/AND_ASSIGN/XOR_ASSIGN/OR_ASSIGN/'('/')'/'['/']'/'.'/','/'&'/'*'/'+'/'-'/'/'/'%'/'<'/'>'/'^'/'|'/'='/'?'/':'
    33 expression -> expression • '>' expression, yyeof/PTR_OP/INC_OP/DEC_OP/LEFT_OP/RIGHT_OP/LE_OP/GE_OP/EQ_OP/NE_OP/AND_OP/OR_OP/MUL_ASSIGN/DIV_ASSIGN/MOD_ASSIGN/ADD_ASSIGN/SUB_ASSIGN/LEFT_ASSIGN/RIGHT_ASSIGN/AND_ASSIGN/XOR_ASSIGN/OR_ASSIGN/'('/')'/'['/']'/'.'/','/'&'/'*'/'+'/'-'/'/'/'%'/'<'/'>'/'^'/'|'/'='/'?'/':'
    34 expression -> expression • LE_OP expression, yyeof/PTR_OP/INC_OP/DEC_OP/LEFT_OP/RIGHT_OP/LE_OP/GE_OP/EQ_OP/NE_OP/AND_OP/OR_OP/MUL_ASSIGN/DIV_ASSIGN/MOD_ASSIGN/ADD_ASSIGN/SUB_ASSIGN/LEFT_ASSIGN/RIGHT_ASSIGN/AND_ASSIGN/XOR_ASSIGN/OR_ASSIGN/'('/')'/'['/']'/'.'/','/'&'/'*'/'+'/'-'/'/'/'%'/'<'/'>'/'^'/'|'/'='/'?'/':'
    35 expression -> expression • GE_OP expression, yyeof/PTR_OP/INC_OP/DEC_OP/LEFT_OP/RIGHT_OP/LE_OP/GE_OP/EQ_OP/NE_OP/AND_OP/OR_OP/MUL_ASSIGN/DIV_ASSIGN/MOD_ASSIGN/ADD_ASSIGN/SUB_ASSIGN/LEFT_ASSIGN/RIGHT_ASSIGN/AND_ASSIGN/XOR_ASSIGN/OR_ASSIGN/'('/')'/'['/']'/'.'/','/'&'/'*'/'+'/'-'/'/'/'%'/'<'/'>'/'^'/'|'/'='/'?'/':'
    36 expression -> expression • EQ_OP expression, yyeof/PTR_OP/INC_OP/DEC_OP/LEFT_OP/RIGHT_OP/LE_OP/GE_OP/EQ_OP/NE_OP/AND_OP/OR_OP/MUL_ASSIGN/DIV_ASSIGN/MOD_ASSIGN/ADD_ASSIGN/SUB_ASSIGN/LEFT_ASSIGN/RIGHT_ASSIGN/AND_ASSIGN/XOR_ASSIGN/OR_ASSIGN/'('/')'/'['/']'/'.'/','/'&'/'*'/'+'/'-'/'/'/'%'/'<'/'>'/'^'/'|'/'='/'?'/':'
    37 expression -> expression • NE_OP expression, yyeof/PTR_OP/INC_OP/DEC_OP/LEFT_OP/RIGHT_OP/LE_OP/GE_OP/EQ_OP/NE_OP/AND_OP/OR_OP/MUL_ASSIGN/DIV_ASSIGN/MOD_ASSIGN/ADD_ASSIGN/SUB_ASSIGN/LEFT_ASSIGN/RIGHT_ASSIGN/AND_ASSIGN/XOR_ASSIGN/OR_ASSIGN/'('/')'/'['/']'/'.'/','/'&'/'*'/'+'/'-'/'/'/'%'/'<'/'>'/'^'/'|'/'='/'?'/':'
    38 expression -> expression • '&' expression, yyeof/PTR_OP/INC_OP/DEC_OP/LEFT_OP/RIGHT_OP/LE_OP/GE_OP/EQ_OP/NE_OP/AND_OP/OR_OP/MUL_ASSIGN/DIV_ASSIGN/MOD_ASSIGN/ADD_ASSIGN/SUB_ASSIGN/LEFT_ASSIGN/RIGHT_ASSIGN/AND_ASSIGN/XOR_ASSIGN/OR_ASSIGN/'('/')'/'['/']'/'.'/','/'&'/'*'/'+'/'-'/'/'/'%'/'<'/'>'/'^'/'|'/'='/'?'/':'
    39 expression -> expression • '^' expression, yyeof/PTR_OP/INC_OP/DEC_OP/LEFT_OP/RIGHT_OP/LE_OP/GE_OP/EQ_OP/NE_OP/AND_OP/OR_OP/MUL_ASSIGN/DIV_ASSIGN/MOD_ASSIGN/ADD_ASSIGN/SUB_ASSIGN/LEFT_ASSIGN/RIGHT_ASSIGN/AND_ASSIGN/XOR_ASSIGN/OR_ASSIGN/'('/')'/'['/']'/'.'/','/'&'/'*'/'+'/'-'/'/'/'%'/'<'/'>'/'^'/'|'/'='/'?'/':'
    40 expression -> expression • '|' expression, yyeof/PTR_OP/INC_OP/DEC_OP/LEFT_OP/RIGHT_OP/LE_OP/GE_OP/EQ_OP/NE_OP/AND_OP/OR_OP/MUL_ASSIGN/DIV_ASSIGN/MOD_ASSIGN/ADD_ASSIGN/SUB_ASSIGN/LEFT_ASSIGN/RIGHT_ASSIGN/AND_ASSIGN/XOR_ASSIGN/OR_ASSIGN/'('/')'/'['/']'/'.'/','/'&'/'*'/'+'/'-'/'/'/'%'/'<'/'>'/'^'/'|'/'='/'?'/':'
    41 expression -> expression • AND_OP expression, yyeof/PTR_OP/INC_OP/DEC_OP/LEFT_OP/RIGHT_OP/LE_OP/GE_OP/EQ_OP/NE_OP/AND_OP/OR_OP/MUL_ASSIGN/DIV_ASSIGN/MOD_ASSIGN/ADD_ASSIGN/SUB_ASSIGN/LEFT_ASSIGN/RIGHT_ASSIGN/AND_ASSIGN/XOR_ASSIGN/OR_ASSIGN/'('/')'/'['/']'/'.'/','/'&'/'*'/'+'/'-'/'/'/'%'/'<'/'>'/'^'/'|'/'='/'?'/':'
    42 expression -> expression • OR_OP expression, yyeof/PTR_OP/INC_OP/DEC_OP/LEFT_OP/RIGHT_OP/LE_OP/GE_OP/EQ_OP/NE_OP/AND_OP/OR_OP/MUL_ASSIGN/DIV_ASSIGN/MOD_ASSIGN/ADD_ASSIGN/SUB_ASSIGN/LEFT_ASSIGN/RIGHT_ASSIGN/AND_ASSIGN/XOR_ASSIGN/OR_ASSIGN/'('/')'/'['/']'/'.'/','/'&'/'*'/'+'/'-'/'/'/'%'/'<'/'>'/'^'/'|'/'='/'?'/':'
    43 expression -> expression • '=' expression, yyeof/PTR_OP/INC_OP/DEC_OP/LEFT_OP/RIGHT_OP/LE_OP/GE_OP/EQ_OP/NE_OP/AND_OP/OR_OP/MUL_ASSIGN/DIV_ASSIGN/MOD_ASSIGN/ADD_ASSIGN/SUB_ASSIGN/LEFT_ASSIGN/RIGHT_ASSIGN/AND_ASSIGN/XOR_ASSIGN/OR_ASSIGN/'('/')'/'['/']'/'.'/','/'&'/'*'/'+'/'-'/'/'/'%'/'<'/'>'/'^'/'|'/'='/'?'/':'
    44 expression -> expression • MUL_ASSIGN expression, yyeof/PTR_OP/INC_OP/DEC_OP/LEFT_OP/RIGHT_OP/LE_OP/GE_OP/EQ_OP/NE_OP/AND_OP/OR_OP/MUL_ASSIGN/DIV_ASSIGN/MOD_ASSIGN/ADD_ASSIGN/SUB_ASSIGN/LEFT_ASSIGN/RIGHT_ASSIGN/AND_ASSIGN/XOR_ASSIGN/OR_ASSIGN/'('/')'/'['/']'/'.'/','/'&'/'*'/'+'/'-'/'/'/'%'/'<'/'>'/'^'/'|'/'='/'?'/':'
    45 expression -> expression • DIV_ASSIGN expression, yyeof/PTR_OP/INC_OP/DEC_OP/LEFT_OP/RIGHT_OP/LE_OP/GE_OP/EQ_OP/NE_OP/AND_OP/OR_OP/MUL_ASSIGN/DIV_ASSIGN/MOD_ASSIGN/ADD_ASSIGN/SUB_ASSIGN/LEFT_ASSIGN/RIGHT_ASSIGN/AND_ASSIGN/XOR_ASSIGN/OR_ASSIGN/'('/')'/'['/']'/'.'/','/'&'/'*'/'+'/'-'/'/'/'%'/'<'/'>'/'^'/'|'/'='/'?'/':'
    46 expression -> expression • MOD_ASSIGN expression, yyeof/PTR_OP/INC_OP/DEC_OP/LEFT_OP/RIGHT_OP/LE_OP/GE_OP/EQ_OP/NE_OP/AND_OP/OR_OP/MUL_ASSIGN/DIV_ASSIGN/MOD_ASSIGN/ADD_ASSIGN/SUB_ASSIGN/LEFT_ASSIGN/RIGHT_ASSIGN/AND_ASSIGN/XOR_ASSIGN/OR_ASSIGN/'('/')'/'['/']'/'.'/','/'&'/'*'/'+'/'-'/'/'/'%'/'<'/'>'/'^'/'|'/'='/'?'/':'
    47 expression -> expression • ADD_ASSIGN expression, yyeof/PTR_OP/INC_OP/DEC_OP/LEFT_OP/RIGHT_OP/LE_OP/GE_OP/EQ_OP/NE_OP/AND_OP/OR_OP/MUL_ASSIGN/DIV_ASSIGN/MOD_ASSIGN/ADD_ASSIGN/SUB_ASSIGN/LEFT_ASSIGN/RIGHT_ASSIGN/AND_ASSIGN/XOR_ASSIGN/OR_ASSIGN/'('/')'/'['/']'/'.'/','/'&'/'*'/'+'/'-'/'/'/'%'/'<'/'>'/'^'/'|'/'='/'?'/':'
    48 expression -> expression • SUB_ASSIGN expression, yyeof/PTR_OP/INC_OP/DEC_OP/LEFT_OP/RIGHT_OP/LE_OP/GE_OP/EQ_OP/NE_OP/AND_OP/OR_OP/MUL_ASSIGN/DIV_ASSIGN/MOD_ASSIGN/ADD_ASSIGN/SUB_ASSIGN/LEFT_ASSIGN/RIGHT_ASSIGN/AND_ASSIGN/XOR_ASSIGN/OR_ASSIGN/'('/')'/'['/']'/'.'/','/'&'/'*'/'+'/'-'/'/'/'%'/'<'/'>'/'^'/'|'/'='/'?'/':'
    49 expression -> expression • LEFT_ASSIGN expression, yyeof/PTR_OP/INC_OP/DEC_OP/LEFT_OP/RIGHT_OP/LE_OP/GE_OP/EQ_OP/NE_OP/AND_OP/OR_OP/MUL_ASSIGN/DIV_ASSIGN/MOD_ASSIGN/ADD_ASSIGN/SUB_ASSIGN/LEFT_ASSIGN/RIGHT_ASSIGN/AND_ASSIGN/XOR_ASSIGN/OR_ASSIGN/'('/')'/'['/']'/'.'/','/'&'/'*'/'+'/'-'/'/'/'%'/'<'/'>'/'^'/'|'/'='/'?'/':'
    50 expression -> expression • RIGHT_ASSIGN expression, yyeof/PTR_OP/INC_OP/DEC_OP/LEFT_OP/RIGHT_OP/LE_OP/GE_OP/EQ_OP/NE_OP/AND_OP/OR_OP/MUL_ASSIGN/DIV_ASSIGN/MOD_ASSIGN/ADD_ASSIGN/SUB_ASSIGN/LEFT_ASSIGN/RIGHT_ASSIGN/AND_ASSIGN/XOR_ASSIGN/OR_ASSIGN/'('/')'/'['/']'/'.'/','/'&'/'*'/'+'/'-'/'/'/'%'/'<'/'>'/'^'/'|'/'='/'?'/':'
    51 expression -> expression • AND_ASSIGN expression, yyeof/PTR_OP/INC_OP/DEC_OP/LEFT_OP/RIGHT_OP/LE_OP/GE_OP/EQ_OP/NE_OP/AND_OP/OR_OP/MUL_ASSIGN/DIV_ASSIGN/MOD_ASSIGN/ADD_ASSIGN/SUB_ASSIGN/LEFT_ASSIGN/RIGHT_ASSIGN/AND_ASSIGN/XOR_ASSIGN/OR_ASSIGN/'('/')'/'['/']'/'.'/','/'&'/'*'/'+'/'-'/'/'/'%'/'<'/'>'/'^'/'|'/'='/'?'/':'
    52 expression -> expression • XOR_ASSIGN expression, yyeof/PTR_OP/INC_OP/DEC_OP/LEFT_OP/RIGHT_OP/LE_OP/GE_OP/EQ_OP/NE_OP/AND_OP/OR_OP/MUL_ASSIGN/DIV_ASSIGN/MOD_ASSIGN/ADD_ASSIGN/SUB_ASSIGN/LEFT_ASSIGN/RIGHT_ASSIGN/AND_ASSIGN/XOR_ASSIGN/OR_ASSIGN/'('/')'/'['/']'/'.'/','/'&'/'*'/'+'/'-'/'/'/'%'/'<'/'>'/'^'/'|'/'='/'?'/':'
    53 expression -> expression • OR_ASSIGN expression, yyeof/PTR_OP/INC_OP/DEC_OP/LEFT_OP/RIGHT_OP/LE_OP/GE_OP/EQ_OP/NE_OP/AND_OP/OR_OP/MUL_ASSIGN/DIV_ASSIGN/MOD_ASSIGN/ADD_ASSIGN/SUB_ASSIGN/LEFT_ASSIGN/RIGHT_ASSIGN/AND_ASSIGN/XOR_ASSIGN/OR_ASSIGN/'('/')'/'['/']'/'.'/','/'&'/'*'/'+'/'-'/'/'/'%'/'<'/'>'/'^'/'|'/'='/'?'/':'
    54 expression -> expression • ',' expression, yyeof/PTR_OP/INC_OP/DEC_OP/LEFT_OP/RIGHT_OP/LE_OP/GE_OP/EQ_OP/NE_OP/AND_OP/OR_OP/MUL_ASSIGN/DIV_ASSIGN/MOD_ASSIGN/ADD_ASSIGN/SUB_ASSIGN/LEFT_ASSIGN/RIGHT_ASSIGN/AND_ASSIGN/XOR_ASSIGN/OR_ASSIGN/'('/')'/'['/']'/'.'/','/'&'/'*'/'+'/'-'/'/'/'%'/'<'/'>'/'^'/'|'/'='/'?'/':'
    55 expression -> expression • '?' expression ':' expression, yyeof/PTR_OP/INC_OP/DEC_OP/LEFT_OP/RIGHT_OP/LE_OP/GE_OP/EQ_OP/NE_OP/AND_OP/OR_OP/MUL_ASSIGN/DIV_ASSIGN/MOD_ASSIGN/ADD_ASSIGN/SUB_ASSIGN/LEFT_ASSIGN/RIGHT_ASSIGN/AND_ASSIGN/XOR_ASSIGN/OR_ASSIGN/'('/')'/'['/']'/'.'/','/'&'/'*'/'+'/'-'/'/'/'%'/'<'/'>'/'^'/'|'/'='/'?'/':'

    PTR_OP shift, and go to state 20
    INC_OP shift, and go to state 21
    DEC_OP shift, and go to state 22
    LEFT_OP shift, and go to state 23
    RIGHT_OP shift, and go to state 24
    LE_OP shift, and go to state 25
    GE_OP shift, and go to state 26
    EQ_OP shift, and go to state 27
    NE_OP shift, and go to state 28
    AND_OP shift, and go to state 29
    OR_OP shift, and go to state 30
    MUL_ASSIGN shift, and go to state 31
    DIV_ASSIGN shift, and go to state 32
    MOD_ASSIGN shift, and go to state 33
    ADD_ASSIGN shift, and go to state 34
    SUB_ASSIGN shift, and go to state 35
    LEFT_ASSIGN shift, and go to state 36
    RIGHT_ASSIGN shift, and go to state 37
    AND_ASSIGN shift, and go to state 38
    XOR_ASSIGN shift, and go to state 39
    OR_ASSIGN shift, and go to state 40
    '(' shift, and go to state 41
    '[' shift, and go to state 42
    '.' shift, and go to state 43
    ',' shift, and go to state 44
    '&' shift, and go to state 45
    '*' shift, and go to state 46
    '+' shift, and go to state 47
    '-' shift, and go to state 48
    '/' shift, and go to state 49
    '%' shift, and go to state 50
    '<' shift, and go to state 51
    '>' shift, and go to state 52
    '^' shift, and go to state 53
    '|' shift, and go to state 54
    '=' shift, and go to state 55
    '?' shift, and go to state 56

    yyeof reduce using rule 15 (expression)
    PTR_OP [reduce using rule 15 (expression)]
    INC_OP [reduce using rule 15 (expression)]
    DEC_OP [reduce using rule 15 (expression)]
    LEFT_OP [reduce using rule 15 (expression)]
    RIGHT_OP [reduce using rule 15 (expression)]
    LE_OP [reduce using rule 15 (expression)]
    GE_OP [reduce using rule 15 (expression)]
    EQ_OP [reduce using rule 15 (expression)]
    NE_OP [reduce using rule 15 (expression)]
    '(' [reduce using rule 15 (expression)]
    ')' reduce using rule 15 (expression)
    '[' [reduce using rule 15 (expression)]
    ']' reduce using rule 15 (expression)
    '.' [reduce using rule 15 (expression)]
    ',' [reduce using rule 15 (expression)]
    '&' [reduce using rule 15 (expression)]
    '*' [reduce using rule 15 (expression)]
    '+' [reduce using rule 15 (expression)]
    '-' [reduce using rule 15 (expression)]
    '/' [reduce using rule 15 (expression)]
    '%' [reduce using rule 15 (expression)]
    '<' [reduce using rule 15 (expression)]
    '>' [reduce using rule 15 (expression)]
    '^' [reduce using rule 15 (expression)]
    '|' [reduce using rule 15 (expression)]
    '=' [reduce using rule 15 (expression)]
    '?' [reduce using rule 15 (expression)]
    ':' reduce using rule 15 (expression)


State 20

    10 expression -> expression PTR_OP • IDENTIFIER, yyeof/PTR_OP/INC_OP/DEC_OP/LEFT_OP/RIGHT_OP/LE_OP/GE_OP/EQ_OP/NE_OP/AND_OP/OR_OP/MUL_ASSIGN/DIV_ASSIGN/MOD_ASSIGN/ADD_ASSIGN/SUB_ASSIGN/LEFT_ASSIGN/RIGHT_ASSIGN/AND_ASSIGN/XOR_ASSIGN/OR_ASSIGN/'('/')'/'['/']'/'.'/','/'&'/'*'/'+'/'-'/'/'/'%'/'<'/'>'/'^'/'|'/'='/'?'/':'

    IDENTIFIER shift, and go to state 66


State 21

    11 expression -> expression INC_OP•, yyeof/PTR_OP/INC_OP/DEC_OP/LEFT_OP/RIGHT_OP/LE_OP/GE_OP/EQ_OP/NE_OP/AND_OP/OR_OP/MUL_ASSIGN/DIV_ASSIGN/MOD_ASSIGN/ADD_ASSIGN/SUB_ASSIGN/LEFT_ASSIGN/RIGHT_ASSIGN/AND_ASSIGN/XOR_ASSIGN/OR_ASSIGN/'('/')'/'['/']'/'.'/','/'&'/'*'/'+'/'-'/'/'/'%'/'<'/'>'/'^'/'|'/'='/'?'/':'

    yyeof reduce using rule 11 (expression)
    PTR_OP reduce using rule 11 (expression)
    INC_OP reduce using rule 11 (expression)
    DEC_OP reduce using rule 11 (expression)
    LEFT_OP reduce using rule 11 (expression)
    RIGHT_OP reduce using rule 11 (expression)
    LE_OP reduce using rule 11 (expression)
    GE_OP reduce using rule 11 (expression)
    EQ_OP reduce using rule 11 (expression)
    NE_OP reduce using rule 11 (expression)
    AND_OP reduce using rule 11 (expression)
    OR_OP reduce using rule 11 (expression)
    MUL_ASSIGN reduce using rule 11 (expression)
    DIV_ASSIGN reduce using rule 11 (expression)
    MOD_ASSIGN reduce using rule 11 (expression)
    ADD_ASSIGN reduce using rule 11 (expression)
    SUB_ASSIGN reduce using rule 11 (expression)
    LEFT_ASSIGN reduce using rule 11 (expression)
    RIGHT_ASSIGN reduce using rule 11 (expression)
    AND_ASSIGN reduce using rule 11 (expression)
    XOR_ASSIGN reduce using rule 11 (expression)
    OR_ASSIGN reduce using rule 11 (expression)
    '(' reduce using rule 11 (expression)
    ')' reduce using rule 11 (expression)
    '[' reduce using rule 11 (expression)
    ']' reduce using rule 11 (expression)
    '.' reduce using rule 11 (expression)
    ',' reduce using rule 11 (expression)
    '&' reduce using rule 11 (expression)
    '*' reduce using rule 11 (expression)
    '+' reduce using rule 11 (expression)
    '-' reduce using rule 11 (expression)
    '/' reduce using rule 11 (expression)
    '%' reduce using rule 11 (expression)
    '<' reduce using rule 11 (expression)
    '>' reduce using rule 11 (expression)
    '^' reduce using rule 11 (expression)
    '|' reduce using rule 11 (expression)
    '=' reduce using rule 11 (expression)
    '?' reduce using rule 11 (expression)
    ':' reduce using rule 11 (expression)


State 22

    12 expression -> expression DEC_OP•, yyeof/PTR_OP/INC_OP/DEC_OP/LEFT_OP/RIGHT_OP/LE_OP/GE_OP/EQ_OP/NE_OP/AND_OP/OR_OP/MUL_ASSIGN/DIV_ASSIGN/MOD_ASSIGN/ADD_ASSIGN/SUB_ASSIGN/LEFT_ASSIGN/RIGHT_ASSIGN/AND_ASSIGN/XOR_ASSIGN/OR_ASSIGN/'('/')'/'['/']'/'.'/','/'&'/'*'/'+'/'-'/'/'/'%'/'<'/'>'/'^'/'|'/'='/'?'/':'

    yyeof reduce using rule 12 (expression)
    PTR_OP reduce using rule 12 (expression)
    INC_OP reduce using rule 12 (expression)
    DEC_OP reduce using rule 12 (expression)
    LEFT_OP reduce using rule 12 (expression)
    RIGHT_OP reduce using rule 12 (expression)
    LE_OP reduce using rule 12 (expression)
    GE_OP reduce using rule 12 (expression)
    EQ_OP reduce using rule 12 (expression)
    NE_OP reduce using rule 12 (expression)
    AND_OP reduce using rule 12 (expression)
    OR_OP reduce using rule 12 (expression)
    MUL_ASSIGN reduce using rule 12 (expression)
    DIV_ASSIGN reduce using rule 12 (expression)
    MOD_ASSIGN reduce using rule 12 (expression)
    ADD_ASSIGN reduce using rule 12 (expression)
    SUB_ASSIGN reduce using rule 12 (expression)
    LEFT_ASSIGN reduce using rule 12 (expression)
    RIGHT_ASSIGN reduce using rule 12 (expression)
    AND_ASSIGN reduce using rule 12 (expression)
    XOR_ASSIGN reduce using rule 12 (expression)
    OR_ASSIGN reduce using rule 12 (expression)
    '(' reduce using rule 12 (expression)
    ')' reduce using rule 12 (expression)
    '[' reduce using rule 12 (expression)
    ']' reduce using rule 12 (expression)
    '.' reduce using rule 12 (expression)
    ',' reduce using rule 12 (expression)
    '&' reduce using rule 12 (expression)
    '*' reduce using rule 12 (expression)
    '+' reduce using rule 12 (expression)
    '-' reduce using rule 12 (expression)
    '/' reduce using rule 12 (expression)
    '%' reduce using rule 12 (expression)
    '<' reduce using rule 12 (expression)
    '>' reduce using rule 12 (expression)
    '^' reduce using rule 12 (expression)
    '|' reduce using rule 12 (expression)
    '=' reduce using rule 12 (expression)
    '?' reduce using rule 12 (expression)
    ':' reduce using rule 12 (expression)


State 23

    2 expression -> • IDENTIFIER, yyeof/PTR_OP/INC_OP/DEC_OP/LEFT_OP/RIGHT_OP/LE_OP/GE_OP/EQ_OP/NE_OP/AND_OP/OR_OP/MUL_ASSIGN/DIV_ASSIGN/MOD_ASSIGN/ADD_ASSIGN/SUB_ASSIGN/LEFT_ASSIGN/RIGHT_ASSIGN/AND_ASSIGN/XOR_ASSIGN/OR_ASSIGN/'('/')'/'['/']'/'.'/','/'&'/'*'/'+'/'-'/'/'/'%'/'<'/'>'/'^'/'|'/'='/'?'/':'
    3 expression -> • CONSTANT, yyeof/PTR_OP/INC_OP/DEC_OP/LEFT_OP/RIGHT_OP/LE_OP/GE_OP/EQ_OP/NE_OP/AND_OP/OR_OP/MUL_ASSIGN/DIV_ASSIGN/MOD_ASSIGN/ADD_ASSIGN/SUB_ASSIGN/LEFT_ASSIGN/RIGHT_ASSIGN/AND_ASSIGN/XOR_ASSIGN/OR_ASSIGN/'('/')'/'['/']'/'.'/','/'&'/'*'/'+'/'-'/'/'/'%'/'<'/'>'/'^'/'|'/'='/'?'/':'
    4 expression -> • STRING_LITERAL, yyeof/PTR_OP/INC_OP/DEC_OP/LEFT_OP/RIGHT_OP/LE_OP/GE_OP/EQ_OP/NE_OP/AND_OP/OR_OP/MUL_ASSIGN/DIV_ASSIGN/MOD_ASSIGN/ADD_ASSIGN/SUB_ASSIGN/LEFT_ASSIGN/RIGHT_ASSIGN/AND_ASSIGN/XOR_ASSIGN/OR_ASSIGN/'('/')'/'['/']'/'.'/','/'&'/'*'/'+'/'-'/'/'/'%'/'<'/'>'/'^'/'|'/'='/'?'/':'
    5 expression -> • '(' expression ')', yyeof/PTR_OP/INC_OP/DEC_OP/LEFT_OP/RIGHT_OP/LE_OP/GE_OP/EQ_OP/NE_OP/AND_OP/OR_OP/MUL_ASSIGN/DIV_ASSIGN/MOD_ASSIGN/ADD_ASSIGN/SUB_ASSIGN/LEFT_ASSIGN/RIGHT_ASSIGN/AND_ASSIGN/XOR_ASSIGN/OR_ASSIGN/'('/')'/'['/']'/'.'/','/'&'/'*'/'+'/'-'/'/'/'%'/'<'/'>'/'^'/'|'/'='/'?'/':'
    6 expression -> • expression '[' expression ']', yyeof/PTR_OP/INC_OP/DEC_OP/LEFT_OP/RIGHT_OP/LE_OP/GE_OP/EQ_OP/NE_OP/AND_OP/OR_OP/MUL_ASSIGN/DIV_ASSIGN/MOD_ASSIGN/ADD_ASSIGN/SUB_ASSIGN/LEFT_ASSIGN/RIGHT_ASSIGN/AND_ASSIGN/XOR_ASSIGN/OR_ASSIGN/'('/')'/'['/']'/'.'/','/'&'/'*'/'+'/'-'/'/'/'%'/'<'/'>'/'^'/'|'/'='/'?'/':'
    7 expression -> • expression '(' ')', yyeof/PTR_OP/INC_OP/DEC_OP/LEFT_OP/RIGHT_OP/LE_OP/GE_OP/EQ_OP/NE_OP/AND_OP/OR_OP/MUL_ASSIGN/DIV_ASSIGN/MOD_ASSIGN/ADD_ASSIGN/SUB_ASSIGN/LEFT_ASSIGN/RIGHT_ASSIGN/AND_ASSIGN/XOR_ASSIGN/OR_ASSIGN/'('/')'/'['/']'/'.'/','/'&'/'*'/'+'/'-'/'/'/'%'/'<'/'>'/'^'/'|'/'='/'?'/':'
    8 expression -> • expression '(' expression ')', yyeof/PTR_OP/INC_OP/DEC_OP/LEFT_OP/RIGHT_OP/LE_OP/GE_OP/EQ_OP/NE_OP/AND_OP/OR_OP/MUL_ASSIGN/DIV_ASSIGN/MOD_ASSIGN/ADD_ASSIGN/SUB_ASSIGN/LEFT_ASSIGN/RIGHT_ASSIGN/AND_ASSIGN/XOR_ASSIGN/OR_ASSIGN/'('/')'/'['/']'/'.'/','/'&'/'*'/'+'/'-'/'/'/'%'/'<'/'>'/'^'/'|'/'='/'?'/':'
    9 expression -> • expression '.' IDENTIFIER, yyeof/PTR_OP/INC_OP/DEC_OP/LEFT_OP/RIGHT_OP/LE_OP/GE_OP/EQ_OP/NE_OP/AND_OP/OR_OP/MUL_ASSIGN/DIV_ASSIGN/MOD_ASSIGN/ADD_ASSIGN/SUB_ASSIGN/LEFT_ASSIGN/RIGHT_ASSIGN/AND_ASSIGN/XOR_ASSIGN/OR_ASSIGN/'('/')'/'['/']'/'.'/','/'&'/'*'/'+'/'-'/'/'/'%'/'<'/'>'/'^'/'|'/'='/'?'/':'
    10 expression -> • expression PTR_OP IDENTIFIER, yyeof/PTR_OP/INC_OP/DEC_OP/LEFT_OP/RIGHT_OP/LE_OP/GE_OP/EQ_OP/NE_OP/AND_OP/OR_OP/MUL_ASSIGN/DIV_ASSIGN/MOD_ASSIGN/ADD_ASSIGN/SUB_ASSIGN/LEFT_ASSIGN/RIGHT_ASSIGN/AND_ASSIGN/XOR_ASSIGN/OR_ASSIGN/'('/')'/'['/']'/'.'/','/'&'/'*'/'+'/'-'/'/'/'%'/'<'/'>'/'^'/'|'/'='/'?'/':'
    11 expression -> • expression INC_OP, yyeof/PTR_OP/INC_OP/DEC_OP/LEFT_OP/RIGHT_OP/LE_OP/GE_OP/EQ_OP/NE_OP/AND_OP/OR_OP/MUL_ASSIGN/DIV_ASSIGN/MOD_ASSIGN/ADD_ASSIGN/SUB_ASSIGN/LEFT_ASSIGN/RIGHT_ASSIGN/AND_ASSIGN/XOR_ASSIGN/OR_ASSIGN/'('/')'/'['/']'/'.'/','/'&'/'*'/'+'/'-'/'/'/'%'/'<'/'>'/'^'/'|'/'='/'?'/':'
    12 expression -> • expression DEC_OP, yyeof/PTR_OP/INC_OP/DEC_OP/LEFT_OP/RIGHT_OP/LE_OP/GE_OP/EQ_OP/NE_OP/AND_OP/OR_OP/MUL_ASSIGN/DIV_ASSIGN/MOD_ASSIGN/ADD_ASSIGN/SUB_ASSIGN/LEFT_ASSIGN/RIGHT_ASSIGN/AND_ASSIGN/XOR_ASSIGN/OR_ASSIGN/'('/')'/'['/']'/'.'/','/'&'/'*'/'+'/'-'/'/'/'%'/'<'/'>'/'^'/'|'/'='/'?'/':'
    13 expression -> • expression ',' expression, yyeof/PTR_OP/INC_OP/DEC_OP/LEFT_OP/RIGHT_OP/LE_OP/GE_OP/EQ_OP/NE_OP/AND_OP/OR_OP/MUL_ASSIGN/DIV_ASSIGN/MOD_ASSIGN/ADD_ASSIGN/SUB_ASSIGN/LEFT_ASSIGN/RIGHT_ASSIGN/AND_ASSIGN/XOR_ASSIGN/OR_ASSIGN/'('/')'/'['/']'/'.'/','/'&'/'*'/'+'/'-'/'/'/'%'/'<'/'>'/'^'/'|'/'='/'?'/':'
    14 expression -> • INC_OP expression, yyeof/PTR_OP/INC_OP/DEC_OP/LEFT_OP/RIGHT_OP/LE_OP/GE_OP/EQ_OP/NE_OP/AND_OP/OR_OP/MUL_ASSIGN/DIV_ASSIGN/MOD_ASSIGN/ADD_ASSIGN/SUB_ASSIGN/LEFT_ASSIGN/RIGHT_ASSIGN/AND_ASSIGN/XOR_ASSIGN/OR_ASSIGN/'('/')'/'['/']'/'.'/','/'&'/'*'/'+'/'-'/'/'/'%'/'<'/'>'/'^'/'|'/'='/'?'/':'
    15 expression -> • DEC_OP expression, yyeof/PTR_OP/INC_OP/DEC_OP/LEFT_OP/RIGHT_OP/LE_OP/GE_OP/EQ_OP/NE_OP/AND_OP/OR_OP/MUL_ASSIGN/DIV_ASSIGN/MOD_ASSIGN/ADD_ASSIGN/SUB_ASSIGN/LEFT_ASSIGN/RIGHT_ASSIGN/AND_ASSIGN/XOR_ASSIGN/OR_ASSIGN/'('/')'/'['/']'/'.'/','/'&'/'*'/'+'/'-'/'/'/'%'/'<'/'>'/'^'/'|'/'='/'?'/':'
    16 expression -> • SIZEOF expression, yyeof/PTR_OP/INC_OP/DEC_OP/LEFT_OP/RIGHT_OP/LE_OP/GE_OP/EQ_OP/NE_OP/AND_OP/OR_OP/MUL_ASSIGN/DIV_ASSIGN/MOD_ASSIGN/ADD_ASSIGN/SUB_ASSIGN/LEFT_ASSIGN/RIGHT_ASSIGN/AND_ASSIGN/XOR_ASSIGN/OR_ASSIGN/'('/')'/'['/']'/'.'/','/'&'/'*'/'+'/'-'/'/'/'%'/'<'/'>'/'^'/'|'/'='/'?'/':'
    17 expression -> • SIZEOF '(' type_name ')', yyeof/PTR_OP/INC_OP/DEC_OP/LEFT_OP/RIGHT_OP/LE_OP/GE_OP/EQ_OP/NE_OP/AND_OP/OR_OP/MUL_ASSIGN/DIV_ASSIGN/MOD_ASSIGN/ADD_ASSIGN/SUB_ASSIGN/LEFT_ASSIGN/RIGHT_ASSIGN/AND_ASSIGN/XOR_ASSIGN/OR_ASSIGN/'('/')'/'['/']'/'.'/','/'&'/'*'/'+'/'-'/'/'/'%'/'<'/'>'/'^'/'|'/'='/'?'/':'
    18 expression -> • '(' type_name ')' expression, yyeof/PTR_OP/INC_OP/DEC_OP/LEFT_OP/RIGHT_OP/LE_OP/GE_OP/EQ_OP/NE_OP/AND_OP/OR_OP/MUL_ASSIGN/DIV_ASSIGN/MOD_ASSIGN/ADD_ASSIGN/SUB_ASSIGN/LEFT_ASSIGN/RIGHT_ASSIGN/AND_ASSIGN/XOR_ASSIGN/OR_ASSIGN/'('/')'/'['/']'/'.'/','/'&'/'*'/'+'/'-'/'/'/'%'/'<'/'>'/'^'/'|'/'='/'?'/':'
    19 expression -> • '&' expression, yyeof/PTR_OP/INC_OP/DEC_OP/LEFT_OP/RIGHT_OP/LE_OP/GE_OP/EQ_OP/NE_OP/AND_OP/OR_OP/MUL_ASSIGN/DIV_ASSIGN/MOD_ASSIGN/ADD_ASSIGN/SUB_ASSIGN/LEFT_ASSIGN/RIGHT_ASSIGN/AND_ASSIGN/XOR_ASSIGN/OR_ASSIGN/'('/')'/'['/']'/'.'/','/'&'/'*'/'+'/'-'/'/'/'%'/'<'/'>'/'^'/'|'/'='/'?'/':'
    20 expression -> • '*' expression, yyeof/PTR_OP/INC_OP/DEC_OP/LEFT_OP/RIGHT_OP/LE_OP/GE_OP/EQ_OP/NE_OP/AND_OP/OR_OP/MUL_ASSIGN/DIV_ASSIGN/MOD_ASSIGN/ADD_ASSIGN/SUB_ASSIGN/LEFT_ASSIGN/RIGHT_ASSIGN/AND_ASSIGN/XOR_ASSIGN/OR_ASSIGN/'('/')'/'['/']'/'.'/','/'&'/'*'/'+'/'-'/'/'/'%'/'<'/'>'/'^'/'|'/'='/'?'/':'
    21 expression -> • '+' expression, yyeof/PTR_OP/INC_OP/DEC_OP/LEFT_OP/RIGHT_OP/LE_OP/GE_OP/EQ_OP/NE_OP/AND_OP/OR_OP/MUL_ASSIGN/DIV_ASSIGN/MOD_ASSIGN/ADD_ASSIGN/SUB_ASSIGN/LEFT_ASSIGN/RIGHT_ASSIGN/AND_ASSIGN/XOR_ASSIGN/OR_ASSIGN/'('/')'/'['/']'/'.'/','/'&'/'*'/'+'/'-'/'/'/'%'/'<'/'>'/'^'/'|'/'='/'?'/':'
    22 expression -> • '-' expression, yyeof/PTR_OP/INC_OP/DEC_OP/LEFT_OP/RIGHT_OP/LE_OP/GE_OP/EQ_OP/NE_OP/AND_OP/OR_OP/MUL_ASSIGN/DIV_ASSIGN/MOD_ASSIGN/ADD_ASSIGN/SUB_ASSIGN/LEFT_ASSIGN/RIGHT_ASSIGN/AND_ASSIGN/XOR_ASSIGN/OR_ASSIGN/'('/')'/'['/']'/'.'/','/'&'/'*'/'+'/'-'/'/'/'%'/'<'/'>'/'^'/'|'/'='/'?'/':'
    23 expression -> • '~' expression, yyeof/PTR_OP/INC_OP/DEC_OP/LEFT_OP/RIGHT_OP/LE_OP/GE_OP/EQ_OP/NE_OP/AND_OP/OR_OP/MUL_ASSIGN/DIV_ASSIGN/MOD_ASSIGN/ADD_ASSIGN/SUB_ASSIGN/LEFT_ASSIGN/RIGHT_ASSIGN/AND_ASSIGN/XOR_ASSIGN/OR_ASSIGN/'('/')'/'['/']'/'.'/','/'&'/'*'/'+'/'-'/'/'/'%'/'<'/'>'/'^'/'|'/'='/'?'/':'
    24 expression -> • '!' expression, yyeof/PTR_OP/INC_OP/DEC_OP/LEFT_OP/RIGHT_OP/LE_OP/GE_OP/EQ_OP/NE_OP/AND_OP/OR_OP/MUL_ASSIGN/DIV_ASSIGN/MOD_ASSIGN/ADD_ASSIGN/SUB_ASSIGN/LEFT_ASSIGN/RIGHT_ASSIGN/AND_ASSIGN/XOR_ASSIGN/OR_ASSIGN/'('/')'/'['/']'/'.'/','/'&'/'*'/'+'/'-'/'/'/'%'/'<'/'>'/'^'/'|'/'='/'?'/':'
    25 expression -> • expression '+' expression, yyeof/PTR_OP/INC_OP/DEC_OP/LEFT_OP/RIGHT_OP/LE_OP/GE_OP/EQ_OP/NE_OP/AND_OP/OR_OP/MUL_ASSIGN/DIV_ASSIGN/MOD_ASSIGN/ADD_ASSIGN/SUB_ASSIGN/LEFT_ASSIGN/RIGHT_ASSIGN/AND_ASSIGN/XOR_ASSIGN/OR_ASSIGN/'('/')'/'['/']'/'.'/','/'&'/'*'/'+'/'-'/'/'/'%'/'<'/'>'/'^'/'|'/'='/'?'/':'
    26 expression -> • expression '-' expression, yyeof/PTR_OP/INC_OP/DEC_OP/LEFT_OP/RIGHT_OP/LE_OP/GE_OP/EQ_OP/NE_OP/AND_OP/OR_OP/MUL_ASSIGN/DIV_ASSIGN/MOD_ASSIGN/ADD_ASSIGN/SUB_ASSIGN/LEFT_ASSIGN/RIGHT_ASSIGN/AND_ASSIGN/XOR_ASSIGN/OR_ASSIGN/'('/')'/'['/']'/'.'/','/'&'/'*'/'+'/'-'/'/'/'%'/'<'/'>'/'^'/'|'/'='/'?'/':'
    27 expression -> • expression '*' expression, yyeof/PTR_OP/INC_OP/DEC_OP/LEFT_OP/RIGHT_OP/LE_OP/GE_OP/EQ_OP/NE_OP/AND_OP/OR_OP/MUL_ASSIGN/DIV_ASSIGN/MOD_ASSIGN/ADD_ASSIGN/SUB_ASSIGN/LEFT_ASSIGN/RIGHT_ASSIGN/AND_ASSIGN/XOR_ASSIGN/OR_ASSIGN/'('/')'/'['/']'/'.'/','/'&'/'*'/'+'/'-'/'/'/'%'/'<'/'>'/'^'/'|'/'='/'?'/':'
    28 expression -> • expression '/' expression, yyeof/PTR_OP/INC_OP/DEC_OP/LEFT_OP/RIGHT_OP/LE_OP/GE_OP/EQ_OP/NE_OP/AND_OP/OR_OP/MUL_ASSIGN/DIV_ASSIGN/MOD_ASSIGN/ADD_ASSIGN/SUB_ASSIGN/LEFT_ASSIGN/RIGHT_ASSIGN/AND_ASSIGN/XOR_ASSIGN/OR_ASSIGN/'('/')'/'['/']'/'.'/','/'&'/'*'/'+'/'-'/'/'/'%'/'<'/'>'/'^'/'|'/'='/'?'/':'
    29 expression -> • expression '%' expression, yyeof/PTR_OP/INC_OP/DEC_OP/LEFT_OP/RIGHT_OP/LE_OP/GE_OP/EQ_OP/NE_OP/AND_OP/OR_OP/MUL_ASSIGN/DIV_ASSIGN/MOD_ASSIGN/ADD_ASSIGN/SUB_ASSIGN/LEFT_ASSIGN/RIGHT_ASSIGN/AND_ASSIGN/XOR_ASSIGN/OR_ASSIGN/'('/')'/'['/']'/'.'/','/'&'/'*'/'+'/'-'/'/'/'%'/'<'/'>'/'^'/'|'/'='/'?'/':'
    30 expression -> • expression LEFT_OP expression, yyeof/PTR_OP/INC_OP/DEC_OP/LEFT_OP/RIGHT_OP/LE_OP/GE_OP/EQ_OP/NE_OP/AND_OP/OR_OP/MUL_ASSIGN/DIV_ASSIGN/MOD_ASSIGN/ADD_ASSIGN/SUB_ASSIGN/LEFT_ASSIGN/RIGHT_ASSIGN/AND_ASSIGN/XOR_ASSIGN/OR_ASSIGN/'('/')'/'['/']'/'.'/','/'&'/'*'/'+'/'-'/'/'/'%'/'<'/'>'/'^'/'|'/'='/'?'/':'
    30 expression -> expression LEFT_OP • expression, yyeof/PTR_OP/INC_OP/DEC_OP/LEFT_OP/RIGHT_OP/LE_OP/GE_OP/EQ_OP/NE_OP/AND_OP/OR_OP/MUL_ASSIGN/DIV_ASSIGN/MOD_ASSIGN/ADD_ASSIGN/SUB_ASSIGN/LEFT_ASSIGN/RIGHT_ASSIGN/AND_ASSIGN/XOR_ASSIGN/OR_ASSIGN/'('/')'/'['/']'/'.'/','/'&'/'*'/'+'/'-'/'/'/'%'/'<'/'>'/'^'/'|'/'='/'?'/':'
    31 expression -> • expression RIGHT_OP expression, yyeof/PTR_OP/INC_OP/DEC_OP/LEFT_OP/RIGHT_OP/LE_OP/GE_OP/EQ_OP/NE_OP/AND_OP/OR_OP/MUL_ASSIGN/DIV_ASSIGN/MOD_ASSIGN/ADD_ASSIGN/SUB_ASSIGN/LEFT_ASSIGN/RIGHT_ASSIGN/AND_ASSIGN/XOR_ASSIGN/OR_ASSIGN/'('/')'/'['/']'/'.'/','/'&'/'*'/'+'/'-'/'/'/'%'/'<'/'>'/'^'/'|'/'='/'?'/':'
    32 expression -> • expression '<' expression, yyeof/PTR_OP/INC_OP/DEC_OP/LEFT_OP/RIGHT_OP/LE_OP/GE_OP/EQ_OP/NE_OP/AND_OP/OR_OP/MUL_ASSIGN/DIV_ASSIGN/MOD_ASSIGN/ADD_ASSIGN/SUB_ASSIGN/LEFT_ASSIGN/RIGHT_ASSIGN/AND_ASSIGN/XOR_ASSIGN/OR_ASSIGN/'('/')'/'['/']'/'.'/','/'&'/'*'/'+'/'-'/'/'/'%'/'<'/'>'/'^'/'|'/'='/'?'/':'
    33 expression -> • expression '>' expression, yyeof/PTR_OP/INC_OP/DEC_OP/LEFT_OP/RIGHT_OP/LE_OP/GE_OP/EQ_OP/NE_OP/AND_OP/OR_OP/MUL_ASSIGN/DIV_ASSIGN/MOD_ASSIGN/ADD_ASSIGN/SUB_ASSIGN/LEFT_ASSIGN/RIGHT_ASSIGN/AND_ASSIGN/XOR_ASSIGN/OR_ASSIGN/'('/')'/'['/']'/'.'/','/'&'/'*'/'+'/'-'/'/'/'%'/'<'/'>'/'^'/'|'/'='/'?'/':'
    34 expression -> • expression LE_OP expression, yyeof/PTR_OP/INC_OP/DEC_OP/LEFT_OP/RIGHT_OP/LE_OP/GE_OP/EQ_OP/NE_OP/AND_OP/OR_OP/MUL_ASSIGN/DIV_ASSIGN/MOD_ASSIGN/ADD_ASSIGN/SUB_ASSIGN/LEFT_ASSIGN/RIGHT_ASSIGN/AND_ASSIGN/XOR_ASSIGN/OR_ASSIGN/'('/')'/'['/']'/'.'/','/'&'/'*'/'+'/'-'/'/'/'%'/'<'/'>'/'^'/'|'/'='/'?'/':'
    35 expression -> • expression GE_OP expression, yyeof/PTR_OP/INC_OP/DEC_OP/LEFT_OP/RIGHT_OP/LE_OP/GE_OP/EQ_OP/NE_OP/AND_OP/OR_OP/MUL_ASSIGN/DIV_ASSIGN/MOD_ASSIGN/ADD_ASSIGN/SUB_ASSIGN/LEFT_ASSIGN/RIGHT_ASSIGN/AND_ASSIGN/XOR_ASSIGN/OR_ASSIGN/'('/')'/'['/']'/'.'/','/'&'/'*'/'+'/'-'/'/'/'%'/'<'/'>'/'^'/'|'/'='/'?'/':'
    36 expression -> • expression EQ_OP expression, yyeof/PTR_OP/INC_OP/DEC_OP/LEFT_OP/RIGHT_OP/LE_OP/GE_OP/EQ_OP/NE_OP/AND_OP/OR_OP/MUL_ASSIGN/DIV_ASSIGN/MOD_ASSIGN/ADD_ASSIGN/SUB_ASSIGN/LEFT_ASSIGN/RIGHT_ASSIGN/AND_ASSIGN/XOR_ASSIGN/OR_ASSIGN/'('/')'/'['/']'/'.'/','/'&'/'*'/'+'/'-'/'/'/'%'/'<'/'>'/'^'/'|'/'='/'?'/':'
    37 expression -> • expression NE_OP expression, yyeof/PTR_OP/INC_OP/DEC_OP/LEFT_OP/RIGHT_OP/LE_OP/GE_OP/EQ_OP/NE_OP/AND_OP/OR_OP/MUL_ASSIGN/DIV_ASSIGN/MOD_ASSIGN/ADD_ASSIGN/SUB_ASSIGN/LEFT_ASSIGN/RIGHT_ASSIGN/AND_ASSIGN/XOR_ASSIGN/OR_ASSIGN/'('/')'/'['/']'/'.'/','/'&'/'*'/'+'/'-'/'/'/'%'/'<'/'>'/'^'/'|'/'='/'?'/':'
    38 expression -> • expression '&' expression, yyeof/PTR_OP/INC_OP/DEC_OP/LEFT_OP/RIGHT_OP/LE_OP/GE_OP/EQ_OP/NE_OP/AND_OP/OR_OP/MUL_ASSIGN/DIV_ASSIGN/MOD_ASSIGN/ADD_ASSIGN/SUB_ASSIGN/LEFT_ASSIGN/RIGHT_ASSIGN/AND_ASSIGN/XOR_ASSIGN/OR_ASSIGN/'('/')'/'['/']'/'.'/','/'&'/'*'/'+'/'-'/'/'/'%'/'<'/'>'/'^'/'|'/'='/'?'/':'
    39 expression -> • expression '^' expression, yyeof/PTR_OP/INC_OP/DEC_OP/LEFT_OP/RIGHT_OP/LE_OP/GE_OP/EQ_OP/NE_OP/AND_OP/OR_OP/MUL_ASSIGN/DIV_ASSIGN/MOD_ASSIGN/ADD_ASSIGN/SUB_ASSIGN/LEFT_ASSIGN/RIGHT_ASSIGN/AND_ASSIGN/XOR_ASSIGN/OR_ASSIGN/'('/')'/'['/']'/'.'/','/'&'/'*'/'+'/'-'/'/'/'%'/'<'/'>'/'^'/'|'/'='/'?'/':'
    40 expression -> • expression '|' expression, yyeof/PTR_OP/INC_OP/DEC_OP/LEFT_OP/RIGHT_OP/LE_OP/GE_OP/EQ_OP/NE_OP/AND_OP/OR_OP/MUL_ASSIGN/DIV_ASSIGN/MOD_ASSIGN/ADD_ASSIGN/SUB_ASSIGN/LEFT_ASSIGN/RIGHT_ASSIGN/AND_ASSIGN/XOR_ASSIGN/OR_ASSIGN/'('/')'/'['/']'/'.'/','/'&'/'*'/'+'/'-'/'/'/'%'/'<'/'>'/'^'/'|'/'='/'?'/':'
    41 expression -> • expression AND_OP expression, yyeof/PTR_OP/INC_OP/DEC_OP/LEFT_OP/RIGHT_OP/LE_OP/GE_OP/EQ_OP/NE_OP/AND_OP/OR_OP/MUL_ASSIGN/DIV_ASSIGN/MOD_ASSIGN/ADD_ASSIGN/SUB_ASSIGN/LEFT_ASSIGN/RIGHT_ASSIGN/AND_ASSIGN/XOR_ASSIGN/OR_ASSIGN/'('/')'/'['/']'/'.'/','/'&'/'*'/'+'/'-'/'/'/'%'/'<'/'>'/'^'/'|'/'='/'?'/':'
    42 expression -> • expression OR_OP expression, yyeof/PTR_OP/INC_OP/DEC_OP/LEFT_OP/RIGHT_OP/LE_OP/GE_OP/EQ_OP/NE_OP/AND_OP/OR_OP/MUL_ASSIGN/DIV_ASSIGN/MOD_ASSIGN/ADD_ASSIGN/SUB_ASSIGN/LEFT_ASSIGN/RIGHT_ASSIGN/AND_ASSIGN/XOR_ASSIGN/OR_ASSIGN/'('/')'/'['/']'/'.'/','/'&'/'*'/'+'/'-'/'/'/'%'/'<'/'>'/'^'/'|'/'='/'?'/':'
    43 expression -> • expression '=' expression, yyeof/PTR_OP/INC_OP/DEC_OP/LEFT_OP/RIGHT_OP/LE_OP/GE_OP/EQ_OP/NE_OP/AND_OP/OR_OP/MUL_ASSIGN/DIV_ASSIGN/MOD_ASSIGN/ADD_ASSIGN/SUB_ASSIGN/LEFT_ASSIGN/RIGHT_ASSIGN/AND_ASSIGN/XOR_ASSIGN/OR_ASSIGN/'('/')'/'['/']'/'.'/','/'&'/'*'/'+'/'-'/'/'/'%'/'<'/'>'/'^'/'|'/'='/'?'/':'
    44 expression -> • expression MUL_ASSIGN expression, yyeof/PTR_OP/INC_OP/DEC_OP/LEFT_OP/RIGHT_OP/LE_OP/GE_OP/EQ_OP/NE_OP/AND_OP/OR_OP/MUL_ASSIGN/DIV_ASSIGN/MOD_ASSIGN/ADD_ASSIGN/SUB_ASSIGN/LEFT_ASSIGN/RIGHT_ASSIGN/AND_ASSIGN/XOR_ASSIGN/OR_ASSIGN/'('/')'/'['/']'/'.'/','/'&'/'*'/'+'/'-'/'/'/'%'/'<'/'>'/'^'/'|'/'='/'?'/':'
    45 expression -> • expression DIV_ASSIGN expression, yyeof/PTR_OP/INC_OP/DEC_OP/LEFT_OP/RIGHT_OP/LE_OP/GE_OP/EQ_OP/NE_OP/AND_OP/OR_OP/MUL_ASSIGN/DIV_ASSIGN/MOD_ASSIGN/ADD_ASSIGN/SUB_ASSIGN/LEFT_ASSIGN/RIGHT_ASSIGN/AND_ASSIGN/XOR_ASSIGN/OR_ASSIGN/'('/')'/'['/']'/'.'/','/'&'/'*'/'+'/'-'/'/'/'%'/'<'/'>'/'^'/'|'/'='/'?'/':'
    46 expression -> • expression MOD_ASSIGN expression, yyeof/PTR_OP/INC_OP/DEC_OP/LEFT_OP/RIGHT_OP/LE_OP/GE_OP/EQ_OP/NE_OP/AND_OP/OR_OP/MUL_ASSIGN/DIV_ASSIGN/MOD_ASSIGN/ADD_ASSIGN/SUB_ASSIGN/LEFT_ASSIGN/RIGHT_ASSIGN/AND_ASSIGN/XOR_ASSIGN/OR_ASSIGN/'('/')'/'['/']'/'.'/','/'&'/'*'/'+'/'-'/'/'/'%'/'<'/'>'/'^'/'|'/'='/'?'/':'
    47 expression -> • expression ADD_ASSIGN expression, yyeof/PTR_OP/INC_OP/DEC_OP/LEFT_OP/RIGHT_OP/LE_OP/GE_OP/EQ_OP/NE_OP/AND_OP/OR_OP/MUL_ASSIGN/DIV_ASSIGN/MOD_ASSIGN/ADD_ASSIGN/SUB_ASSIGN/LEFT_ASSIGN/RIGHT_ASSIGN/AND_ASSIGN/XOR_ASSIGN/OR_ASSIGN/'('/')'/'['/']'/'.'/','/'&'/'*'/'+'/'-'/'/'/'%'/'<'/'>'/'^'/'|'/'='/'?'/':'
    48 expression -> • expression SUB_ASSIGN expression, yyeof/PTR_OP/INC_OP/DEC_OP/LEFT_OP/RIGHT_OP/LE_OP/GE_OP/EQ_OP/NE_OP/AND_OP/OR_OP/MUL_ASSIGN/DIV_ASSIGN/MOD_ASSIGN/ADD_ASSIGN/SUB_ASSIGN/LEFT_ASSIGN/RIGHT_ASSIGN/AND_ASSIGN/XOR_ASSIGN/OR_ASSIGN/'('/')'/'['/']'/'.'/','/'&'/'*'/'+'/'-'/'/'/'%'/'<'/'>'/'^'/'|'/'='/'?'/':'
    49 expression -> • expression LEFT_ASSIGN expression, yyeof/PTR_OP/INC_OP/DEC_OP/LEFT_OP/RIGHT_OP/LE_OP/GE_OP/EQ_OP/NE_OP/AND_OP/OR_OP/MUL_ASSIGN/DIV_ASSIGN/MOD_ASSIGN/ADD_ASSIGN/SUB_ASSIGN/LEFT_ASSIGN/RIGHT_ASSIGN/AND_ASSIGN/XOR_ASSIGN/OR_ASSIGN/'('/')'/'['/']'/'.'/','/'&'/'*'/'+'/'-'/'/'/'%'/'<'/'>'/'^'/'|'/'='/'?'/':'
    50 expression -> • expression RIGHT_ASSIGN expression, yyeof/PTR_OP/INC_OP/DEC_OP/LEFT_OP/RIGHT_OP/LE_OP/GE_OP/EQ_OP/NE_OP/AND_OP/OR_OP/MUL_ASSIGN/DIV_ASSIGN/MOD_ASSIGN/ADD_ASSIGN/SUB_ASSIGN/LEFT_ASSIGN/RIGHT_ASSIGN/AND_ASSIGN/XOR_ASSIGN/OR_ASSIGN/'('/')'/'['/']'/'.'/','/'&'/'*'/'+'/'-'/'/'/'%'/'<'/'>'/'^'/'|'/'='/'?'/':'
    51 expression -> • expression AND_ASSIGN expression, yyeof/PTR_OP/INC_OP/DEC_OP/LEFT_OP/RIGHT_OP/LE_OP/GE_OP/EQ_OP/NE_OP/AND_OP/OR_OP/MUL_ASSIGN/DIV_ASSIGN/MOD_ASSIGN/ADD_ASSIGN/SUB_ASSIGN/LEFT_ASSIGN/RIGHT_ASSIGN/AND_ASSIGN/XOR_ASSIGN/OR_ASSIGN/'('/')'/'['/']'/'.'/','/'&'/'*'/'+'/'-'/'/'/'%'/'<'/'>'/'^'/'|'/'='/'?'/':'
    52 expression -> • expression XOR_ASSIGN expression, yyeof/PTR_OP/INC_OP/DEC_OP/LEFT_OP/RIGHT_OP/LE_OP/GE_OP/EQ_OP/NE_OP/AND_OP/OR_OP/MUL_ASSIGN/DIV_ASSIGN/MOD_ASSIGN/ADD_ASSIGN/SUB_ASSIGN/LEFT_ASSIGN/RIGHT_ASSIGN/AND_ASSIGN/XOR_ASSIGN/OR_ASSIGN/'('/')'/'['/']'/'.'/','/'&'/'*'/'+'/'-'/'/'/'%'/'<'/'>'/'^'/'|'/'='/'?'/':'
    53 expression -> • expression OR_ASSIGN expression, yyeof/PTR_OP/INC_OP/DEC_OP/LEFT_OP/RIGHT_OP/LE_OP/GE_OP/EQ_OP/NE_OP/AND_OP/OR_OP/MUL_ASSIGN/DIV_ASSIGN/MOD_ASSIGN/ADD_ASSIGN/SUB_ASSIGN/LEFT_ASSIGN/RIGHT_ASSIGN/AND_ASSIGN/XOR_ASSIGN/OR_ASSIGN/'('/')'/'['/']'/'.'/','/'&'/'*'/'+'/'-'/'/'/'%'/'<'/'>'/'^'/'|'/'='/'?'/':'
    54 expression -> • expression ',' expression, yyeof/PTR_OP/INC_OP/DEC_OP/LEFT_OP/RIGHT_OP/LE_OP/GE_OP/EQ_OP/NE_OP/AND_OP/OR_OP/MUL_ASSIGN/DIV_ASSIGN/MOD_ASSIGN/ADD_ASSIGN/SUB_ASSIGN/LEFT_ASSIGN/RIGHT_ASSIGN/AND_ASSIGN/XOR_ASSIGN/OR_ASSIGN/'('/')'/'['/']'/'.'/','/'&'/'*'/'+'/'-'/'/'/'%'/'<'/'>'/'^'/'|'/'='/'?'/':'
    55 expression -> • expression '?' expression ':' expression, yyeof/PTR_OP/INC_OP/DEC_OP/LEFT_OP/RIGHT_OP/LE_OP/GE_OP/EQ_OP/NE_OP/AND_OP/OR_OP/MUL_ASSIGN/DIV_ASSIGN/MOD_ASSIGN/ADD_ASSIGN/SUB_ASSIGN/LEFT_ASSIGN/RIGHT_ASSIGN/AND_ASSIGN/XOR_ASSIGN/OR_ASSIGN/'('/')'/'['/']'/'.'/','/'&'/'*'/'+'/'-'/'/'/'%'/'<'/'>'/'^'/'|'/'='/'?'/':'

    IDENTIFIER shift, and go to state 1
    STRING_LITERAL shift, and go to state 2
    CONSTANT shift, and go to state 3
    SIZEOF shift, and go to state 4
    INC_OP shift, and go to state 5
    DEC_OP shift, and go to state 6
    '(' shift, and go to state 9
    '&' shift, and go to state 10
    '*' shift, and go to state 11
    '+' shift, and go to state 12
    '-' shift, and go to state 13
    '~' shift, and go to state 14
    '!' shift, and go to state 15

    expression go to state 67


State 24

    2 expression -> • IDENTIFIER, yyeof/PTR_OP/INC_OP/DEC_OP/LEFT_OP/RIGHT_OP/LE_OP/GE_OP/EQ_OP/NE_OP/AND_OP/OR_OP/MUL_ASSIGN/DIV_ASSIGN/MOD_ASSIGN/ADD_ASSIGN/SUB_ASSIGN/LEFT_ASSIGN/RIGHT_ASSIGN/AND_ASSIGN/XOR_ASSIGN/OR_ASSIGN/'('/')'/'['/']'/'.'/','/'&'/'*'/'+'/'-'/'/'/'%'/'<'/'>'/'^'/'|'/'='/'?'/':'
    3 expression -> • CONSTANT, yyeof/PTR_OP/INC_OP/DEC_OP/LEFT_OP/RIGHT_OP/LE_OP/GE_OP/EQ_OP/NE_OP/AND_OP/OR_OP/MUL_ASSIGN/DIV_ASSIGN/MOD_ASSIGN/ADD_ASSIGN/SUB_ASSIGN/LEFT_ASSIGN/RIGHT_ASSIGN/AND_ASSIGN/XOR_ASSIGN/OR_ASSIGN/'('/')'/'['/']'/'.'/','/'&'/'*'/'+'/'-'/'/'/'%'/'<'/'>'/'^'/'|'/'='/'?'/':'
    4 expression -> • STRING_LITERAL, yyeof/PTR_OP/INC_OP/DEC_OP/LEFT_OP/RIGHT_OP/LE_OP/GE_OP/EQ_OP/NE_OP/AND_OP/OR_OP/MUL_ASSIGN/DIV_ASSIGN/MOD_ASSIGN/ADD_ASSIGN/SUB_ASSIGN/LEFT_ASSIGN/RIGHT_ASSIGN/AND_ASSIGN/XOR_ASSIGN/OR_ASSIGN/'('/')'/'['/']'/'.'/','/'&'/'*'/'+'/'-'/'/'/'%'/'<'/'>'/'^'/'|'/'='/'?'/':'
    5 expression -> • '(' expression ')', yyeof/PTR_OP/INC_OP/DEC_OP/LEFT_OP/RIGHT_OP/LE_OP/GE_OP/EQ_OP/NE_OP/AND_OP/OR_OP/MUL_ASSIGN/DIV_ASSIGN/MOD_ASSIGN/ADD_ASSIGN/SUB_ASSIGN/LEFT_ASSIGN/RIGHT_ASSIGN/AND_ASSIGN/XOR_ASSIGN/OR_ASSIGN/'('/')'/'['/']'/'.'/','/'&'/'*'/'+'/'-'/'/'/'%'/'<'/'>'/'^'/'|'/'='/'?'/':'
    6 expression -> • expression '[' expression ']', yyeof/PTR_OP/INC_OP/DEC_OP/LEFT_OP/RIGHT_OP/LE_OP/GE_OP/EQ_OP/NE_OP/AND_OP/OR_OP/MUL_ASSIGN/DIV_ASSIGN/MOD_ASSIGN/ADD_ASSIGN/SUB_ASSIGN/LEFT_ASSIGN/RIGHT_ASSIGN/AND_ASSIGN/XOR_ASSIGN/OR_ASSIGN/'('/')'/'['/']'/'.'/','/'&'/'*'/'+'/'-'/'/'/'%'/'<'/'>'/'^'/'|'/'='/'?'/':'
    7 expression -> • expression '(' ')', yyeof/PTR_OP/INC_OP/DEC_OP/LEFT_OP/RIGHT_OP/LE_OP/GE_OP/EQ_OP/NE_OP/AND_OP/OR_OP/MUL_ASSIGN/DIV_ASSIGN/MOD_ASSIGN/ADD_ASSIGN/SUB_ASSIGN/LEFT_ASSIGN/RIGHT_ASSIGN/AND_ASSIGN/XOR_ASSIGN/OR_ASSIGN/'('/')'/'['/']'/'.'/','/'&'/'*'/'+'/'-'/'/'/'%'/'<'/'>'/'^'/'|'/'='/'?'/':'
    8 expression -> • expression '(' expression ')', yyeof/PTR_OP/INC_OP/DEC_OP/LEFT_OP/RIGHT_OP/LE_OP/GE_OP/EQ_OP/NE_OP/AND_OP/OR_OP/MUL_ASSIGN/DIV_ASSIGN/MOD_ASSIGN/ADD_ASSIGN/SUB_ASSIGN/LEFT_ASSIGN/RIGHT_ASSIGN/AND_ASSIGN/XOR_ASSIGN/OR_ASSIGN/'('/')'/'['/']'/'.'/','/'&'/'*'/'+'/'-'/'/'/'%'/'<'/'>'/'^'/'|'/'='/'?'/':'
    9 expression -> • expression '.' IDENTIFIER, yyeof/PTR_OP/INC_OP/DEC_OP/LEFT_OP/RIGHT_OP/LE_OP/GE_OP/EQ_OP/NE_OP/AND_OP/OR_OP/MUL_ASSIGN/DIV_ASSIGN/MOD_ASSIGN/ADD_ASSIGN/SUB_ASSIGN/LEFT_ASSIGN/RIGHT_ASSIGN/AND_ASSIGN/XOR_ASSIGN/OR_ASSIGN/'('/')'/'['/']'/'.'/','/'&'/'*'/'+'/'-'/'/'/'%'/'<'/'>'/'^'/'|'/'='/'?'/':'
    10 expression -> • expression PTR_OP IDENTIFIER, yyeof/PTR_OP/INC_OP/DEC_OP/LEFT_OP/RIGHT_OP/LE_OP/GE_OP/EQ_OP/NE_OP/AND_OP/OR_OP/MUL_ASSIGN/DIV_ASSIGN/MOD_ASSIGN/ADD_ASSIGN/SUB_ASSIGN/LEFT_ASSIGN/RIGHT_ASSIGN/AND_ASSIGN/XOR_ASSIGN/OR_ASSIGN/'('/')'/'['/']'/'.'/','/'&'/'*'/'+'/'-'/'/'/'%'/'<'/'>'/'^'/'|'/'='/'?'/':'
    11 expression -> • expression INC_OP, yyeof/PTR_OP/INC_OP/DEC_OP/LEFT_OP/RIGHT_OP/LE_OP/GE_OP/EQ_OP/NE_OP/AND_OP/OR_OP/MUL_ASSIGN/DIV_ASSIGN/MOD_ASSIGN/ADD_ASSIGN/SUB_ASSIGN/LEFT_ASSIGN/RIGHT_ASSIGN/AND_ASSIGN/XOR_ASSIGN/OR_ASSIGN/'('/')'/'['/']'/'.'/','/'&'/'*'/'+'/'-'/'/'/'%'/'<'/'>'/'^'/'|'/'='/'?'/':'
    12 expression -> • expression DEC_OP, yyeof/PTR_OP/INC_OP/DEC_OP/LEFT_OP/RIGHT_OP/LE_OP/GE_OP/EQ_OP/NE_OP/AND_OP/OR_OP/MUL_ASSIGN/DIV_ASSIGN/MOD_ASSIGN/ADD_ASSIGN/SUB_ASSIGN/LEFT_ASSIGN/RIGHT_ASSIGN/AND_ASSIGN/XOR_ASSIGN/OR_ASSIGN/'('/')'/'['/']'/'.'/','/'&'/'*'/'+'/'-'/'/'/'%'/'<'/'>'/'^'/'|'/'='/'?'/':'
    13 expression -> • expression ',' expression, yyeof/PTR_OP/INC_OP/DEC_OP/LEFT_OP/RIGHT_OP/LE_OP/GE_OP/EQ_OP/NE_OP/AND_OP/OR_OP/MUL_ASSIGN/DIV_ASSIGN/MOD_ASSIGN/ADD_ASSIGN/SUB_ASSIGN/LEFT_ASSIGN/RIGHT_ASSIGN/AND_ASSIGN/XOR_ASSIGN/OR_ASSIGN/'('/')'/'['/']'/'.'/','/'&'/'*'/'+'/'-'/'/'/'%'/'<'/'>'/'^'/'|'/'='/'?'/':'
    14 expression -> • INC_OP expression, yyeof/PTR_OP/INC_OP/DEC_OP/LEFT_OP/RIGHT_OP/LE_OP/GE_OP/EQ_OP/NE_OP/AND_OP/OR_OP/MUL_ASSIGN/DIV_ASSIGN/MOD_ASSIGN/ADD_ASSIGN/SUB_ASSIGN/LEFT_ASSIGN/RIGHT_ASSIGN/AND_ASSIGN/XOR_ASSIGN/OR_ASSIGN/'('/')'/'['/']'/'.'/','/'&'/'*'/'+'/'-'/'/'/'%'/'<'/'>'/'^'/'|'/'='/'?'/':'
    15 expression -> • DEC_OP expression, yyeof/PTR_OP/INC_OP/DEC_OP/LEFT_OP/RIGHT_OP/LE_OP/GE_OP/EQ_OP/NE_OP/AND_OP/OR_OP/MUL_ASSIGN/DIV_ASSIGN/MOD_ASSIGN/ADD_ASSIGN/SUB_ASSIGN/LEFT_ASSIGN/RIGHT_ASSIGN/AND_ASSIGN/XOR_ASSIGN/OR_ASSIGN/'('/')'/'['/']'/'.'/','/'&'/'*'/'+'/'-'/'/'/'%'/'<'/'>'/'^'/'|'/'='/'?'/':'
    16 expression -> • SIZEOF expression, yyeof/PTR_OP/INC_OP/DEC_OP/LEFT_OP/RIGHT_OP/LE_OP/GE_OP/EQ_OP/NE_OP/AND_OP/OR_OP/MUL_ASSIGN/DIV_ASSIGN/MOD_ASSIGN/ADD_ASSIGN/SUB_ASSIGN/LEFT_ASSIGN/RIGHT_ASSIGN/AND_ASSIGN/XOR_ASSIGN/OR_ASSIGN/'('/')'/'['/']'/'.'/','/'&'/'*'/'+'/'-'/'/'/'%'/'<'/'>'/'^'/'|'/'='/'?'/':'
    17 expression -> • SIZEOF '(' type_name ')', yyeof/PTR_OP/INC_OP/DEC_OP/LEFT_OP/RIGHT_OP/LE_OP/GE_OP/EQ_OP/NE_OP/AND_OP/OR_OP/MUL_ASSIGN/DIV_ASSIGN/MOD_ASSIGN/ADD_ASSIGN/SUB_ASSIGN/LEFT_ASSIGN/RIGHT_ASSIGN/AND_ASSIGN/XOR_ASSIGN/OR_ASSIGN/'('/')'/'['/']'/'.'/','/'&'/'*'/'+'/'-'/'/'/'%'/'<'/'>'/'^'/'|'/'='/'?'/':'
    18 expression -> • '(' type_name ')' expression, yyeof/PTR_OP/INC_OP/DEC_OP/LEFT_OP/RIGHT_OP/LE_OP/GE_OP/EQ_OP/NE_OP/AND_OP/OR_OP/MUL_ASSIGN/DIV_ASSIGN/MOD_ASSIGN/ADD_ASSIGN/SUB_ASSIGN/LEFT_ASSIGN/RIGHT_ASSIGN/AND_ASSIGN/XOR_ASSIGN/OR_ASSIGN/'('/')'/'['/']'/'.'/','/'&'/'*'/'+'/'-'/'/'/'%'/'<'/'>'/'^'/'|'/'='/'?'/':'
    19 expression -> • '&' expression, yyeof/PTR_OP/INC_OP/DEC_OP/LEFT_OP/RIGHT_OP/LE_OP/GE_OP/EQ_OP/NE_OP/AND_OP/OR_OP/MUL_ASSIGN/DIV_ASSIGN/MOD_ASSIGN/ADD_ASSIGN/SUB_ASSIGN/LEFT_ASSIGN/RIGHT_ASSIGN/AND_ASSIGN/XOR_ASSIGN/OR_ASSIGN/'('/')'/'['/']'/'.'/','/'&'/'*'/'+'/'-'/'/'/'%'/'<'/'>'/'^'/'|'/'='/'?'/':'
    20 expression -> • '*' expression, yyeof/PTR_OP/INC_OP/DEC_OP/LEFT_OP/RIGHT_OP/LE_OP/GE_OP/EQ_OP/NE_OP/AND_OP/OR_OP/MUL_ASSIGN/DIV_ASSIGN/MOD_ASSIGN/ADD_ASSIGN/SUB_ASSIGN/LEFT_ASSIGN/RIGHT_ASSIGN/AND_ASSIGN/XOR_ASSIGN/OR_ASSIGN/'('/')'/'['/']'/'.'/','/'&'/'*'/'+'/'-'/'/'/'%'/'<'/'>'/'^'/'|'/'='/'?'/':'
    21 expression -> • '+' expression, yyeof/PTR_OP/INC_OP/DEC_OP/LEFT_OP/RIGHT_OP/LE_OP/GE_OP/EQ_OP/NE_OP/AND_OP/OR_OP/MUL_ASSIGN/DIV_ASSIGN/MOD_ASSIGN/ADD_ASSIGN/SUB_ASSIGN/LEFT_ASSIGN/RIGHT_ASSIGN/AND_ASSIGN/XOR_ASSIGN/OR_ASSIGN/'('/')'/'['/']'/'.'/','/'&'/'*'/'+'/'-'/'/'/'%'/'<'/'>'/'^'/'|'/'='/'?'/':'
    22 expression -> • '-' expression, yyeof/PTR_OP/INC_OP/DEC_OP/LEFT_OP/RIGHT_OP/LE_OP/GE_OP/EQ_OP/NE_OP/AND_OP/OR_OP/MUL_ASSIGN/DIV_ASSIGN/MOD_ASSIGN/ADD_ASSIGN/SUB_ASSIGN/LEFT_ASSIGN/RIGHT_ASSIGN/AND_ASSIGN/XOR_ASSIGN/OR_ASSIGN/'('/')'/'['/']'/'.'/','/'&'/'*'/'+'/'-'/'/'/'%'/'<'/'>'/'^'/'|'/'='/'?'/':'
    23 expression -> • '~' expression, yyeof/PTR_OP/INC_OP/DEC_OP/LEFT_OP/RIGHT_OP/LE_OP/GE_OP/EQ_OP/NE_OP/AND_OP/OR_OP/MUL_ASSIGN/DIV_ASSIGN/MOD_ASSIGN/ADD_ASSIGN/SUB_ASSIGN/LEFT_ASSIGN/RIGHT_ASSIGN/AND_ASSIGN/XOR_ASSIGN/OR_ASSIGN/'('/')'/'['/']'/'.'/','/'&'/'*'/'+'/'-'/'/'/'%'/'<'/'>'/'^'/'|'/'='/'?'/':'
    24 expression -> • '!' expression, yyeof/PTR_OP/INC_OP/DEC_OP/LEFT_OP/RIGHT_OP/LE_OP/GE_OP/EQ_OP/NE_OP/AND_OP/OR_OP/MUL_ASSIGN/DIV_ASSIGN/MOD_ASSIGN/ADD_ASSIGN/SUB_ASSIGN/LEFT_ASSIGN/RIGHT_ASSIGN/AND_ASSIGN/XOR_ASSIGN/OR_ASSIGN/'('/')'/'['/']'/'.'/','/'&'/'*'/'+'/'-'/'/'/'%'/'<'/'>'/'^'/'|'/'='/'?'/':'
    25 expression -> • expression '+' expression, yyeof/PTR_OP/INC_OP/DEC_OP/LEFT_OP/RIGHT_OP/LE_OP/GE_OP/EQ_OP/NE_OP/AND_OP/OR_OP/MUL_ASSIGN/DIV_ASSIGN/MOD_ASSIGN/ADD_ASSIGN/SUB_ASSIGN/LEFT_ASSIGN/RIGHT_ASSIGN/AND_ASSIGN/XOR_ASSIGN/OR_ASSIGN/'('/')'/'['/']'/'.'/','/'&'/'*'/'+'/'-'/'/'/'%'/'<'/'>'/'^'/'|'/'='/'?'/':'
    26 expression -> • expression '-' expression, yyeof/PTR_OP/INC_OP/DEC_OP/LEFT_OP/RIGHT_OP/LE_OP/GE_OP/EQ_OP/NE_OP/AND_OP/OR_OP/MUL_ASSIGN/DIV_ASSIGN/MOD_ASSIGN/ADD_ASSIGN/SUB_ASSIGN/LEFT_ASSIGN/RIGHT_ASSIGN/AND_ASSIGN/XOR_ASSIGN/OR_ASSIGN/'('/')'/'['/']'/'.'/','/'&'/'*'/'+'/'-'/'/'/'%'/'<'/'>'/'^'/'|'/'='/'?'/':'
    27 expression -> • expression '*' expression, yyeof/PTR_OP/INC_OP/DEC_OP/LEFT_OP/RIGHT_OP/LE_OP/GE_OP/EQ_OP/NE_OP/AND_OP/OR_OP/MUL_ASSIGN/DIV_ASSIGN/MOD_ASSIGN/ADD_ASSIGN/SUB_ASSIGN/LEFT_ASSIGN/RIGHT_ASSIGN/AND_ASSIGN/XOR_ASSIGN/OR_ASSIGN/'('/')'/'['/']'/'.'/','/'&'/'*'/'+'/'-'/'/'/'%'/'<'/'>'/'^'/'|'/'='/'?'/':'
    28 expression -> • expression '/' expression, yyeof/PTR_OP/INC_OP/DEC_OP/LEFT_OP/RIGHT_OP/LE_OP/GE_OP/EQ_OP/NE_OP/AND_OP/OR_OP/MUL_ASSIGN/DIV_ASSIGN/MOD_ASSIGN/ADD_ASSIGN/SUB_ASSIGN/LEFT_ASSIGN/RIGHT_ASSIGN/AND_ASSIGN/XOR_ASSIGN/OR_ASSIGN/'('/')'/'['/']'/'.'/','/'&'/'*'/'+'/'-'/'/'/'%'/'<'/'>'/'^'/'|'/'='/'?'/':'
    29 expression -> • expression '%' expression, yyeof/PTR_OP/INC_OP/DEC_OP/LEFT_OP/RIGHT_OP/LE_OP/GE_OP/EQ_OP/NE_OP/AND_OP/OR_OP/MUL_ASSIGN/DIV_ASSIGN/MOD_ASSIGN/ADD_ASSIGN/SUB_ASSIGN/LEFT_ASSIGN/RIGHT_ASSIGN/AND_ASSIGN/XOR_ASSIGN/OR_ASSIGN/'('/')'/'['/']'/'.'/','/'&'/'*'/'+'/'-'/'/'/'%'/'<'/'>'/'^'/'|'/'='/'?'/':'
    30 expression -> • expression LEFT_OP expression, yyeof/PTR_OP/INC_OP/DEC_OP/LEFT_OP/RIGHT_OP/LE_OP/GE_OP/EQ_OP/NE_OP/AND_OP/OR_OP/MUL_ASSIGN/DIV_ASSIGN/MOD_ASSIGN/ADD_ASSIGN/SUB_ASSIGN/LEFT_ASSIGN/RIGHT_ASSIGN/AND_ASSIGN/XOR_ASSIGN/OR_ASSIGN/'('/')'/'['/']'/'.'/','/'&'/'*'/'+'/'-'/'/'/'%'/'<'/'>'/'^'/'|'/'='/'?'/':'
    31 expression -> • expression RIGHT_OP expression, yyeof/PTR_OP/INC_OP/DEC_OP/LEFT_OP/RIGHT_OP/LE_OP/GE_OP/EQ_OP/NE_OP/AND_OP/OR_OP/MUL_ASSIGN/DIV_ASSIGN/MOD_ASSIGN/ADD_ASSIGN/SUB_ASSIGN/LEFT_ASSIGN/RIGHT_ASSIGN/AND_ASSIGN/XOR_ASSIGN/OR_ASSIGN/'('/')'/'['/']'/'.'/','/'&'/'*'/'+'/'-'/'/'/'%'/'<'/'>'/'^'/'|'/'='/'?'/':'
    31 expression -> expression RIGHT_OP • expression, yyeof/PTR_OP/INC_OP/DEC_OP/LEFT_OP/RIGHT_OP/LE_OP/GE_OP/EQ_OP/NE_OP/AND_OP/OR_OP/MUL_ASSIGN/DIV_ASSIGN/MOD_ASSIGN/ADD_ASSIGN/SUB_ASSIGN/LEFT_ASSIGN/RIGHT_ASSIGN/AND_ASSIGN/XOR_ASSIGN/OR_ASSIGN/'('/')'/'['/']'/'.'/','/'&'/'*'/'+'/'-'/'/'/'%'/'<'/'>'/'^'/'|'/'='/'?'/':'
    32 expression -> • expression '<' expression, yyeof/PTR_OP/INC_OP/DEC_OP/LEFT_OP/RIGHT_OP/LE_OP/GE_OP/EQ_OP/NE_OP/AND_OP/OR_OP/MUL_ASSIGN/DIV_ASSIGN/MOD_ASSIGN/ADD_ASSIGN/SUB_ASSIGN/LEFT_ASSIGN/RIGHT_ASSIGN/AND_ASSIGN/XOR_ASSIGN/OR_ASSIGN/'('/')'/'['/']'/'.'/','/'&'/'*'/'+'/'-'/'/'/'%'/'<'/'>'/'^'/'|'/'='/'?'/':'
    33 expression -> • expression '>' expression, yyeof/PTR_OP/INC_OP/DEC_OP/LEFT_OP/RIGHT_OP/LE_OP/GE_OP/EQ_OP/NE_OP/AND_OP/OR_OP/MUL_ASSIGN/DIV_ASSIGN/MOD_ASSIGN/ADD_ASSIGN/SUB_ASSIGN/LEFT_ASSIGN/RIGHT_ASSIGN/AND_ASSIGN/XOR_ASSIGN/OR_ASSIGN/'('/')'/'['/']'/'.'/','/'&'/'*'/'+'/'-'/'/'/'%'/'<'/'>'/'^'/'|'/'='/'?'/':'
    34 expression -> • expression LE_OP expression, yyeof/PTR_OP/INC_OP/DEC_OP/LEFT_OP/RIGHT_OP/LE_OP/GE_OP/EQ_OP/NE_OP/AND_OP/OR_OP/MUL_ASSIGN/DIV_ASSIGN/MOD_ASSIGN/ADD_ASSIGN/SUB_ASSIGN/LEFT_ASSIGN/RIGHT_ASSIGN/AND_ASSIGN/XOR_ASSIGN/OR_ASSIGN/'('/')'/'['/']'/'.'/','/'&'/'*'/'+'/'-'/'/'/'%'/'<'/'>'/'^'/'|'/'='/'?'/':'
    35 expression -> • expression GE_OP expression, yyeof/PTR_OP/INC_OP/DEC_OP/LEFT_OP/RIGHT_OP/LE_OP/GE_OP/EQ_OP/NE_OP/AND_OP/OR_OP/MUL_ASSIGN/DIV_ASSIGN/MOD_ASSIGN/ADD_ASSIGN/SUB_ASSIGN/LEFT_ASSIGN/RIGHT_ASSIGN/AND_ASSIGN/XOR_ASSIGN/OR_ASSIGN/'('/')'/'['/']'/'.'/','/'&'/'*'/'+'/'-'/'/'/'%'/'<'/'>'/'^'/'|'/'='/'?'/':'
    36 expression -> • expression EQ_OP expression, yyeof/PTR_OP/INC_OP/DEC_OP/LEFT_OP/RIGHT_OP/LE_OP/GE_OP/EQ_OP/NE_OP/AND_OP/OR_OP/MUL_ASSIGN/DIV_ASSIGN/MOD_ASSIGN/ADD_ASSIGN/SUB_ASSIGN/LEFT_ASSIGN/RIGHT_ASSIGN/AND_ASSIGN/XOR_ASSIGN/OR_ASSIGN/'('/')'/'['/']'/'.'/','/'&'/'*'/'+'/'-'/'/'/'%'/'<'/'>'/'^'/'|'/'='/'?'/':'
    37 expression -> • expression NE_OP expression, yyeof/PTR_OP/INC_OP/DEC_OP/LEFT_OP/RIGHT_OP/LE_OP/GE_OP/EQ_OP/NE_OP/AND_OP/OR_OP/MUL_ASSIGN/DIV_ASSIGN/MOD_ASSIGN/ADD_ASSIGN/SUB_ASSIGN/LEFT_ASSIGN/RIGHT_ASSIGN/AND_ASSIGN/XOR_ASSIGN/OR_ASSIGN/'('/')'/'['/']'/'.'/','/'&'/'*'/'+'/'-'/'/'/'%'/'<'/'>'/'^'/'|'/'='/'?'/':'
    38 expression -> • expression '&' expression, yyeof/PTR_OP/INC_OP/DEC_OP/LEFT_OP/RIGHT_OP/LE_OP/GE_OP/EQ_OP/NE_OP/AND_OP/OR_OP/MUL_ASSIGN/DIV_ASSIGN/MOD_ASSIGN/ADD_ASSIGN/SUB_ASSIGN/LEFT_ASSIGN/RIGHT_ASSIGN/AND_ASSIGN/XOR_ASSIGN/OR_ASSIGN/'('/')'/'['/']'/'.'/','/'&'/'*'/'+'/'-'/'/'/'%'/'<'/'>'/'^'/'|'/'='/'?'/':'
    39 expression -> • expression '^' expression, yyeof/PTR_OP/INC_OP/DEC_OP/LEFT_OP/RIGHT_OP/LE_OP/GE_OP/EQ_OP/NE_OP/AND_OP/OR_OP/MUL_ASSIGN/DIV_ASSIGN/MOD_ASSIGN/ADD_ASSIGN/SUB_ASSIGN/LEFT_ASSIGN/RIGHT_ASSIGN/AND_ASSIGN/XOR_ASSIGN/OR_ASSIGN/'('/')'/'['/']'/'.'/','/'&'/'*'/'+'/'-'/'/'/'%'/'<'/'>'/'^'/'|'/'='/'?'/':'
    40 expression -> • expression '|' expression, yyeof/PTR_OP/INC_OP/DEC_OP/LEFT_OP/RIGHT_OP/LE_OP/GE_OP/EQ_OP/NE_OP/AND_OP/OR_OP/MUL_ASSIGN/DIV_ASSIGN/MOD_ASSIGN/ADD_ASSIGN/SUB_ASSIGN/LEFT_ASSIGN/RIGHT_ASSIGN/AND_ASSIGN/XOR_ASSIGN/OR_ASSIGN/'('/')'/'['/']'/'.'/','/'&'/'*'/'+'/'-'/'/'/'%'/'<'/'>'/'^'/'|'/'='/'?'/':'
    41 expression -> • expression AND_OP expression, yyeof/PTR_OP/INC_OP/DEC_OP/LEFT_OP/RIGHT_OP/LE_OP/GE_OP/EQ_OP/NE_OP/AND_OP/OR_OP/MUL_ASSIGN/DIV_ASSIGN/MOD_ASSIGN/ADD_ASSIGN/SUB_ASSIGN/LEFT_ASSIGN/RIGHT_ASSIGN/AND_ASSIGN/XOR_ASSIGN/OR_ASSIGN/'('/')'/'['/']'/'.'/','/'&'/'*'/'+'/'-'/'/'/'%'/'<'/'>'/'^'/'|'/'='/'?'/':'
    42 expression -> • expression OR_OP expression, yyeof/PTR_OP/INC_OP/DEC_OP/LEFT_OP/RIGHT_OP/LE_OP/GE_OP/EQ_OP/NE_OP/AND_OP/OR_OP/MUL_ASSIGN/DIV_ASSIGN/MOD_ASSIGN/ADD_ASSIGN/SUB_ASSIGN/LEFT_ASSIGN/RIGHT_ASSIGN/AND_ASSIGN/XOR_ASSIGN/OR_ASSIGN/'('/')'/'['/']'/'.'/','/'&'/'*'/'+'/'-'/'/'/'%'/'<'/'>'/'^'/'|'/'='/'?'/':'
    43 expression -> • expression '=' expression, yyeof/PTR_OP/INC_OP/DEC_OP/LEFT_OP/RIGHT_OP/LE_OP/GE_OP/EQ_OP/NE_OP/AND_OP/OR_OP/MUL_ASSIGN/DIV_ASSIGN/MOD_ASSIGN/ADD_ASSIGN/SUB_ASSIGN/LEFT_ASSIGN/RIGHT_ASSIGN/AND_ASSIGN/XOR_ASSIGN/OR_ASSIGN/'('/')'/'['/']'/'.'/','/'&'/'*'/'+'/'-'/'/'/'%'/'<'/'>'/'^'/'|'/'='/'?'/':'
    44 expression -> • expression MUL_ASSIGN expression, yyeof/PTR_OP/INC_OP/DEC_OP/LEFT_OP/RIGHT_OP/LE_OP/GE_OP/EQ_OP/NE_OP/AND_OP/OR_OP/MUL_ASSIGN/DIV_ASSIGN/MOD_ASSIGN/ADD_ASSIGN/SUB_ASSIGN/LEFT_ASSIGN/RIGHT_ASSIGN/AND_ASSIGN/XOR_ASSIGN/OR_ASSIGN/'('/')'/'['/']'/'.'/','/'&'/'*'/'+'/'-'/'/'/'%'/'<'/'>'/'^'/'|'/'='/'?'/':'
    45 expression -> • expression DIV_ASSIGN expression, yyeof/PTR_OP/INC_OP/DEC_OP/LEFT_OP/RIGHT_OP/LE_OP/GE_OP/EQ_OP/NE_OP/AND_OP/OR_OP/MUL_ASSIGN/DIV_ASSIGN/MOD_ASSIGN/ADD_ASSIGN/SUB_ASSIGN/LEFT_ASSIGN/RIGHT_ASSIGN/AND_ASSIGN/XOR_ASSIGN/OR_ASSIGN/'('/')'/'['/']'/'.'/','/'&'/'*'/'+'/'-'/'/'/'%'/'<'/'>'/'^'/'|'/'='/'?'/':'
    46 expression -> • expression MOD_ASSIGN expression, yyeof/PTR_OP/INC_OP/DEC_OP/LEFT_OP/RIGHT_OP/LE_OP/GE_OP/EQ_OP/NE_OP/AND_OP/OR_OP/MUL_ASSIGN/DIV_ASSIGN/MOD_ASSIGN/ADD_ASSIGN/SUB_ASSIGN/LEFT_ASSIGN/RIGHT_ASSIGN/AND_ASSIGN/XOR_ASSIGN/OR_ASSIGN/'('/')'/'['/']'/'.'/','/'&'/'*'/'+'/'-'/'/'/'%'/'<'/'>'/'^'/'|'/'='/'?'/':'
    47 expression -> • expression ADD_ASSIGN expression, yyeof/PTR_OP/INC_OP/DEC_OP/LEFT_OP/RIGHT_OP/LE_OP/GE_OP/EQ_OP/NE_OP/AND_OP/OR_OP/MUL_ASSIGN/DIV_ASSIGN/MOD_ASSIGN/ADD_ASSIGN/SUB_ASSIGN/LEFT_ASSIGN/RIGHT_ASSIGN/AND_ASSIGN/XOR_ASSIGN/OR_ASSIGN/'('/')'/'['/']'/'.'/','/'&'/'*'/'+'/'-'/'/'/'%'/'<'/'>'/'^'/'|'/'='/'?'/':'
    48 expression -> • expression SUB_ASSIGN expression, yyeof/PTR_OP/INC_OP/DEC_OP/LEFT_OP/RIGHT_OP/LE_OP/GE_OP/EQ_OP/NE_OP/AND_OP/OR_OP/MUL_ASSIGN/DIV_ASSIGN/MOD_ASSIGN/ADD_ASSIGN/SUB_ASSIGN/LEFT_ASSIGN/RIGHT_ASSIGN/AND_ASSIGN/XOR_ASSIGN/OR_ASSIGN/'('/')'/'['/']'/'.'/','/'&'/'*'/'+'/'-'/'/'/'%'/'<'/'>'/'^'/'|'/'='/'?'/':'
    49 expression -> • expression LEFT_ASSIGN expression, yyeof/PTR_OP/INC_OP/DEC_OP/LEFT_OP/RIGHT_OP/LE_OP/GE_OP/EQ_OP/NE_OP/AND_OP/OR_OP/MUL_ASSIGN/DIV_ASSIGN/MOD_ASSIGN/ADD_ASSIGN/SUB_ASSIGN/LEFT_ASSIGN/RIGHT_ASSIGN/AND_ASSIGN/XOR_ASSIGN/OR_ASSIGN/'('/')'/'['/']'/'.'/','/'&'/'*'/'+'/'-'/'/'/'%'/'<'/'>'/'^'/'|'/'='/'?'/':'
    50 expression -> • expression RIGHT_ASSIGN expression, yyeof/PTR_OP/INC_OP/DEC_OP/LEFT_OP/RIGHT_OP/LE_OP/GE_OP/EQ_OP/NE_OP/AND_OP/OR_OP/MUL_ASSIGN/DIV_ASSIGN/MOD_ASSIGN/ADD_ASSIGN/SUB_ASSIGN/LEFT_ASSIGN/RIGHT_ASSIGN/AND_ASSIGN/XOR_ASSIGN/OR_ASSIGN/'('/')'/'['/']'/'.'/','/'&'/'*'/'+'/'-'/'/'/'%'/'<'/'>'/'^'/'|'/'='/'?'/':'
    51 expression -> • expression AND_ASSIGN expression, yyeof/PTR_OP/INC_OP/DEC_OP/LEFT_OP/RIGHT_OP/LE_OP/GE_OP/EQ_OP/NE_OP/AND_OP/OR_OP/MUL_ASSIGN/DIV_ASSIGN/MOD_ASSIGN/ADD_ASSIGN/SUB_ASSIGN/LEFT_ASSIGN/RIGHT_ASSIGN/AND_ASSIGN/XOR_ASSIGN/OR_ASSIGN/'('/')'/'['/']'/'.'/','/'&'/'*'/'+'/'-'/'/'/'%'/'<'/'>'/'^'/'|'/'='/'?'/':'
    52 expression -> • expression XOR_ASSIGN expression, yyeof/PTR_OP/INC_OP/DEC_OP/LEFT_OP/RIGHT_OP/LE_OP/GE_OP/EQ_OP/NE_OP/AND_OP/OR_OP/MUL_ASSIGN/DIV_ASSIGN/MOD_ASSIGN/ADD_ASSIGN/SUB_ASSIGN/LEFT_ASSIGN/RIGHT_ASSIGN/AND_ASSIGN/XOR_ASSIGN/OR_ASSIGN/'('/')'/'['/']'/'.'/','/'&'/'*'/'+'/'-'/'/'/'%'/'<'/'>'/'^'/'|'/'='/'?'/':'
    53 expression -> • expression OR_ASSIGN expression, yyeof/PTR_OP/INC_OP/DEC_OP/LEFT_OP/RIGHT_OP/LE_OP/GE_OP/EQ_OP/NE_OP/AND_OP/OR_OP/MUL_ASSIGN/DIV_ASSIGN/MOD_ASSIGN/ADD_ASSIGN/SUB_ASSIGN/LEFT_ASSIGN/RIGHT_ASSIGN/AND_ASSIGN/XOR_ASSIGN/OR_ASSIGN/'('/')'/'['/']'/'.'/','/'&'/'*'/'+'/'-'/'/'/'%'/'<'/'>'/'^'/'|'/'='/'?'/':'
    54 expression -> • expression ',' expression, yyeof/PTR_OP/INC_OP/DEC_OP/LEFT_OP/RIGHT_OP/LE_OP/GE_OP/EQ_OP/NE_OP/AND_OP/OR_OP/MUL_ASSIGN/DIV_ASSIGN/MOD_ASSIGN/ADD_ASSIGN/SUB_ASSIGN/LEFT_ASSIGN/RIGHT_ASSIGN/AND_ASSIGN/XOR_ASSIGN/OR_ASSIGN/'('/')'/'['/']'/'.'/','/'&'/'*'/'+'/'-'/'/'/'%'/'<'/'>'/'^'/'|'/'='/'?'/':'
    55 expression -> • expression '?' expression ':' expression, yyeof/PTR_OP/INC_OP/DEC_OP/LEFT_OP/RIGHT_OP/LE_OP/GE_OP/EQ_OP/NE_OP/AND_OP/OR_OP/MUL_ASSIGN/DIV_ASSIGN/MOD_ASSIGN/ADD_ASSIGN/SUB_ASSIGN/LEFT_ASSIGN/RIGHT_ASSIGN/AND_ASSIGN/XOR_ASSIGN/OR_ASSIGN/'('/')'/'['/']'/'.'/','/'&'/'*'/'+'/'-'/'/'/'%'/'<'/'>'/'^'/'|'/'='/'?'/':'

    IDENTIFIER shift, and go to state 1
    STRING_LITERAL shift, and go to state 2
    CONSTANT shift, and go to state 3
    SIZEOF shift, and go to state 4
    INC_OP shift, and go to state 5
    DEC_OP shift, and go to state 6
    '(' shift, and go to state 9
    '&' shift, and go to state 10
    '*' shift, and go to state 11
    '+' shift, and go to state 12
    '-' shift, and go to state 13
    '~' shift, and go to state 14
    '!' shift, and go to state 15

    expression go to state 68


State 25

    2 expression -> • IDENTIFIER, yyeof/PTR_OP/INC_OP/DEC_OP/LEFT_OP/RIGHT_OP/LE_OP/GE_OP/EQ_OP/NE_OP/AND_OP/OR_OP/MUL_ASSIGN/DIV_ASSIGN/MOD_ASSIGN/ADD_ASSIGN/SUB_ASSIGN/LEFT_ASSIGN/RIGHT_ASSIGN/AND_ASSIGN/XOR_ASSIGN/OR_ASSIGN/'('/')'/'['/']'/'.'/','/'&'/'*'/'+'/'-'/'/'/'%'/'<'/'>'/'^'/'|'/'='/'?'/':'
    3 expression -> • CONSTANT, yyeof/PTR_OP/INC_OP/DEC_OP/LEFT_OP/RIGHT_OP/LE_OP/GE_OP/EQ_OP/NE_OP/AND_OP/OR_OP/MUL_ASSIGN/DIV_ASSIGN/MOD_ASSIGN/ADD_ASSIGN/SUB_ASSIGN/LEFT_ASSIGN/RIGHT_ASSIGN/AND_ASSIGN/XOR_ASSIGN/OR_ASSIGN/'('/')'/'['/']'/'.'/','/'&'/'*'/'+'/'-'/'/'/'%'/'<'/'>'/'^'/'|'/'='/'?'/':'
    4 expression -> • STRING_LITERAL, yyeof/PTR_OP/INC_OP/DEC_OP/LEFT_OP/RIGHT_OP/LE_OP/GE_OP/EQ_OP/NE_OP/AND_OP/OR_OP/MUL_ASSIGN/DIV_ASSIGN/MOD_ASSIGN/ADD_ASSIGN/SUB_ASSIGN/LEFT_ASSIGN/RIGHT_ASSIGN/AND_ASSIGN/XOR_ASSIGN/OR_ASSIGN/'('/')'/'['/']'/'.'/','/'&'/'*'/'+'/'-'/'/'/'%'/'<'/'>'/'^'/'|'/'='/'?'/':'
    5 expression -> • '(' expression ')', yyeof/PTR_OP/INC_OP/DEC_OP/LEFT_OP/RIGHT_OP/LE_OP/GE_OP/EQ_OP/NE_OP/AND_OP/OR_OP/MUL_ASSIGN/DIV_ASSIGN/MOD_ASSIGN/ADD_ASSIGN/SUB_ASSIGN/LEFT_ASSIGN/RIGHT_ASSIGN/AND_ASSIGN/XOR_ASSIGN/OR_ASSIGN/'('/')'/'['/']'/'.'/','/'&'/'*'/'+'/'-'/'/'/'%'/'<'/'>'/'^'/'|'/'='/'?'/':'
    6 expression -> • expression '[' expression ']', yyeof/PTR_OP/INC_OP/DEC_OP/LEFT_OP/RIGHT_OP/LE_OP/GE_OP/EQ_OP/NE_OP/AND_OP/OR_OP/MUL_ASSIGN/DIV_ASSIGN/MOD_ASSIGN/ADD_ASSIGN/SUB_ASSIGN/LEFT_ASSIGN/RIGHT_ASSIGN/AND_ASSIGN/XOR_ASSIGN/OR_ASSIGN/'('/')'/'['/']'/'.'/','/'&'/'*'/'+'/'-'/'/'/'%'/'<'/'>'/'^'/'|'/'='/'?'/':'
    7 expression -> • expression '(' ')', yyeof/PTR_OP/INC_OP/DEC_OP/LEFT_OP/RIGHT_OP/LE_OP/GE_OP/EQ_OP/NE_OP/AND_OP/OR_OP/MUL_ASSIGN/DIV_ASSIGN/MOD_ASSIGN/ADD_ASSIGN/SUB_ASSIGN/LEFT_ASSIGN/RIGHT_ASSIGN/AND_ASSIGN/XOR_ASSIGN/OR_ASSIGN/'('/')'/'['/']'/'.'/','/'&'/'*'/'+'/'-'/'/'/'%'/'<'/'>'/'^'/'|'/'='/'?'/':'
    8 expression -> • expression '(' expression ')', yyeof/PTR_OP/INC_OP/DEC_OP/LEFT_OP/RIGHT_OP/LE_OP/GE_OP/EQ_OP/NE_OP/AND_OP/OR_OP/MUL_ASSIGN/DIV_ASSIGN/MOD_ASSIGN/ADD_ASSIGN/SUB_ASSIGN/LEFT_ASSIGN/RIGHT_ASSIGN/AND_ASSIGN/XOR_ASSIGN/OR_ASSIGN/'('/')'/'['/']'/'.'/','/'&'/'*'/'+'/'-'/'/'/'%'/'<'/'>'/'^'/'|'/'='/'?'/':'
    9 expression -> • expression '.' IDENTIFIER, yyeof/PTR_OP/INC_OP/DEC_OP/LEFT_OP/RIGHT_OP/LE_OP/GE_OP/EQ_OP/NE_OP/AND_OP/OR_OP/MUL_ASSIGN/DIV_ASSIGN/MOD_ASSIGN/ADD_ASSIGN/SUB_ASSIGN/LEFT_ASSIGN/RIGHT_ASSIGN/AND_ASSIGN/XOR_ASSIGN/OR_ASSIGN/'('/')'/'['/']'/'.'/','/'&'/'*'/'+'/'-'/'/'/'%'/'<'/'>'/'^'/'|'/'='/'?'/':'
    10 expression -> • expression PTR_OP IDENTIFIER, yyeof/PTR_OP/INC_OP/DEC_OP/LEFT_OP/RIGHT_OP/LE_OP/GE_OP/EQ_OP/NE_OP/AND_OP/OR_OP/MUL_ASSIGN/DIV_ASSIGN/MOD_ASSIGN/ADD_ASSIGN/SUB_ASSIGN/LEFT_ASSIGN/RIGHT_ASSIGN/AND_ASSIGN/XOR_ASSIGN/OR_ASSIGN/'('/')'/'['/']'/'.'/','/'&'/'*'/'+'/'-'/'/'/'%'/'<'/'>'/'^'/'|'/'='/'?'/':'
    11 expression -> • expression INC_OP, yyeof/PTR_OP/INC_OP/DEC_OP/LEFT_OP/RIGHT_OP/LE_OP/GE_OP/EQ_OP/NE_OP/AND_OP/OR_OP/MUL_ASSIGN/DIV_ASSIGN/MOD_ASSIGN/ADD_ASSIGN/SUB_ASSIGN/LEFT_ASSIGN/RIGHT_ASSIGN/AND_ASSIGN/XOR_ASSIGN/OR_ASSIGN/'('/')'/'['/']'/'.'/','/'&'/'*'/'+'/'-'/'/'/'%'/'<'/'>'/'^'/'|'/'='/'?'/':'
    12 expression -> • expression DEC_OP, yyeof/PTR_OP/INC_OP/DEC_OP/LEFT_OP/RIGHT_OP/LE_OP/GE_OP/EQ_OP/NE_OP/AND_OP/OR_OP/MUL_ASSIGN/DIV_ASSIGN/MOD_ASSIGN/ADD_ASSIGN/SUB_ASSIGN/LEFT_ASSIGN/RIGHT_ASSIGN/AND_ASSIGN/XOR_ASSIGN/OR_ASSIGN/'('/')'/'['/']'/'.'/','/'&'/'*'/'+'/'-'/'/'/'%'/'<'/'>'/'^'/'|'/'='/'?'/':'
    13 expression -> • expression ',' expression, yyeof/PTR_OP/INC_OP/DEC_OP/LEFT_OP/RIGHT_OP/LE_OP/GE_OP/EQ_OP/NE_OP/AND_OP/OR_OP/MUL_ASSIGN/DIV_ASSIGN/MOD_ASSIGN/ADD_ASSIGN/SUB_ASSIGN/LEFT_ASSIGN/RIGHT_ASSIGN/AND_ASSIGN/XOR_ASSIGN/OR_ASSIGN/'('/')'/'['/']'/'.'/','/'&'/'*'/'+'/'-'/'/'/'%'/'<'/'>'/'^'/'|'/'='/'?'/':'
    14 expression -> • INC_OP expression, yyeof/PTR_OP/INC_OP/DEC_OP/LEFT_OP/RIGHT_OP/LE_OP/GE_OP/EQ_OP/NE_OP/AND_OP/OR_OP/MUL_ASSIGN/DIV_ASSIGN/MOD_ASSIGN/ADD_ASSIGN/SUB_ASSIGN/LEFT_ASSIGN/RIGHT_ASSIGN/AND_ASSIGN/XOR_ASSIGN/OR_ASSIGN/'('/')'/'['/']'/'.'/','/'&'/'*'/'+'/'-'/'/'/'%'/'<'/'>'/'^'/'|'/'='/'?'/':'
    15 expression -> • DEC_OP expression, yyeof/PTR_OP/INC_OP/DEC_OP/LEFT_OP/RIGHT_OP/LE_OP/GE_OP/EQ_OP/NE_OP/AND_OP/OR_OP/MUL_ASSIGN/DIV_ASSIGN/MOD_ASSIGN/ADD_ASSIGN/SUB_ASSIGN/LEFT_ASSIGN/RIGHT_ASSIGN/AND_ASSIGN/XOR_ASSIGN/OR_ASSIGN/'('/')'/'['/']'/'.'/','/'&'/'*'/'+'/'-'/'/'/'%'/'<'/'>'/'^'/'|'/'='/'?'/':'
    16 expression -> • SIZEOF expression, yyeof/PTR_OP/INC_OP/DEC_OP/LEFT_OP/RIGHT_OP/LE_OP/GE_OP/EQ_OP/NE_OP/AND_OP/OR_OP/MUL_ASSIGN/DIV_ASSIGN/MOD_ASSIGN/ADD_ASSIGN/SUB_ASSIGN/LEFT_ASSIGN/RIGHT_ASSIGN/AND_ASSIGN/XOR_ASSIGN/OR_ASSIGN/'('/')'/'['/']'/'.'/','/'&'/'*'/'+'/'-'/'/'/'%'/'<'/'>'/'^'/'|'/'='/'?'/':'
    17 expression -> • SIZEOF '(' type_name ')', yyeof/PTR_OP/INC_OP/DEC_OP/LEFT_OP/RIGHT_OP/LE_OP/GE_OP/EQ_OP/NE_OP/AND_OP/OR_OP/MUL_ASSIGN/DIV_ASSIGN/MOD_ASSIGN/ADD_ASSIGN/SUB_ASSIGN/LEFT_ASSIGN/RIGHT_ASSIGN/AND_ASSIGN/XOR_ASSIGN/OR_ASSIGN/'('/')'/'['/']'/'.'/','/'&'/'*'/'+'/'-'/'/'/'%'/'<'/'>'/'^'/'|'/'='/'?'/':'
    18 expression -> • '(' type_name ')' expression, yyeof/PTR_OP/INC_OP/DEC_OP/LEFT_OP/RIGHT_OP/LE_OP/GE_OP/EQ_OP/NE_OP/AND_OP/OR_OP/MUL_ASSIGN/DIV_ASSIGN/MOD_ASSIGN/ADD_ASSIGN/SUB_ASSIGN/LEFT_ASSIGN/RIGHT_ASSIGN/AND_ASSIGN/XOR_ASSIGN/OR_ASSIGN/'('/')'/'['/']'/'.'/','/'&'/'*'/'+'/'-'/'/'/'%'/'<'/'>'/'^'/'|'/'='/'?'/':'
    19 expression -> • '&' expression, yyeof/PTR_OP/INC_OP/DEC_OP/LEFT_OP/RIGHT_OP/LE_OP/GE_OP/EQ_OP/NE_OP/AND_OP/OR_OP/MUL_ASSIGN/DIV_ASSIGN/MOD_ASSIGN/ADD_ASSIGN/SUB_ASSIGN/LEFT_ASSIGN/RIGHT_ASSIGN/AND_ASSIGN/XOR_ASSIGN/OR_ASSIGN/'('/')'/'['/']'/'.'/','/'&'/'*'/'+'/'-'/'/'/'%'/'<'/'>'/'^'/'|'/'='/'?'/':'
    20 expression -> • '*' expression, yyeof/PTR_OP/INC_OP/DEC_OP/LEFT_OP/RIGHT_OP/LE_OP/GE_OP/EQ_OP/NE_OP/AND_OP/OR_OP/MUL_ASSIGN/DIV_ASSIGN/MOD_ASSIGN/ADD_ASSIGN/SUB_ASSIGN/LEFT_ASSIGN/RIGHT_ASSIGN/AND_ASSIGN/XOR_ASSIGN/OR_ASSIGN/'('/')'/'['/']'/'.'/','/'&'/'*'/'+'/'-'/'/'/'%'/'<'/'>'/'^'/'|'/'='/'?'/':'
    21 expression -> • '+' expression, yyeof/PTR_OP/INC_OP/DEC_OP/LEFT_OP/RIGHT_OP/LE_OP/GE_OP/EQ_OP/NE_OP/AND_OP/OR_OP/MUL_ASSIGN/DIV_ASSIGN/MOD_ASSIGN/ADD_ASSIGN/SUB_ASSIGN/LEFT_ASSIGN/RIGHT_ASSIGN/AND_ASSIGN/XOR_ASSIGN/OR_ASSIGN/'('/')'/'['/']'/'.'/','/'&'/'*'/'+'/'-'/'/'/'%'/'<'/'>'/'^'/'|'/'='/'?'/':'
    22 expression -> • '-' expression, yyeof/PTR_OP/INC_OP/DEC_OP/LEFT_OP/RIGHT_OP/LE_OP/GE_OP/EQ_OP/NE_OP/AND_OP/OR_OP/MUL_ASSIGN/DIV_ASSIGN/MOD_ASSIGN/ADD_ASSIGN/SUB_ASSIGN/LEFT_ASSIGN/RIGHT_ASSIGN/AND_ASSIGN/XOR_ASSIGN/OR_ASSIGN/'('/')'/'['/']'/'.'/','/'&'/'*'/'+'/'-'/'/'/'%'/'<'/'>'/'^'/'|'/'='/'?'/':'
    23 expression -> • '~' expression, yyeof/PTR_OP/INC_OP/DEC_OP/LEFT_OP/RIGHT_OP/LE_OP/GE_OP/EQ_OP/NE_OP/AND_OP/OR_OP/MUL_ASSIGN/DIV_ASSIGN/MOD_ASSIGN/ADD_ASSIGN/SUB_ASSIGN/LEFT_ASSIGN/RIGHT_ASSIGN/AND_ASSIGN/XOR_ASSIGN/OR_ASSIGN/'('/')'/'['/']'/'.'/','/'&'/'*'/'+'/'-'/'/'/'%'/'<'/'>'/'^'/'|'/'='/'?'/':'
    24 expression -> • '!' expression, yyeof/PTR_OP/INC_OP/DEC_OP/LEFT_OP/RIGHT_OP/LE_OP/GE_OP/EQ_OP/NE_OP/AND_OP/OR_OP/MUL_ASSIGN/DIV_ASSIGN/MOD_ASSIGN/ADD_ASSIGN/SUB_ASSIGN/LEFT_ASSIGN/RIGHT_ASSIGN/AND_ASSIGN/XOR_ASSIGN/OR_ASSIGN/'('/')'/'['/']'/'.'/','/'&'/'*'/'+'/'-'/'/'/'%'/'<'/'>'/'^'/'|'/'='/'?'/':'
    25 expression -> • expression '+' expression, yyeof/PTR_OP/INC_OP/DEC_OP/LEFT_OP/RIGHT_OP/LE_OP/GE_OP/EQ_OP/NE_OP/AND_OP/OR_OP/MUL_ASSIGN/DIV_ASSIGN/MOD_ASSIGN/ADD_ASSIGN/SUB_ASSIGN/LEFT_ASSIGN/RIGHT_ASSIGN/AND_ASSIGN/XOR_ASSIGN/OR_ASSIGN/'('/')'/'['/']'/'.'/','/'&'/'*'/'+'/'-'/'/'/'%'/'<'/'>'/'^'/'|'/'='/'?'/':'
    26 expression -> • expression '-' expression, yyeof/PTR_OP/INC_OP/DEC_OP/LEFT_OP/RIGHT_OP/LE_OP/GE_OP/EQ_OP/NE_OP/AND_OP/OR_OP/MUL_ASSIGN/DIV_ASSIGN/MOD_ASSIGN/ADD_ASSIGN/SUB_ASSIGN/LEFT_ASSIGN/RIGHT_ASSIGN/AND_ASSIGN/XOR_ASSIGN/OR_ASSIGN/'('/')'/'['/']'/'.'/','/'&'/'*'/'+'/'-'/'/'/'%'/'<'/'>'/'^'/'|'/'='/'?'/':'
    27 expression -> • expression '*' expression, yyeof/PTR_OP/INC_OP/DEC_OP/LEFT_OP/RIGHT_OP/LE_OP/GE_OP/EQ_OP/NE_OP/AND_OP/OR_OP/MUL_ASSIGN/DIV_ASSIGN/MOD_ASSIGN/ADD_ASSIGN/SUB_ASSIGN/LEFT_ASSIGN/RIGHT_ASSIGN/AND_ASSIGN/XOR_ASSIGN/OR_ASSIGN/'('/')'/'['/']'/'.'/','/'&'/'*'/'+'/'-'/'/'/'%'/'<'/'>'/'^'/'|'/'='/'?'/':'
    28 expression -> • expression '/' expression, yyeof/PTR_OP/INC_OP/DEC_OP/LEFT_OP/RIGHT_OP/LE_OP/GE_OP/EQ_OP/NE_OP/AND_OP/OR_OP/MUL_ASSIGN/DIV_ASSIGN/MOD_ASSIGN/ADD_ASSIGN/SUB_ASSIGN/LEFT_ASSIGN/RIGHT_ASSIGN/AND_ASSIGN/XOR_ASSIGN/OR_ASSIGN/'('/')'/'['/']'/'.'/','/'&'/'*'/'+'/'-'/'/'/'%'/'<'/'>'/'^'/'|'/'='/'?'/':'
    29 expression -> • expression '%' expression, yyeof/PTR_OP/INC_OP/DEC_OP/LEFT_OP/RIGHT_OP/LE_OP/GE_OP/EQ_OP/NE_OP/AND_OP/OR_OP/MUL_ASSIGN/DIV_ASSIGN/MOD_ASSIGN/ADD_ASSIGN/SUB_ASSIGN/LEFT_ASSIGN/RIGHT_ASSIGN/AND_ASSIGN/XOR_ASSIGN/OR_ASSIGN/'('/')'/'['/']'/'.'/','/'&'/'*'/'+'/'-'/'/'/'%'/'<'/'>'/'^'/'|'/'='/'?'/':'
    30 expression -> • expression LEFT_OP expression, yyeof/PTR_OP/INC_OP/DEC_OP/LEFT_OP/RIGHT_OP/LE_OP/GE_OP/EQ_OP/NE_OP/AND_OP/OR_OP/MUL_ASSIGN/DIV_ASSIGN/MOD_ASSIGN/ADD_ASSIGN/SUB_ASSIGN/LEFT_ASSIGN/RIGHT_ASSIGN/AND_ASSIGN/XOR_ASSIGN/OR_ASSIGN/'('/')'/'['/']'/'.'/','/'&'/'*'/'+'/'-'/'/'/'%'/'<'/'>'/'^'/'|'/'='/'?'/':'
    31 expression -> • expression RIGHT_OP expression, yyeof/PTR_OP/INC_OP/DEC_OP/LEFT_OP/RIGHT_OP/LE_OP/GE_OP/EQ_OP/NE_OP/AND_OP/OR_OP/MUL_ASSIGN/DIV_ASSIGN/MOD_ASSIGN/ADD_ASSIGN/SUB_ASSIGN/LEFT_ASSIGN/RIGHT_ASSIGN/AND_ASSIGN/XOR_ASSIGN/OR_ASSIGN/'('/')'/'['/']'/'.'/','/'&'/'*'/'+'/'-'/'/'/'%'/'<'/'>'/'^'/'|'/'='/'?'/':'
    32 expression -> • expression '<' expression, yyeof/PTR_OP/INC_OP/DEC_OP/LEFT_OP/RIGHT_OP/LE_OP/GE_OP/EQ_OP/NE_OP/AND_OP/OR_OP/MUL_ASSIGN/DIV_ASSIGN/MOD_ASSIGN/ADD_ASSIGN/SUB_ASSIGN/LEFT_ASSIGN/RIGHT_ASSIGN/AND_ASSIGN/XOR_ASSIGN/OR_ASSIGN/'('/')'/'['/']'/'.'/','/'&'/'*'/'+'/'-'/'/'/'%'/'<'/'>'/'^'/'|'/'='/'?'/':'
    33 expression -> • expression '>' expression, yyeof/PTR_OP/INC_OP/DEC_OP/LEFT_OP/RIGHT_OP/LE_OP/GE_OP/EQ_OP/NE_OP/AND_OP/OR_OP/MUL_ASSIGN/DIV_ASSIGN/MOD_ASSIGN/ADD_ASSIGN/SUB_ASSIGN/LEFT_ASSIGN/RIGHT_ASSIGN/AND_ASSIGN/XOR_ASSIGN/OR_ASSIGN/'('/')'/'['/']'/'.'/','/'&'/'*'/'+'/'-'/'/'/'%'/'<'/'>'/'^'/'|'/'='/'?'/':'
    34 expression -> • expression LE_OP expression, yyeof/PTR_OP/INC_OP/DEC_OP/LEFT_OP/RIGHT_OP/LE_OP/GE_OP/EQ_OP/NE_OP/AND_OP/OR_OP/MUL_ASSIGN/DIV_ASSIGN/MOD_ASSIGN/ADD_ASSIGN/SUB_ASSIGN/LEFT_ASSIGN/RIGHT_ASSIGN/AND_ASSIGN/XOR_ASSIGN/OR_ASSIGN/'('/')'/'['/']'/'.'/','/'&'/'*'/'+'/'-'/'/'/'%'/'<'/'>'/'^'/'|'/'='/'?'/':'
    34 expression -> expression LE_OP • expression, yyeof/PTR_OP/INC_OP/DEC_OP/LEFT_OP/RIGHT_OP/LE_OP/GE_OP/EQ_OP/NE_OP/AND_OP/OR_OP/MUL_ASSIGN/DIV_ASSIGN/MOD_ASSIGN/ADD_ASSIGN/SUB_ASSIGN/LEFT_ASSIGN/RIGHT_ASSIGN/AND_ASSIGN/XOR_ASSIGN/OR_ASSIGN/'('/')'/'['/']'/'.'/','/'&'/'*'/'+'/'-'/'/'/'%'/'<'/'>'/'^'/'|'/'='/'?'/':'
    35 expression -> • expression GE_OP expression, yyeof/PTR_OP/INC_OP/DEC_OP/LEFT_OP/RIGHT_OP/LE_OP/GE_OP/EQ_OP/NE_OP/AND_OP/OR_OP/MUL_ASSIGN/DIV_ASSIGN/MOD_ASSIGN/ADD_ASSIGN/SUB_ASSIGN/LEFT_ASSIGN/RIGHT_ASSIGN/AND_ASSIGN/XOR_ASSIGN/OR_ASSIGN/'('/')'/'['/']'/'.'/','/'&'/'*'/'+'/'-'/'/'/'%'/'<'/'>'/'^'/'|'/'='/'?'/':'
    36 expression -> • expression EQ_OP expression, yyeof/PTR_OP/INC_OP/DEC_OP/LEFT_OP/RIGHT_OP/LE_OP/GE_OP/EQ_OP/NE_OP/AND_OP/OR_OP/MUL_ASSIGN/DIV_ASSIGN/MOD_ASSIGN/ADD_ASSIGN/SUB_ASSIGN/LEFT_ASSIGN/RIGHT_ASSIGN/AND_ASSIGN/XOR_ASSIGN/OR_ASSIGN/'('/')'/'['/']'/'.'/','/'&'/'*'/'+'/'-'/'/'/'%'/'<'/'>'/'^'/'|'/'='/'?'/':'
    37 expression -> • expression NE_OP expression, yyeof/PTR_OP/INC_OP/DEC_OP/LEFT_OP/RIGHT_OP/LE_OP/GE_OP/EQ_OP/NE_OP/AND_OP/OR_OP/MUL_ASSIGN/DIV_ASSIGN/MOD_ASSIGN/ADD_ASSIGN/SUB_ASSIGN/LEFT_ASSIGN/RIGHT_ASSIGN/AND_ASSIGN/XOR_ASSIGN/OR_ASSIGN/'('/')'/'['/']'/'.'/','/'&'/'*'/'+'/'-'/'/'/'%'/'<'/'>'/'^'/'|'/'='/'?'/':'
    38 expression -> • expression '&' expression, yyeof/PTR_OP/INC_OP/DEC_OP/LEFT_OP/RIGHT_OP/LE_OP/GE_OP/EQ_OP/NE_OP/AND_OP/OR_OP/MUL_ASSIGN/DIV_ASSIGN/MOD_ASSIGN/ADD_ASSIGN/SUB_ASSIGN/LEFT_ASSIGN/RIGHT_ASSIGN/AND_ASSIGN/XOR_ASSIGN/OR_ASSIGN/'('/')'/'['/']'/'.'/','/'&'/'*'/'+'/'-'/'/'/'%'/'<'/'>'/'^'/'|'/'='/'?'/':'
    39 expression -> • expression '^' expression, yyeof/PTR_OP/INC_OP/DEC_OP/LEFT_OP/RIGHT_OP/LE_OP/GE_OP/EQ_OP/NE_OP/AND_OP/OR_OP/MUL_ASSIGN/DIV_ASSIGN/MOD_ASSIGN/ADD_ASSIGN/SUB_ASSIGN/LEFT_ASSIGN/RIGHT_ASSIGN/AND_ASSIGN/XOR_ASSIGN/OR_ASSIGN/'('/')'/'['/']'/'.'/','/'&'/'*'/'+'/'-'/'/'/'%'/'<'/'>'/'^'/'|'/'='/'?'/':'
    40 expression -> • expression '|' expression, yyeof/PTR_OP/INC_OP/DEC_OP/LEFT_OP/RIGHT_OP/LE_OP/GE_OP/EQ_OP/NE_OP/AND_OP/OR_OP/MUL_ASSIGN/DIV_ASSIGN/MOD_ASSIGN/ADD_ASSIGN/SUB_ASSIGN/LEFT_ASSIGN/RIGHT_ASSIGN/AND_ASSIGN/XOR_ASSIGN/OR_ASSIGN/'('/')'/'['/']'/'.'/','/'&'/'*'/'+'/'-'/'/'/'%'/'<'/'>'/'^'/'|'/'='/'?'/':'
    41 expression -> • expression AND_OP expression, yyeof/PTR_OP/INC_OP/DEC_OP/LEFT_OP/RIGHT_OP/LE_OP/GE_OP/EQ_OP/NE_OP/AND_OP/OR_OP/MUL_ASSIGN/DIV_ASSIGN/MOD_ASSIGN/ADD_ASSIGN/SUB_ASSIGN/LEFT_ASSIGN/RIGHT_ASSIGN/AND_ASSIGN/XOR_ASSIGN/OR_ASSIGN/'('/')'/'['/']'/'.'/','/'&'/'*'/'+'/'-'/'/'/'%'/'<'/'>'/'^'/'|'/'='/'?'/':'
    42 expression -> • expression OR_OP expression, yyeof/PTR_OP/INC_OP/DEC_OP/LEFT_OP/RIGHT_OP/LE_OP/GE_OP/EQ_OP/NE_OP/AND_OP/OR_OP/MUL_ASSIGN/DIV_ASSIGN/MOD_ASSIGN/ADD_ASSIGN/SUB_ASSIGN/LEFT_ASSIGN/RIGHT_ASSIGN/AND_ASSIGN/XOR_ASSIGN/OR_ASSIGN/'('/')'/'['/']'/'.'/','/'&'/'*'/'+'/'-'/'/'/'%'/'<'/'>'/'^'/'|'/'='/'?'/':'
    43 expression -> • expression '=' expression, yyeof/PTR_OP/INC_OP/DEC_OP/LEFT_OP/RIGHT_OP/LE_OP/GE_OP/EQ_OP/NE_OP/AND_OP/OR_OP/MUL_ASSIGN/DIV_ASSIGN/MOD_ASSIGN/ADD_ASSIGN/SUB_ASSIGN/LEFT_ASSIGN/RIGHT_ASSIGN/AND_ASSIGN/XOR_ASSIGN/OR_ASSIGN/'('/')'/'['/']'/'.'/','/'&'/'*'/'+'/'-'/'/'/'%'/'<'/'>'/'^'/'|'/'='/'?'/':'
    44 expression -> • expression MUL_ASSIGN expression, yyeof/PTR_OP/INC_OP/DEC_OP/LEFT_OP/RIGHT_OP/LE_OP/GE_OP/EQ_OP/NE_OP/AND_OP/OR_OP/MUL_ASSIGN/DIV_ASSIGN/MOD_ASSIGN/ADD_ASSIGN/SUB_ASSIGN/LEFT_ASSIGN/RIGHT_ASSIGN/AND_ASSIGN/XOR_ASSIGN/OR_ASSIGN/'('/')'/'['/']'/'.'/','/'&'/'*'/'+'/'-'/'/'/'%'/'<'/'>'/'^'/'|'/'='/'?'/':'
    45 expression -> • expression DIV_ASSIGN expression, yyeof/PTR_OP/INC_OP/DEC_OP/LEFT_OP/RIGHT_OP/LE_OP/GE_OP/EQ_OP/NE_OP/AND_OP/OR_OP/MUL_ASSIGN/DIV_ASSIGN/MOD_ASSIGN/ADD_ASSIGN/SUB_ASSIGN/LEFT_ASSIGN/RIGHT_ASSIGN/AND_ASSIGN/XOR_ASSIGN/OR_ASSIGN/'('/')'/'['/']'/'.'/','/'&'/'*'/'+'/'-'/'/'/'%'/'<'/'>'/'^'/'|'/'='/'?'/':'
    46 expression -> • expression MOD_ASSIGN expression, yyeof/PTR_OP/INC_OP/DEC_OP/LEFT_OP/RIGHT_OP/LE_OP/GE_OP/EQ_OP/NE_OP/AND_OP/OR_OP/MUL_ASSIGN/DIV_ASSIGN/MOD_ASSIGN/ADD_ASSIGN/SUB_ASSIGN/LEFT_ASSIGN/RIGHT_ASSIGN/AND_ASSIGN/XOR_ASSIGN/OR_ASSIGN/'('/')'/'['/']'/'.'/','/'&'/'*'/'+'/'-'/'/'/'%'/'<'/'>'/'^'/'|'/'='/'?'/':'
    47 expression -> • expression ADD_ASSIGN expression, yyeof/PTR_OP/INC_OP/DEC_OP/LEFT_OP/RIGHT_OP/LE_OP/GE_OP/EQ_OP/NE_OP/AND_OP/OR_OP/MUL_ASSIGN/DIV_ASSIGN/MOD_ASSIGN/ADD_ASSIGN/SUB_ASSIGN/LEFT_ASSIGN/RIGHT_ASSIGN/AND_ASSIGN/XOR_ASSIGN/OR_ASSIGN/'('/')'/'['/']'/'.'/','/'&'/'*'/'+'/'-'/'/'/'%'/'<'/'>'/'^'/'|'/'='/'?'/':'
    48 expression -> • expression SUB_ASSIGN expression, yyeof/PTR_OP/INC_OP/DEC_OP/LEFT_OP/RIGHT_OP/LE_OP/GE_OP/EQ_OP/NE_OP/AND_OP/OR_OP/MUL_ASSIGN/DIV_ASSIGN/MOD_ASSIGN/ADD_ASSIGN/SUB_ASSIGN/LEFT_ASSIGN/RIGHT_ASSIGN/AND_ASSIGN/XOR_ASSIGN/OR_ASSIGN/'('/')'/'['/']'/'.'/','/'&'/'*'/'+'/'-'/'/'/'%'/'<'/'>'/'^'/'|'/'='/'?'/':'
    49 expression -> • expression LEFT_ASSIGN expression, yyeof/PTR_OP/INC_OP/DEC_OP/LEFT_OP/RIGHT_OP/LE_OP/GE_OP/EQ_OP/NE_OP/AND_OP/OR_OP/MUL_ASSIGN/DIV_ASSIGN/MOD_ASSIGN/ADD_ASSIGN/SUB_ASSIGN/LEFT_ASSIGN/RIGHT_ASSIGN/AND_ASSIGN/XOR_ASSIGN/OR_ASSIGN/'('/')'/'['/']'/'.'/','/'&'/'*'/'+'/'-'/'/'/'%'/'<'/'>'/'^'/'|'/'='/'?'/':'
    50 expression -> • expression RIGHT_ASSIGN expression, yyeof/PTR_OP/INC_OP/DEC_OP/LEFT_OP/RIGHT_OP/LE_OP/GE_OP/EQ_OP/NE_OP/AND_OP/OR_OP/MUL_ASSIGN/DIV_ASSIGN/MOD_ASSIGN/ADD_ASSIGN/SUB_ASSIGN/LEFT_ASSIGN/RIGHT_ASSIGN/AND_ASSIGN/XOR_ASSIGN/OR_ASSIGN/'('/')'/'['/']'/'.'/','/'&'/'*'/'+'/'-'/'/'/'%'/'<'/'>'/'^'/'|'/'='/'?'/':'
    51 expression -> • expression AND_ASSIGN expression, yyeof/PTR_OP/INC_OP/DEC_OP/LEFT_OP/RIGHT_OP/LE_OP/GE_OP/EQ_OP/NE_OP/AND_OP/OR_OP/MUL_ASSIGN/DIV_ASSIGN/MOD_ASSIGN/ADD_ASSIGN/SUB_ASSIGN/LEFT_ASSIGN/RIGHT_ASSIGN/AND_ASSIGN/XOR_ASSIGN/OR_ASSIGN/'('/')'/'['/']'/'.'/','/'&'/'*'/'+'/'-'/'/'/'%'/'<'/'>'/'^'/'|'/'='/'?'/':'
    52 expression -> • expression XOR_ASSIGN expression, yyeof/PTR_OP/INC_OP/DEC_OP/LEFT_OP/RIGHT_OP/LE_OP/GE_OP/EQ_OP/NE_OP/AND_OP/OR_OP/MUL_ASSIGN/DIV_ASSIGN/MOD_ASSIGN/ADD_ASSIGN/SUB_ASSIGN/LEFT_ASSIGN/RIGHT_ASSIGN/AND_ASSIGN/XOR_ASSIGN/OR_ASSIGN/'('/')'/'['/']'/'.'/','/'&'/'*'/'+'/'-'/'/'/'%'/'<'/'>'/'^'/'|'/'='/'?'/':'
    53 expression -> • expression OR_ASSIGN expression, yyeof/PTR_OP/INC_OP/DEC_OP/LEFT_OP/RIGHT_OP/LE_OP/GE_OP/EQ_OP/NE_OP/AND_OP/OR_OP/MUL_ASSIGN/DIV_ASSIGN/MOD_ASSIGN/ADD_ASSIGN/SUB_ASSIGN/LEFT_ASSIGN/RIGHT_ASSIGN/AND_ASSIGN/XOR_ASSIGN/OR_ASSIGN/'('/')'/'['/']'/'.'/','/'&'/'*'/'+'/'-'/'/'/'%'/'<'/'>'/'^'/'|'/'='/'?'/':'
    54 expression -> • expression ',' expression, yyeof/PTR_OP/INC_OP/DEC_OP/LEFT_OP/RIGHT_OP/LE_OP/GE_OP/EQ_OP/NE_OP/AND_OP/OR_OP/MUL_ASSIGN/DIV_ASSIGN/MOD_ASSIGN/ADD_ASSIGN/SUB_ASSIGN/LEFT_ASSIGN/RIGHT_ASSIGN/AND_ASSIGN/XOR_ASSIGN/OR_ASSIGN/'('/')'/'['/']'/'.'/','/'&'/'*'/'+'/'-'/'/'/'%'/'<'/'>'/'^'/'|'/'='/'?'/':'
    55 expression -> • expression '?' expression ':' expression, yyeof/PTR_OP/INC_OP/DEC_OP/LEFT_OP/RIGHT_OP/LE_OP/GE_OP/EQ_OP/NE_OP/AND_OP/OR_OP/MUL_ASSIGN/DIV_ASSIGN/MOD_ASSIGN/ADD_ASSIGN/SUB_ASSIGN/LEFT_ASSIGN/RIGHT_ASSIGN/AND_ASSIGN/XOR_ASSIGN/OR_ASSIGN/'('/')'/'['/']'/'.'/','/'&'/'*'/'+'/'-'/'/'/'%'/'<'/'>'/'^'/'|'/'='/'?'/':'

    IDENTIFIER shift, and go to state 1
    STRING_LITERAL shift, and go to state 2
    CONSTANT shift, and go to state 3
    SIZEOF shift, and go to state 4
    INC_OP shift, and go to state 5
    DEC_OP shift, and go to state 6
    '(' shift, and go to state 9
    '&' shift, and go to state 10
    '*' shift, and go to state 11
    '+' shift, and go to state 12
    '-' shift, and go to state 13
    '~' shift, and go to state 14
    '!' shift, and go to state 15

    expression go to state 69


State 26

    2 expression -> • IDENTIFIER, yyeof/PTR_OP/INC_OP/DEC_OP/LEFT_OP/RIGHT_OP/LE_OP/GE_OP/EQ_OP/NE_OP/AND_OP/OR_OP/MUL_ASSIGN/DIV_ASSIGN/MOD_ASSIGN/ADD_ASSIGN/SUB_ASSIGN/LEFT_ASSIGN/RIGHT_ASSIGN/AND_ASSIGN/XOR_ASSIGN/OR_ASSIGN/'('/')'/'['/']'/'.'/','/'&'/'*'/'+'/'-'/'/'/'%'/'<'/'>'/'^'/'|'/'='/'?'/':'
    3 expression -> • CONSTANT, yyeof/PTR_OP/INC_OP/DEC_OP/LEFT_OP/RIGHT_OP/LE_OP/GE_OP/EQ_OP/NE_OP/AND_OP/OR_OP/MUL_ASSIGN/DIV_ASSIGN/MOD_ASSIGN/ADD_ASSIGN/SUB_ASSIGN/LEFT_ASSIGN/RIGHT_ASSIGN/AND_ASSIGN/XOR_ASSIGN/OR_ASSIGN/'('/')'/'['/']'/'.'/','/'&'/'*'/'+'/'-'/'/'/'%'/'<'/'>'/'^'/'|'/'='/'?'/':'
    4 expression -> • STRING_LITERAL, yyeof/PTR_OP/INC_OP/DEC_OP/LEFT_OP/RIGHT_OP/LE_OP/GE_OP/EQ_OP/NE_OP/AND_OP/OR_OP/MUL_ASSIGN/DIV_ASSIGN/MOD_ASSIGN/ADD_ASSIGN/SUB_ASSIGN/LEFT_ASSIGN/RIGHT_ASSIGN/AND_ASSIGN/XOR_ASSIGN/OR_ASSIGN/'('/')'/'['/']'/'.'/','/'&'/'*'/'+'/'-'/'/'/'%'/'<'/'>'/'^'/'|'/'='/'?'/':'
    5 expression -> • '(' expression ')', yyeof/PTR_OP/INC_OP/DEC_OP/LEFT_OP/RIGHT_OP/LE_OP/GE_OP/EQ_OP/NE_OP/AND_OP/OR_OP/MUL_ASSIGN/DIV_ASSIGN/MOD_ASSIGN/ADD_ASSIGN/SUB_ASSIGN/LEFT_ASSIGN/RIGHT_ASSIGN/AND_ASSIGN/XOR_ASSIGN/OR_ASSIGN/'('/')'/'['/']'/'.'/','/'&'/'*'/'+'/'-'/'/'/'%'/'<'/'>'/'^'/'|'/'='/'?'/':'
    6 expression -> • expression '[' expression ']', yyeof/PTR_OP/INC_OP/DEC_OP/LEFT_OP/RIGHT_OP/LE_OP/GE_OP/EQ_OP/NE_OP/AND_OP/OR_OP/MUL_ASSIGN/DIV_ASSIGN/MOD_ASSIGN/ADD_ASSIGN/SUB_ASSIGN/LEFT_ASSIGN/RIGHT_ASSIGN/AND_ASSIGN/XOR_ASSIGN/OR_ASSIGN/'('/')'/'['/']'/'.'/','/'&'/'*'/'+'/'-'/'/'/'%'/'<'/'>'/'^'/'|'/'='/'?'/':'
    7 expression -> • expression '(' ')', yyeof/PTR_OP/INC_OP/DEC_OP/LEFT_OP/RIGHT_OP/LE_OP/GE_OP/EQ_OP/NE_OP/AND_OP/OR_OP/MUL_ASSIGN/DIV_ASSIGN/MOD_ASSIGN/ADD_ASSIGN/SUB_ASSIGN/LEFT_ASSIGN/RIGHT_ASSIGN/AND_ASSIGN/XOR_ASSIGN/OR_ASSIGN/'('/')'/'['/']'/'.'/','/'&'/'*'/'+'/'-'/'/'/'%'/'<'/'>'/'^'/'|'/'='/'?'/':'
    8 expression -> • expression '(' expression ')', yyeof/PTR_OP/INC_OP/DEC_OP/LEFT_OP/RIGHT_OP/LE_OP/GE_OP/EQ_OP/NE_OP/AND_OP/OR_OP/MUL_ASSIGN/DIV_ASSIGN/MOD_ASSIGN/ADD_ASSIGN/SUB_ASSIGN/LEFT_ASSIGN/RIGHT_ASSIGN/AND_ASSIGN/XOR_ASSIGN/OR_ASSIGN/'('/')'/'['/']'/'.'/','/'&'/'*'/'+'/'-'/'/'/'%'/'<'/'>'/'^'/'|'/'='/'?'/':'
    9 expression -> • expression '.' IDENTIFIER, yyeof/PTR_OP/INC_OP/DEC_OP/LEFT_OP/RIGHT_OP/LE_OP/GE_OP/EQ_OP/NE_OP/AND_OP/OR_OP/MUL_ASSIGN/DIV_ASSIGN/MOD_ASSIGN/ADD_ASSIGN/SUB_ASSIGN/LEFT_ASSIGN/RIGHT_ASSIGN/AND_ASSIGN/XOR_ASSIGN/OR_ASSIGN/'('/')'/'['/']'/'.'/','/'&'/'*'/'+'/'-'/'/'/'%'/'<'/'>'/'^'/'|'/'='/'?'/':'
    10 expression -> • expression PTR_OP IDENTIFIER, yyeof/PTR_OP/INC_OP/DEC_OP/LEFT_OP/RIGHT_OP/LE_OP/GE_OP/EQ_OP/NE_OP/AND_OP/OR_OP/MUL_ASSIGN/DIV_ASSIGN/MOD_ASSIGN/ADD_ASSIGN/SUB_ASSIGN/LEFT_ASSIGN/RIGHT_ASSIGN/AND_ASSIGN/XOR_ASSIGN/OR_ASSIGN/'('/')'/'['/']'/'.'/','/'&'/'*'/'+'/'-'/'/'/'%'/'<'/'>'/'^'/'|'/'='/'?'/':'
    11 expression -> • expression INC_OP, yyeof/PTR_OP/INC_OP/DEC_OP/LEFT_OP/RIGHT_OP/LE_OP/GE_OP/EQ_OP/NE_OP/AND_OP/OR_OP/MUL_ASSIGN/DIV_ASSIGN/MOD_ASSIGN/ADD_ASSIGN/SUB_ASSIGN/LEFT_ASSIGN/RIGHT_ASSIGN/AND_ASSIGN/XOR_ASSIGN/OR_ASSIGN/'('/')'/'['/']'/'.'/','/'&'/'*'/'+'/'-'/'/'/'%'/'<'/'>'/'^'/'|'/'='/'?'/':'
    12 expression -> • expression DEC_OP, yyeof/PTR_OP/INC_OP/DEC_OP/LEFT_OP/RIGHT_OP/LE_OP/GE_OP/EQ_OP/NE_OP/AND_OP/OR_OP/MUL_ASSIGN/DIV_ASSIGN/MOD_ASSIGN/ADD_ASSIGN/SUB_ASSIGN/LEFT_ASSIGN/RIGHT_ASSIGN/AND_ASSIGN/XOR_ASSIGN/OR_ASSIGN/'('/')'/'['/']'/'.'/','/'&'/'*'/'+'/'-'/'/'/'%'/'<'/'>'/'^'/'|'/'='/'?'/':'
    13 expression -> • expression ',' expression, yyeof/PTR_OP/INC_OP/DEC_OP/LEFT_OP/RIGHT_OP/LE_OP/GE_OP/EQ_OP/NE_OP/AND_OP/OR_OP/MUL_ASSIGN/DIV_ASSIGN/MOD_ASSIGN/ADD_ASSIGN/SUB_ASSIGN/LEFT_ASSIGN/RIGHT_ASSIGN/AND_ASSIGN/XOR_ASSIGN/OR_ASSIGN/'('/')'/'['/']'/'.'/','/'&'/'*'/'+'/'-'/'/'/'%'/'<'/'>'/'^'/'|'/'='/'?'/':'
    14 expression -> • INC_OP expression, yyeof/PTR_OP/INC_OP/DEC_OP/LEFT_OP/RIGHT_OP/LE_OP/GE_OP/EQ_OP/NE_OP/AND_OP/OR_OP/MUL_ASSIGN/DIV_ASSIGN/MOD_ASSIGN/ADD_ASSIGN/SUB_ASSIGN/LEFT_ASSIGN/RIGHT_ASSIGN/AND_ASSIGN/XOR_ASSIGN/OR_ASSIGN/'('/')'/'['/']'/'.'/','/'&'/'*'/'+'/'-'/'/'/'%'/'<'/'>'/'^'/'|'/'='/'?'/':'
    15 expression -> • DEC_OP expression, yyeof/PTR_OP/INC_OP/DEC_OP/LEFT_OP/RIGHT_OP/LE_OP/GE_OP/EQ_OP/NE_OP/AND_OP/OR_OP/MUL_ASSIGN/DIV_ASSIGN/MOD_ASSIGN/ADD_ASSIGN/SUB_ASSIGN/LEFT_ASSIGN/RIGHT_ASSIGN/AND_ASSIGN/XOR_ASSIGN/OR_ASSIGN/'('/')'/'['/']'/'.'/','/'&'/'*'/'+'/'-'/'/'/'%'/'<'/'>'/'^'/'|'/'='/'?'/':'
    16 expression -> • SIZEOF expression, yyeof/PTR_OP/INC_OP/DEC_OP/LEFT_OP/RIGHT_OP/LE_OP/GE_OP/EQ_OP/NE_OP/AND_OP/OR_OP/MUL_ASSIGN/DIV_ASSIGN/MOD_ASSIGN/ADD_ASSIGN/SUB_ASSIGN/LEFT_ASSIGN/RIGHT_ASSIGN/AND_ASSIGN/XOR_ASSIGN/OR_ASSIGN/'('/')'/'['/']'/'.'/','/'&'/'*'/'+'/'-'/'/'/'%'/'<'/'>'/'^'/'|'/'='/'?'/':'
    17 expression -> • SIZEOF '(' type_name ')', yyeof/PTR_OP/INC_OP/DEC_OP/LEFT_OP/RIGHT_OP/LE_OP/GE_OP/EQ_OP/NE_OP/AND_OP/OR_OP/MUL_ASSIGN/DIV_ASSIGN/MOD_ASSIGN/ADD_ASSIGN/SUB_ASSIGN/LEFT_ASSIGN/RIGHT_ASSIGN/AND_ASSIGN/XOR_ASSIGN/OR_ASSIGN/'('/')'/'['/']'/'.'/','/'&'/'*'/'+'/'-'/'/'/'%'/'<'/'>'/'^'/'|'/'='/'?'/':'
    18 expression -> • '(' type_name ')' expression, yyeof/PTR_OP/INC_OP/DEC_OP/LEFT_OP/RIGHT_OP/LE_OP/GE_OP/EQ_OP/NE_OP/AND_OP/OR_OP/MUL_ASSIGN/DIV_ASSIGN/MOD_ASSIGN/ADD_ASSIGN/SUB_ASSIGN/LEFT_ASSIGN/RIGHT_ASSIGN/AND_ASSIGN/XOR_ASSIGN/OR_ASSIGN/'('/')'/'['/']'/'.'/','/'&'/'*'/'+'/'-'/'/'/'%'/'<'/'>'/'^'/'|'/'='/'?'/':'
    19 expression -> • '&' expression, yyeof/PTR_OP/INC_OP/DEC_OP/LEFT_OP/RIGHT_OP/LE_OP/GE_OP/EQ_OP/NE_OP/AND_OP/OR_OP/MUL_ASSIGN/DIV_ASSIGN/MOD_ASSIGN/ADD_ASSIGN/SUB_ASSIGN/LEFT_ASSIGN/RIGHT_ASSIGN/AND_ASSIGN/XOR_ASSIGN/OR_ASSIGN/'('/')'/'['/']'/'.'/','/'&'/'*'/'+'/'-'/'/'/'%'/'<'/'>'/'^'/'|'/'='/'?'/':'
    20 expression -> • '*' expression, yyeof/PTR_OP/INC_OP/DEC_OP/LEFT_OP/RIGHT_OP/LE_OP/GE_OP/EQ_OP/NE_OP/AND_OP/OR_OP/MUL_ASSIGN/DIV_ASSIGN/MOD_ASSIGN/ADD_ASSIGN/SUB_ASSIGN/LEFT_ASSIGN/RIGHT_ASSIGN/AND_ASSIGN/XOR_ASSIGN/OR_ASSIGN/'('/')'/'['/']'/'.'/','/'&'/'*'/'+'/'-'/'/'/'%'/'<'/'>'/'^'/'|'/'='/'?'/':'
    21 expression -> • '+' expression, yyeof/PTR_OP/INC_OP/DEC_OP/LEFT_OP/RIGHT_OP/LE_OP/GE_OP/EQ_OP/NE_OP/AND_OP/OR_OP/MUL_ASSIGN/DIV_ASSIGN/MOD_ASSIGN/ADD_ASSIGN/SUB_ASSIGN/LEFT_ASSIGN/RIGHT_ASSIGN/AND_ASSIGN/XOR_ASSIGN/OR_ASSIGN/'('/')'/'['/']'/'.'/','/'&'/'*'/'+'/'-'/'/'/'%'/'<'/'>'/'^'/'|'/'='/'?'/':'
    22 expression -> • '-' expression, yyeof/PTR_OP/INC_OP/DEC_OP/LEFT_OP/RIGHT_OP/LE_OP/GE_OP/EQ_OP/NE_OP/AND_OP/OR_OP/MUL_ASSIGN/DIV_ASSIGN/MOD_ASSIGN/ADD_ASSIGN/SUB_ASSIGN/LEFT_ASSIGN/RIGHT_ASSIGN/AND_ASSIGN/XOR_ASSIGN/OR_ASSIGN/'('/')'/'['/']'/'.'/','/'&'/'*'/'+'/'-'/'/'/'%'/'<'/'>'/'^'/'|'/'='/'?'/':'
    23 expression -> • '~' expression, yyeof/PTR_OP/INC_OP/DEC_OP/LEFT_OP/RIGHT_OP/LE_OP/GE_OP/EQ_OP/NE_OP/AND_OP/OR_OP/MUL_ASSIGN/DIV_ASSIGN/MOD_ASSIGN/ADD_ASSIGN/SUB_ASSIGN/LEFT_ASSIGN/RIGHT_ASSIGN/AND_ASSIGN/XOR_ASSIGN/OR_ASSIGN/'('/')'/'['/']'/'.'/','/'&'/'*'/'+'/'-'/'/'/'%'/'<'/'>'/'^'/'|'/'='/'?'/':'
    24 expression -> • '!' expression, yyeof/PTR_OP/INC_OP/DEC_OP/LEFT_OP/RIGHT_OP/LE_OP/GE_OP/EQ_OP/NE_OP/AND_OP/OR_OP/MUL_ASSIGN/DIV_ASSIGN/MOD_ASSIGN/ADD_ASSIGN/SUB_ASSIGN/LEFT_ASSIGN/RIGHT_ASSIGN/AND_ASSIGN/XOR_ASSIGN/OR_ASSIGN/'('/')'/'['/']'/'.'/','/'&'/'*'/'+'/'-'/'/'/'%'/'<'/'>'/'^'/'|'/'='/'?'/':'
    25 expression -> • expression '+' expression, yyeof/PTR_OP/INC_OP/DEC_OP/LEFT_OP/RIGHT_OP/LE_OP/GE_OP/EQ_OP/NE_OP/AND_OP/OR_OP/MUL_ASSIGN/DIV_ASSIGN/MOD_ASSIGN/ADD_ASSIGN/SUB_ASSIGN/LEFT_ASSIGN/RIGHT_ASSIGN/AND_ASSIGN/XOR_ASSIGN/OR_ASSIGN/'('/')'/'['/']'/'.'/','/'&'/'*'/'+'/'-'/'/'/'%'/'<'/'>'/'^'/'|'/'='/'?'/':'
    26 expression -> • expression '-' expression, yyeof/PTR_OP/INC_OP/DEC_OP/LEFT_OP/RIGHT_OP/LE_OP/GE_OP/EQ_OP/NE_OP/AND_OP/OR_OP/MUL_ASSIGN/DIV_ASSIGN/MOD_ASSIGN/ADD_ASSIGN/SUB_ASSIGN/LEFT_ASSIGN/RIGHT_ASSIGN/AND_ASSIGN/XOR_ASSIGN/OR_ASSIGN/'('/')'/'['/']'/'.'/','/'&'/'*'/'+'/'-'/'/'/'%'/'<'/'>'/'^'/'|'/'='/'?'/':'
    27 expression -> • expression '*' expression, yyeof/PTR_OP/INC_OP/DEC_OP/LEFT_OP/RIGHT_OP/LE_OP/GE_OP/EQ_OP/NE_OP/AND_OP/OR_OP/MUL_ASSIGN/DIV_ASSIGN/MOD_ASSIGN/ADD_ASSIGN/SUB_ASSIGN/LEFT_ASSIGN/RIGHT_ASSIGN/AND_ASSIGN/XOR_ASSIGN/OR_ASSIGN/'('/')'/'['/']'/'.'/','/'&'/'*'/'+'/'-'/'/'/'%'/'<'/'>'/'^'/'|'/'='/'?'/':'
    28 expression -> • expression '/' expression, yyeof/PTR_OP/INC_OP/DEC_OP/LEFT_OP/RIGHT_OP/LE_OP/GE_OP/EQ_OP/NE_OP/AND_OP/OR_OP/MUL_ASSIGN/DIV_ASSIGN/MOD_ASSIGN/ADD_ASSIGN/SUB_ASSIGN/LEFT_ASSIGN/RIGHT_ASSIGN/AND_ASSIGN/XOR_ASSIGN/OR_ASSIGN/'('/')'/'['/']'/'.'/','/'&'/'*'/'+'/'-'/'/'/'%'/'<'/'>'/'^'/'|'/'='/'?'/':'
    29 expression -> • expression '%' expression, yyeof/PTR_OP/INC_OP/DEC_OP/LEFT_OP/RIGHT_OP/LE_OP/GE_OP/EQ_OP/NE_OP/AND_OP/OR_OP/MUL_ASSIGN/DIV_ASSIGN/MOD_ASSIGN/ADD_ASSIGN/SUB_ASSIGN/LEFT_ASSIGN/RIGHT_ASSIGN/AND_ASSIGN/XOR_ASSIGN/OR_ASSIGN/'('/')'/'['/']'/'.'/','/'&'/'*'/'+'/'-'/'/'/'%'/'<'/'>'/'^'/'|'/'='/'?'/':'
    30 expression -> • expression LEFT_OP expression, yyeof/PTR_OP/INC_OP/DEC_OP/LEFT_OP/RIGHT_OP/LE_OP/GE_OP/EQ_OP/NE_OP/AND_OP/OR_OP/MUL_ASSIGN/DIV_ASSIGN/MOD_ASSIGN/ADD_ASSIGN/SUB_ASSIGN/LEFT_ASSIGN/RIGHT_ASSIGN/AND_ASSIGN/XOR_ASSIGN/OR_ASSIGN/'('/')'/'['/']'/'.'/','/'&'/'*'/'+'/'-'/'/'/'%'/'<'/'>'/'^'/'|'/'='/'?'/':'
    31 expression -> • expression RIGHT_OP expression, yyeof/PTR_OP/INC_OP/DEC_OP/LEFT_OP/RIGHT_OP/LE_OP/GE_OP/EQ_OP/NE_OP/AND_OP/OR_OP/MUL_ASSIGN/DIV_ASSIGN/MOD_ASSIGN/ADD_ASSIGN/SUB_ASSIGN/LEFT_ASSIGN/RIGHT_ASSIGN/AND_ASSIGN/XOR_ASSIGN/OR_ASSIGN/'('/')'/'['/']'/'.'/','/'&'/'*'/'+'/'-'/'/'/'%'/'<'/'>'/'^'/'|'/'='/'?'/':'
    32 expression -> • expression '<' expression, yyeof/PTR_OP/INC_OP/DEC_OP/LEFT_OP/RIGHT_OP/LE_OP/GE_OP/EQ_OP/NE_OP/AND_OP/OR_OP/MUL_ASSIGN/DIV_ASSIGN/MOD_ASSIGN/ADD_ASSIGN/SUB_ASSIGN/LEFT_ASSIGN/RIGHT_ASSIGN/AND_ASSIGN/XOR_ASSIGN/OR_ASSIGN/'('/')'/'['/']'/'.'/','/'&'/'*'/'+'/'-'/'/'/'%'/'<'/'>'/'^'/'|'/'='/'?'/':'
    33 expression -> • expression '>' expression, yyeof/PTR_OP/INC_OP/DEC_OP/LEFT_OP/RIGHT_OP/LE_OP/GE_OP/EQ_OP/NE_OP/AND_OP/OR_OP/MUL_ASSIGN/DIV_ASSIGN/MOD_ASSIGN/ADD_ASSIGN/SUB_ASSIGN/LEFT_ASSIGN/RIGHT_ASSIGN/AND_ASSIGN/XOR_ASSIGN/OR_ASSIGN/'('/')'/'['/']'/'.'/','/'&'/'*'/'+'/'-'/'/'/'%'/'<'/'>'/'^'/'|'/'='/'?'/':'
    34 expression -> • expression LE_OP expression, yyeof/PTR_OP/INC_OP/DEC_OP/LEFT_OP/RIGHT_OP/LE_OP/GE_OP/EQ_OP/NE_OP/AND_OP/OR_OP/MUL_ASSIGN/DIV_ASSIGN/MOD_ASSIGN/ADD_ASSIGN/SUB_ASSIGN/LEFT_ASSIGN/RIGHT_ASSIGN/AND_ASSIGN/XOR_ASSIGN/OR_ASSIGN/'('/')'/'['/']'/'.'/','/'&'/'*'/'+'/'-'/'/'/'%'/'<'/'>'/'^'/'|'/'='/'?'/':'
    35 expression -> • expression GE_OP expression, yyeof/PTR_OP/INC_OP/DEC_OP/LEFT_OP/RIGHT_OP/LE_OP/GE_OP/EQ_OP/NE_OP/AND_OP/OR_OP/MUL_ASSIGN/DIV_ASSIGN/MOD_ASSIGN/ADD_ASSIGN/SUB_ASSIGN/LEFT_ASSIGN/RIGHT_ASSIGN/AND_ASSIGN/XOR_ASSIGN/OR_ASSIGN/'('/')'/'['/']'/'.'/','/'&'/'*'/'+'/'-'/'/'/'%'/'<'/'>'/'^'/'|'/'='/'?'/':'
    35 expression -> expression GE_OP • expression, yyeof/PTR_OP/INC_OP/DEC_OP/LEFT_OP/RIGHT_OP/LE_OP/GE_OP/EQ_OP/NE_OP/AND_OP/OR_OP/MUL_ASSIGN/DIV_ASSIGN/MOD_ASSIGN/ADD_ASSIGN/SUB_ASSIGN/LEFT_ASSIGN/RIGHT_ASSIGN/AND_ASSIGN/XOR_ASSIGN/OR_ASSIGN/'('/')'/'['/']'/'.'/','/'&'/'*'/'+'/'-'/'/'/'%'/'<'/'>'/'^'/'|'/'='/'?'/':'
    36 expression -> • expression EQ_OP expression, yyeof/PTR_OP/INC_OP/DEC_OP/LEFT_OP/RIGHT_OP/LE_OP/GE_OP/EQ_OP/NE_OP/AND_OP/OR_OP/MUL_ASSIGN/DIV_ASSIGN/MOD_ASSIGN/ADD_ASSIGN/SUB_ASSIGN/LEFT_ASSIGN/RIGHT_ASSIGN/AND_ASSIGN/XOR_ASSIGN/OR_ASSIGN/'('/')'/'['/']'/'.'/','/'&'/'*'/'+'/'-'/'/'/'%'/'<'/'>'/'^'/'|'/'='/'?'/':'
    37 expression -> • expression NE_OP expression, yyeof/PTR_OP/INC_OP/DEC_OP/LEFT_OP/RIGHT_OP/LE_OP/GE_OP/EQ_OP/NE_OP/AND_OP/OR_OP/MUL_ASSIGN/DIV_ASSIGN/MOD_ASSIGN/ADD_ASSIGN/SUB_ASSIGN/LEFT_ASSIGN/RIGHT_ASSIGN/AND_ASSIGN/XOR_ASSIGN/OR_ASSIGN/'('/')'/'['/']'/'.'/','/'&'/'*'/'+'/'-'/'/'/'%'/'<'/'>'/'^'/'|'/'='/'?'/':'
    38 expression -> • expression '&' expression, yyeof/PTR_OP/INC_OP/DEC_OP/LEFT_OP/RIGHT_OP/LE_OP/GE_OP/EQ_OP/NE_OP/AND_OP/OR_OP/MUL_ASSIGN/DIV_ASSIGN/MOD_ASSIGN/ADD_ASSIGN/SUB_ASSIGN/LEFT_ASSIGN/RIGHT_ASSIGN/AND_ASSIGN/XOR_ASSIGN/OR_ASSIGN/'('/')'/'['/']'/'.'/','/'&'/'*'/'+'/'-'/'/'/'%'/'<'/'>'/'^'/'|'/'='/'?'/':'
    39 expression -> • expression '^' expression, yyeof/PTR_OP/INC_OP/DEC_OP/LEFT_OP/RIGHT_OP/LE_OP/GE_OP/EQ_OP/NE_OP/AND_OP/OR_OP/MUL_ASSIGN/DIV_ASSIGN/MOD_ASSIGN/ADD_ASSIGN/SUB_ASSIGN/LEFT_ASSIGN/RIGHT_ASSIGN/AND_ASSIGN/XOR_ASSIGN/OR_ASSIGN/'('/')'/'['/']'/'.'/','/'&'/'*'/'+'/'-'/'/'/'%'/'<'/'>'/'^'/'|'/'='/'?'/':'
    40 expression -> • expression '|' expression, yyeof/PTR_OP/INC_OP/DEC_OP/LEFT_OP/RIGHT_OP/LE_OP/GE_OP/EQ_OP/NE_OP/AND_OP/OR_OP/MUL_ASSIGN/DIV_ASSIGN/MOD_ASSIGN/ADD_ASSIGN/SUB_ASSIGN/LEFT_ASSIGN/RIGHT_ASSIGN/AND_ASSIGN/XOR_ASSIGN/OR_ASSIGN/'('/')'/'['/']'/'.'/','/'&'/'*'/'+'/'-'/'/'/'%'/'<'/'>'/'^'/'|'/'='/'?'/':'
    41 expression -> • expression AND_OP expression, yyeof/PTR_OP/INC_OP/DEC_OP/LEFT_OP/RIGHT_OP/LE_OP/GE_OP/EQ_OP/NE_OP/AND_OP/OR_OP/MUL_ASSIGN/DIV_ASSIGN/MOD_ASSIGN/ADD_ASSIGN/SUB_ASSIGN/LEFT_ASSIGN/RIGHT_ASSIGN/AND_ASSIGN/XOR_ASSIGN/OR_ASSIGN/'('/')'/'['/']'/'.'/','/'&'/'*'/'+'/'-'/'/'/'%'/'<'/'>'/'^'/'|'/'='/'?'/':'
    42 expression -> • expression OR_OP expression, yyeof/PTR_OP/INC_OP/DEC_OP/LEFT_OP/RIGHT_OP/LE_OP/GE_OP/EQ_OP/NE_OP/AND_OP/OR_OP/MUL_ASSIGN/DIV_ASSIGN/MOD_ASSIGN/ADD_ASSIGN/SUB_ASSIGN/LEFT_ASSIGN/RIGHT_ASSIGN/AND_ASSIGN/XOR_ASSIGN/OR_ASSIGN/'('/')'/'['/']'/'.'/','/'&'/'*'/'+'/'-'/'/'/'%'/'<'/'>'/'^'/'|'/'='/'?'/':'
    43 expression -> • expression '=' expression, yyeof/PTR_OP/INC_OP/DEC_OP/LEFT_OP/RIGHT_OP/LE_OP/GE_OP/EQ_OP/NE_OP/AND_OP/OR_OP/MUL_ASSIGN/DIV_ASSIGN/MOD_ASSIGN/ADD_ASSIGN/SUB_ASSIGN/LEFT_ASSIGN/RIGHT_ASSIGN/AND_ASSIGN/XOR_ASSIGN/OR_ASSIGN/'('/')'/'['/']'/'.'/','/'&'/'*'/'+'/'-'/'/'/'%'/'<'/'>'/'^'/'|'/'='/'?'/':'
    44 expression -> • expression MUL_ASSIGN expression, yyeof/PTR_OP/INC_OP/DEC_OP/LEFT_OP/RIGHT_OP/LE_OP/GE_OP/EQ_OP/NE_OP/AND_OP/OR_OP/MUL_ASSIGN/DIV_ASSIGN/MOD_ASSIGN/ADD_ASSIGN/SUB_ASSIGN/LEFT_ASSIGN/RIGHT_ASSIGN/AND_ASSIGN/XOR_ASSIGN/OR_ASSIGN/'('/')'/'['/']'/'.'/','/'&'/'*'/'+'/'-'/'/'/'%'/'<'/'>'/'^'/'|'/'='/'?'/':'
    45 expression -> • expression DIV_ASSIGN expression, yyeof/PTR_OP/INC_OP/DEC_OP/LEFT_OP/RIGHT_OP/LE_OP/GE_OP/EQ_OP/NE_OP/AND_OP/OR_OP/MUL_ASSIGN/DIV_ASSIGN/MOD_ASSIGN/ADD_ASSIGN/SUB_ASSIGN/LEFT_ASSIGN/RIGHT_ASSIGN/AND_ASSIGN/XOR_ASSIGN/OR_ASSIGN/'('/')'/'['/']'/'.'/','/'&'/'*'/'+'/'-'/'/'/'%'/'<'/'>'/'^'/'|'/'='/'?'/':'
    46 expression -> • expression MOD_ASSIGN expression, yyeof/PTR_OP/INC_OP/DEC_OP/LEFT_OP/RIGHT_OP/LE_OP/GE_OP/EQ_OP/NE_OP/AND_OP/OR_OP/MUL_ASSIGN/DIV_ASSIGN/MOD_ASSIGN/ADD_ASSIGN/SUB_ASSIGN/LEFT_ASSIGN/RIGHT_ASSIGN/AND_ASSIGN/XOR_ASSIGN/OR_ASSIGN/'('/')'/'['/']'/'.'/','/'&'/'*'/'+'/'-'/'/'/'%'/'<'/'>'/'^'/'|'/'='/'?'/':'
    47 expression -> • expression ADD_ASSIGN expression, yyeof/PTR_OP/INC_OP/DEC_OP/LEFT_OP/RIGHT_OP/LE_OP/GE_OP/EQ_OP/NE_OP/AND_OP/OR_OP/MUL_ASSIGN/DIV_ASSIGN/MOD_ASSIGN/ADD_ASSIGN/SUB_ASSIGN/LEFT_ASSIGN/RIGHT_ASSIGN/AND_ASSIGN/XOR_ASSIGN/OR_ASSIGN/'('/')'/'['/']'/'.'/','/'&'/'*'/'+'/'-'/'/'/'%'/'<'/'>'/'^'/'|'/'='/'?'/':'
    48 expression -> • expression SUB_ASSIGN expression, yyeof/PTR_OP/INC_OP/DEC_OP/LEFT_OP/RIGHT_OP/LE_OP/GE_OP/EQ_OP/NE_OP/AND_OP/OR_OP/MUL_ASSIGN/DIV_ASSIGN/MOD_ASSIGN/ADD_ASSIGN/SUB_ASSIGN/LEFT_ASSIGN/RIGHT_ASSIGN/AND_ASSIGN/XOR_ASSIGN/OR_ASSIGN/'('/')'/'['/']'/'.'/','/'&'/'*'/'+'/'-'/'/'/'%'/'<'/'>'/'^'/'|'/'='/'?'/':'
    49 expression -> • expression LEFT_ASSIGN expression, yyeof/PTR_OP/INC_OP/DEC_OP/LEFT_OP/RIGHT_OP/LE_OP/GE_OP/EQ_OP/NE_OP/AND_OP/OR_OP/MUL_ASSIGN/DIV_ASSIGN/MOD_ASSIGN/ADD_ASSIGN/SUB_ASSIGN/LEFT_ASSIGN/RIGHT_ASSIGN/AND_ASSIGN/XOR_ASSIGN/OR_ASSIGN/'('/')'/'['/']'/'.'/','/'&'/'*'/'+'/'-'/'/'/'%'/'<'/'>'/'^'/'|'/'='/'?'/':'
    50 expression -> • expression RIGHT_ASSIGN expression, yyeof/PTR_OP/INC_OP/DEC_OP/LEFT_OP/RIGHT_OP/LE_OP/GE_OP/EQ_OP/NE_OP/AND_OP/OR_OP/MUL_ASSIGN/DIV_ASSIGN/MOD_ASSIGN/ADD_ASSIGN/SUB_ASSIGN/LEFT_ASSIGN/RIGHT_ASSIGN/AND_ASSIGN/XOR_ASSIGN/OR_ASSIGN/'('/')'/'['/']'/'.'/','/'&'/'*'/'+'/'-'/'/'/'%'/'<'/'>'/'^'/'|'/'='/'?'/':'
    51 expression -> • expression AND_ASSIGN expression, yyeof/PTR_OP/INC_OP/DEC_OP/LEFT_OP/RIGHT_OP/LE_OP/GE_OP/EQ_OP/NE_OP/AND_OP/OR_OP/MUL_ASSIGN/DIV_ASSIGN/MOD_ASSIGN/ADD_ASSIGN/SUB_ASSIGN/LEFT_ASSIGN/RIGHT_ASSIGN/AND_ASSIGN/XOR_ASSIGN/OR_ASSIGN/'('/')'/'['/']'/'.'/','/'&'/'*'/'+'/'-'/'/'/'%'/'<'/'>'/'^'/'|'/'='/'?'/':'
    52 expression -> • expression XOR_ASSIGN expression, yyeof/PTR_OP/INC_OP/DEC_OP/LEFT_OP/RIGHT_OP/LE_OP/GE_OP/EQ_OP/NE_OP/AND_OP/OR_OP/MUL_ASSIGN/DIV_ASSIGN/MOD_ASSIGN/ADD_ASSIGN/SUB_ASSIGN/LEFT_ASSIGN/RIGHT_ASSIGN/AND_ASSIGN/XOR_ASSIGN/OR_ASSIGN/'('/')'/'['/']'/'.'/','/'&'/'*'/'+'/'-'/'/'/'%'/'<'/'>'/'^'/'|'/'='/'?'/':'
    53 expression -> • expression OR_ASSIGN expression, yyeof/PTR_OP/INC_OP/DEC_OP/LEFT_OP/RIGHT_OP/LE_OP/GE_OP/EQ_OP/NE_OP/AND_OP/OR_OP/MUL_ASSIGN/DIV_ASSIGN/MOD_ASSIGN/ADD_ASSIGN/SUB_ASSIGN/LEFT_ASSIGN/RIGHT_ASSIGN/AND_ASSIGN/XOR_ASSIGN/OR_ASSIGN/'('/')'/'['/']'/'.'/','/'&'/'*'/'+'/'-'/'/'/'%'/'<'/'>'/'^'/'|'/'='/'?'/':'
    54 expression -> • expression ',' expression, yyeof/PTR_OP/INC_OP/DEC_OP/LEFT_OP/RIGHT_OP/LE_OP/GE_OP/EQ_OP/NE_OP/AND_OP/OR_OP/MUL_ASSIGN/DIV_ASSIGN/MOD_ASSIGN/ADD_ASSIGN/SUB_ASSIGN/LEFT_ASSIGN/RIGHT_ASSIGN/AND_ASSIGN/XOR_ASSIGN/OR_ASSIGN/'('/')'/'['/']'/'.'/','/'&'/'*'/'+'/'-'/'/'/'%'/'<'/'>'/'^'/'|'/'='/'?'/':'
    55 expression -> • expression '?' expression ':' expression, yyeof/PTR_OP/INC_OP/DEC_OP/LEFT_OP/RIGHT_OP/LE_OP/GE_OP/EQ_OP/NE_OP/AND_OP/OR_OP/MUL_ASSIGN/DIV_ASSIGN/MOD_ASSIGN/ADD_ASSIGN/SUB_ASSIGN/LEFT_ASSIGN/RIGHT_ASSIGN/AND_ASSIGN/XOR_ASSIGN/OR_ASSIGN/'('/')'/'['/']'/'.'/','/'&'/'*'/'+'/'-'/'/'/'%'/'<'/'>'/'^'/'|'/'='/'?'/':'

    IDENTIFIER shift, and go to state 1
    STRING_LITERAL shift, and go to state 2
    CONSTANT shift, and go to state 3
    SIZEOF shift, and go to state 4
    INC_OP shift, and go to state 5
    DEC_OP shift, and go to state 6
    '(' shift, and go to state 9
    '&' shift, and go to state 10
    '*' shift, and go to state 11
    '+' shift, and go to state 12
    '-' shift, and go to state 13
    '~' shift, and go to state 14
    '!' shift, and go to state 15

    expression go to state 70


State 27

    2 expression -> • IDENTIFIER, yyeof/PTR_OP/INC_OP/DEC_OP/LEFT_OP/RIGHT_OP/LE_OP/GE_OP/EQ_OP/NE_OP/AND_OP/OR_OP/MUL_ASSIGN/DIV_ASSIGN/MOD_ASSIGN/ADD_ASSIGN/SUB_ASSIGN/LEFT_ASSIGN/RIGHT_ASSIGN/AND_ASSIGN/XOR_ASSIGN/OR_ASSIGN/'('/')'/'['/']'/'.'/','/'&'/'*'/'+'/'-'/'/'/'%'/'<'/'>'/'^'/'|'/'='/'?'/':'
    3 expression -> • CONSTANT, yyeof/PTR_OP/INC_OP/DEC_OP/LEFT_OP/RIGHT_OP/LE_OP/GE_OP/EQ_OP/NE_OP/AND_OP/OR_OP/MUL_ASSIGN/DIV_ASSIGN/MOD_ASSIGN/ADD_ASSIGN/SUB_ASSIGN/LEFT_ASSIGN/RIGHT_ASSIGN/AND_ASSIGN/XOR_ASSIGN/OR_ASSIGN/'('/')'/'['/']'/'.'/','/'&'/'*'/'+'/'-'/'/'/'%'/'<'/'>'/'^'/'|'/'='/'?'/':'
    4 expression -> • STRING_LITERAL, yyeof/PTR_OP/INC_OP/DEC_OP/LEFT_OP/RIGHT_OP/LE_OP/GE_OP/EQ_OP/NE_OP/AND_OP/OR_OP/MUL_ASSIGN/DIV_ASSIGN/MOD_ASSIGN/ADD_ASSIGN/SUB_ASSIGN/LEFT_ASSIGN/RIGHT_ASSIGN/AND_ASSIGN/XOR_ASSIGN/OR_ASSIGN/'('/')'/'['/']'/'.'/','/'&'/'*'/'+'/'-'/'/'/'%'/'<'/'>'/'^'/'|'/'='/'?'/':'
    5 expression -> • '(' expression ')', yyeof/PTR_OP/INC_OP/DEC_OP/LEFT_OP/RIGHT_OP/LE_OP/GE_OP/EQ_OP/NE_OP/AND_OP/OR_OP/MUL_ASSIGN/DIV_ASSIGN/MOD_ASSIGN/ADD_ASSIGN/SUB_ASSIGN/LEFT_ASSIGN/RIGHT_ASSIGN/AND_ASSIGN/XOR_ASSIGN/OR_ASSIGN/'('/')'/'['/']'/'.'/','/'&'/'*'/'+'/'-'/'/'/'%'/'<'/'>'/'^'/'|'/'='/'?'/':'
    6 expression -> • expression '[' expression ']', yyeof/PTR_OP/INC_OP/DEC_OP/LEFT_OP/RIGHT_OP/LE_OP/GE_OP/EQ_OP/NE_OP/AND_OP/OR_OP/MUL_ASSIGN/DIV_ASSIGN/MOD_ASSIGN/ADD_ASSIGN/SUB_ASSIGN/LEFT_ASSIGN/RIGHT_ASSIGN/AND_ASSIGN/XOR_ASSIGN/OR_ASSIGN/'('/')'/'['/']'/'.'/','/'&'/'*'/'+'/'-'/'/'/'%'/'<'/'>'/'^'/'|'/'='/'?'/':'
    7 expression -> • expression '(' ')', yyeof/PTR_OP/INC_OP/DEC_OP/LEFT_OP/RIGHT_OP/LE_OP/GE_OP/EQ_OP/NE_OP/AND_OP/OR_OP/MUL_ASSIGN/DIV_ASSIGN/MOD_ASSIGN/ADD_ASSIGN/SUB_ASSIGN/LEFT_ASSIGN/RIGHT_ASSIGN/AND_ASSIGN/XOR_ASSIGN/OR_ASSIGN/'('/')'/'['/']'/'.'/','/'&'/'*'/'+'/'-'/'/'/'%'/'<'/'>'/'^'/'|'/'='/'?'/':'
    8 expression -> • expression '(' expression ')', yyeof/PTR_OP/INC_OP/DEC_OP/LEFT_OP/RIGHT_OP/LE_OP/GE_OP/EQ_OP/NE_OP/AND_OP/OR_OP/MUL_ASSIGN/DIV_ASSIGN/MOD_ASSIGN/ADD_ASSIGN/SUB_ASSIGN/LEFT_ASSIGN/RIGHT_ASSIGN/AND_ASSIGN/XOR_ASSIGN/OR_ASSIGN/'('/')'/'['/']'/'.'/','/'&'/'*'/'+'/'-'/'/'/'%'/'<'/'>'/'^'/'|'/'='/'?'/':'
    9 expression -> • expression '.' IDENTIFIER, yyeof/PTR_OP/INC_OP/DEC_OP/LEFT_OP/RIGHT_OP/LE_OP/GE_OP/EQ_OP/NE_OP/AND_OP/OR_OP/MUL_ASSIGN/DIV_ASSIGN/MOD_ASSIGN/ADD_ASSIGN/SUB_ASSIGN/LEFT_ASSIGN/RIGHT_ASSIGN/AND_ASSIGN/XOR_ASSIGN/OR_ASSIGN/'('/')'/'['/']'/'.'/','/'&'/'*'/'+'/'-'/'/'/'%'/'<'/'>'/'^'/'|'/'='/'?'/':'
    10 expression -> • expression PTR_OP IDENTIFIER, yyeof/PTR_OP/INC_OP/DEC_OP/LEFT_OP/RIGHT_OP/LE_OP/GE_OP/EQ_OP/NE_OP/AND_OP/OR_OP/MUL_ASSIGN/DIV_ASSIGN/MOD_ASSIGN/ADD_ASSIGN/SUB_ASSIGN/LEFT_ASSIGN/RIGHT_ASSIGN/AND_ASSIGN/XOR_ASSIGN/OR_ASSIGN/'('/')'/'['/']'/'.'/','/'&'/'*'/'+'/'-'/'/'/'%'/'<'/'>'/'^'/'|'/'='/'?'/':'
    11 expression -> • expression INC_OP, yyeof/PTR_OP/INC_OP/DEC_OP/LEFT_OP/RIGHT_OP/LE_OP/GE_OP/EQ_OP/NE_OP/AND_OP/OR_OP/MUL_ASSIGN/DIV_ASSIGN/MOD_ASSIGN/ADD_ASSIGN/SUB_ASSIGN/LEFT_ASSIGN/RIGHT_ASSIGN/AND_ASSIGN/XOR_ASSIGN/OR_ASSIGN/'('/')'/'['/']'/'.'/','/'&'/'*'/'+'/'-'/'/'/'%'/'<'/'>'/'^'/'|'/'='/'?'/':'
    12 expression -> • expression DEC_OP, yyeof/PTR_OP/INC_OP/DEC_OP/LEFT_OP/RIGHT_OP/LE_OP/GE_OP/EQ_OP/NE_OP/AND_OP/OR_OP/MUL_ASSIGN/DIV_ASSIGN/MOD_ASSIGN/ADD_ASSIGN/SUB_ASSIGN/LEFT_ASSIGN/RIGHT_ASSIGN/AND_ASSIGN/XOR_ASSIGN/OR_ASSIGN/'('/')'/'['/']'/'.'/','/'&'/'*'/'+'/'-'/'/'/'%'/'<'/'>'/'^'/'|'/'='/'?'/':'
    13 expression -> • expression ',' expression, yyeof/PTR_OP/INC_OP/DEC_OP/LEFT_OP/RIGHT_OP/LE_OP/GE_OP/EQ_OP/NE_OP/AND_OP/OR_OP/MUL_ASSIGN/DIV_ASSIGN/MOD_ASSIGN/ADD_ASSIGN/SUB_ASSIGN/LEFT_ASSIGN/RIGHT_ASSIGN/AND_ASSIGN/XOR_ASSIGN/OR_ASSIGN/'('/')'/'['/']'/'.'/','/'&'/'*'/'+'/'-'/'/'/'%'/'<'/'>'/'^'/'|'/'='/'?'/':'
    14 expression -> • INC_OP expression, yyeof/PTR_OP/INC_OP/DEC_OP/LEFT_OP/RIGHT_OP/LE_OP/GE_OP/EQ_OP/NE_OP/AND_OP/OR_OP/MUL_ASSIGN/DIV_ASSIGN/MOD_ASSIGN/ADD_ASSIGN/SUB_ASSIGN/LEFT_ASSIGN/RIGHT_ASSIGN/AND_ASSIGN/XOR_ASSIGN/OR_ASSIGN/'('/')'/'['/']'/'.'/','/'&'/'*'/'+'/'-'/'/'/'%'/'<'/'>'/'^'/'|'/'='/'?'/':'
    15 expression -> • DEC_OP expression, yyeof/PTR_OP/INC_OP/DEC_OP/LEFT_OP/RIGHT_OP/LE_OP/GE_OP/EQ_OP/NE_OP/AND_OP/OR_OP/MUL_ASSIGN/DIV_ASSIGN/MOD_ASSIGN/ADD_ASSIGN/SUB_ASSIGN/LEFT_ASSIGN/RIGHT_ASSIGN/AND_ASSIGN/XOR_ASSIGN/OR_ASSIGN/'('/')'/'['/']'/'.'/','/'&'/'*'/'+'/'-'/'/'/'%'/'<'/'>'/'^'/'|'/'='/'?'/':'
    16 expression -> • SIZEOF expression, yyeof/PTR_OP/INC_OP/DEC_OP/LEFT_OP/RIGHT_OP/LE_OP/GE_OP/EQ_OP/NE_OP/AND_OP/OR_OP/MUL_ASSIGN/DIV_ASSIGN/MOD_ASSIGN/ADD_ASSIGN/SUB_ASSIGN/LEFT_ASSIGN/RIGHT_ASSIGN/AND_ASSIGN/XOR_ASSIGN/OR_ASSIGN/'('/')'/'['/']'/'.'/','/'&'/'*'/'+'/'-'/'/'/'%'/'<'/'>'/'^'/'|'/'='/'?'/':'
    17 expression -> • SIZEOF '(' type_name ')', yyeof/PTR_OP/INC_OP/DEC_OP/LEFT_OP/RIGHT_OP/LE_OP/GE_OP/EQ_OP/NE_OP/AND_OP/OR_OP/MUL_ASSIGN/DIV_ASSIGN/MOD_ASSIGN/ADD_ASSIGN/SUB_ASSIGN/LEFT_ASSIGN/RIGHT_ASSIGN/AND_ASSIGN/XOR_ASSIGN/OR_ASSIGN/'('/')'/'['/']'/'.'/','/'&'/'*'/'+'/'-'/'/'/'%'/'<'/'>'/'^'/'|'/'='/'?'/':'
    18 expression -> • '(' type_name ')' expression, yyeof/PTR_OP/INC_OP/DEC_OP/LEFT_OP/RIGHT_OP/LE_OP/GE_OP/EQ_OP/NE_OP/AND_OP/OR_OP/MUL_ASSIGN/DIV_ASSIGN/MOD_ASSIGN/ADD_ASSIGN/SUB_ASSIGN/LEFT_ASSIGN/RIGHT_ASSIGN/AND_ASSIGN/XOR_ASSIGN/OR_ASSIGN/'('/')'/'['/']'/'.'/','/'&'/'*'/'+'/'-'/'/'/'%'/'<'/'>'/'^'/'|'/'='/'?'/':'
    19 expression -> • '&' expression, yyeof/PTR_OP/INC_OP/DEC_OP/LEFT_OP/RIGHT_OP/LE_OP/GE_OP/EQ_OP/NE_OP/AND_OP/OR_OP/MUL_ASSIGN/DIV_ASSIGN/MOD_ASSIGN/ADD_ASSIGN/SUB_ASSIGN/LEFT_ASSIGN/RIGHT_ASSIGN/AND_ASSIGN/XOR_ASSIGN/OR_ASSIGN/'('/')'/'['/']'/'.'/','/'&'/'*'/'+'/'-'/'/'/'%'/'<'/'>'/'^'/'|'/'='/'?'/':'
    20 expression -> • '*' expression, yyeof/PTR_OP/INC_OP/DEC_OP/LEFT_OP/RIGHT_OP/LE_OP/GE_OP/EQ_OP/NE_OP/AND_OP/OR_OP/MUL_ASSIGN/DIV_ASSIGN/MOD_ASSIGN/ADD_ASSIGN/SUB_ASSIGN/LEFT_ASSIGN/RIGHT_ASSIGN/AND_ASSIGN/XOR_ASSIGN/OR_ASSIGN/'('/')'/'['/']'/'.'/','/'&'/'*'/'+'/'-'/'/'/'%'/'<'/'>'/'^'/'|'/'='/'?'/':'
    21 expression -> • '+' expression, yyeof/PTR_OP/INC_OP/DEC_OP/LEFT_OP/RIGHT_OP/LE_OP/GE_OP/EQ_OP/NE_OP/AND_OP/OR_OP/MUL_ASSIGN/DIV_ASSIGN/MOD_ASSIGN/ADD_ASSIGN/SUB_ASSIGN/LEFT_ASSIGN/RIGHT_ASSIGN/AND_ASSIGN/XOR_ASSIGN/OR_ASSIGN/'('/')'/'['/']'/'.'/','/'&'/'*'/'+'/'-'/'/'/'%'/'<'/'>'/'^'/'|'/'='/'?'/':'
    22 expression -> • '-' expression, yyeof/PTR_OP/INC_OP/DEC_OP/LEFT_OP/RIGHT_OP/LE_OP/GE_OP/EQ_OP/NE_OP/AND_OP/OR_OP/MUL_ASSIGN/DIV_ASSIGN/MOD_ASSIGN/ADD_ASSIGN/SUB_ASSIGN/LEFT_ASSIGN/RIGHT_ASSIGN/AND_ASSIGN/XOR_ASSIGN/OR_ASSIGN/'('/')'/'['/']'/'.'/','/'&'/'*'/'+'/'-'/'/'/'%'/'<'/'>'/'^'/'|'/'='/'?'/':'
    23 expression -> • '~' expression, yyeof/PTR_OP/INC_OP/DEC_OP/LEFT_OP/RIGHT_OP/LE_OP/GE_OP/EQ_OP/NE_OP/AND_OP/OR_OP/MUL_ASSIGN/DIV_ASSIGN/MOD_ASSIGN/ADD_ASSIGN/SUB_ASSIGN/LEFT_ASSIGN/RIGHT_ASSIGN/AND_ASSIGN/XOR_ASSIGN/OR_ASSIGN/'('/')'/'['/']'/'.'/','/'&'/'*'/'+'/'-'/'/'/'%'/'<'/'>'/'^'/'|'/'='/'?'/':'
    24 expression -> • '!' expression, yyeof/PTR_OP/INC_OP/DEC_OP/LEFT_OP/RIGHT_OP/LE_OP/GE_OP/EQ_OP/NE_OP/AND_OP/OR_OP/MUL_ASSIGN/DIV_ASSIGN/MOD_ASSIGN/ADD_ASSIGN/SUB_ASSIGN/LEFT_ASSIGN/RIGHT_ASSIGN/AND_ASSIGN/XOR_ASSIGN/OR_ASSIGN/'('/')'/'['/']'/'.'/','/'&'/'*'/'+'/'-'/'/'/'%'/'<'/'>'/'^'/'|'/'='/'?'/':'
    25 expression -> • expression '+' expression, yyeof/PTR_OP/INC_OP/DEC_OP/LEFT_OP/RIGHT_OP/LE_OP/GE_OP/EQ_OP/NE_OP/AND_OP/OR_OP/MUL_ASSIGN/DIV_ASSIGN/MOD_ASSIGN/ADD_ASSIGN/SUB_ASSIGN/LEFT_ASSIGN/RIGHT_ASSIGN/AND_ASSIGN/XOR_ASSIGN/OR_ASSIGN/'('/')'/'['/']'/'.'/','/'&'/'*'/'+'/'-'/'/'/'%'/'<'/'>'/'^'/'|'/'='/'?'/':'
    26 expression -> • expression '-' expression, yyeof/PTR_OP/INC_OP/DEC_OP/LEFT_OP/RIGHT_OP/LE_OP/GE_OP/EQ_OP/NE_OP/AND_OP/OR_OP/MUL_ASSIGN/DIV_ASSIGN/MOD_ASSIGN/ADD_ASSIGN/SUB_ASSIGN/LEFT_ASSIGN/RIGHT_ASSIGN/AND_ASSIGN/XOR_ASSIGN/OR_ASSIGN/'('/')'/'['/']'/'.'/','/'&'/'*'/'+'/'-'/'/'/'%'/'<'/'>'/'^'/'|'/'='/'?'/':'
    27 expression -> • expression '*' expression, yyeof/PTR_OP/INC_OP/DEC_OP/LEFT_OP/RIGHT_OP/LE_OP/GE_OP/EQ_OP/NE_OP/AND_OP/OR_OP/MUL_ASSIGN/DIV_ASSIGN/MOD_ASSIGN/ADD_ASSIGN/SUB_ASSIGN/LEFT_ASSIGN/RIGHT_ASSIGN/AND_ASSIGN/XOR_ASSIGN/OR_ASSIGN/'('/')'/'['/']'/'.'/','/'&'/'*'/'+'/'-'/'/'/'%'/'<'/'>'/'^'/'|'/'='/'?'/':'
    28 expression -> • expression '/' expression, yyeof/PTR_OP/INC_OP/DEC_OP/LEFT_OP/RIGHT_OP/LE_OP/GE_OP/EQ_OP/NE_OP/AND_OP/OR_OP/MUL_ASSIGN/DIV_ASSIGN/MOD_ASSIGN/ADD_ASSIGN/SUB_ASSIGN/LEFT_ASSIGN/RIGHT_ASSIGN/AND_ASSIGN/XOR_ASSIGN/OR_ASSIGN/'('/')'/'['/']'/'.'/','/'&'/'*'/'+'/'-'/'/'/'%'/'<'/'>'/'^'/'|'/'='/'?'/':'
    29 expression -> • expression '%' expression, yyeof/PTR_OP/INC_OP/DEC_OP/LEFT_OP/RIGHT_OP/LE_OP/GE_OP/EQ_OP/NE_OP/AND_OP/OR_OP/MUL_ASSIGN/DIV_ASSIGN/MOD_ASSIGN/ADD_ASSIGN/SUB_ASSIGN/LEFT_ASSIGN/RIGHT_ASSIGN/AND_ASSIGN/XOR_ASSIGN/OR_ASSIGN/'('/')'/'['/']'/'.'/','/'&'/'*'/'+'/'-'/'/'/'%'/'<'/'>'/'^'/'|'/'='/'?'/':'
    30 expression -> • expression LEFT_OP expression, yyeof/PTR_OP/INC_OP/DEC_OP/LEFT_OP/RIGHT_OP/LE_OP/GE_OP/EQ_OP/NE_OP/AND_OP/OR_OP/MUL_ASSIGN/DIV_ASSIGN/MOD_ASSIGN/ADD_ASSIGN/SUB_ASSIGN/LEFT_ASSIGN/RIGHT_ASSIGN/AND_ASSIGN/XOR_ASSIGN/OR_ASSIGN/'('/')'/'['/']'/'.'/','/'&'/'*'/'+'/'-'/'/'/'%'/'<'/'>'/'^'/'|'/'='/'?'/':'
    31 expression -> • expression RIGHT_OP expression, yyeof/PTR_OP/INC_OP/DEC_OP/LEFT_OP/RIGHT_OP/LE_OP/GE_OP/EQ_OP/NE_OP/AND_OP/OR_OP/MUL_ASSIGN/DIV_ASSIGN/MOD_ASSIGN/ADD_ASSIGN/SUB_ASSIGN/LEFT_ASSIGN/RIGHT_ASSIGN/AND_ASSIGN/XOR_ASSIGN/OR_ASSIGN/'('/')'/'['/']'/'.'/','/'&'/'*'/'+'/'-'/'/'/'%'/'<'/'>'/'^'/'|'/'='/'?'/':'
    32 expression -> • expression '<' expression, yyeof/PTR_OP/INC_OP/DEC_OP/LEFT_OP/RIGHT_OP/LE_OP/GE_OP/EQ_OP/NE_OP/AND_OP/OR_OP/MUL_ASSIGN/DIV_ASSIGN/MOD_ASSIGN/ADD_ASSIGN/SUB_ASSIGN/LEFT_ASSIGN/RIGHT_ASSIGN/AND_ASSIGN/XOR_ASSIGN/OR_ASSIGN/'('/')'/'['/']'/'.'/','/'&'/'*'/'+'/'-'/'/'/'%'/'<'/'>'/'^'/'|'/'='/'?'/':'
    33 expression -> • expression '>' expression, yyeof/PTR_OP/INC_OP/DEC_OP/LEFT_OP/RIGHT_OP/LE_OP/GE_OP/EQ_OP/NE_OP/AND_OP/OR_OP/MUL_ASSIGN/DIV_ASSIGN/MOD_ASSIGN/ADD_ASSIGN/SUB_ASSIGN/LEFT_ASSIGN/RIGHT_ASSIGN/AND_ASSIGN/XOR_ASSIGN/OR_ASSIGN/'('/')'/'['/']'/'.'/','/'&'/'*'/'+'/'-'/'/'/'%'/'<'/'>'/'^'/'|'/'='/'?'/':'
    34 expression -> • expression LE_OP expression, yyeof/PTR_OP/INC_OP/DEC_OP/LEFT_OP/RIGHT_OP/LE_OP/GE_OP/EQ_OP/NE_OP/AND_OP/OR_OP/MUL_ASSIGN/DIV_ASSIGN/MOD_ASSIGN/ADD_ASSIGN/SUB_ASSIGN/LEFT_ASSIGN/RIGHT_ASSIGN/AND_ASSIGN/XOR_ASSIGN/OR_ASSIGN/'('/')'/'['/']'/'.'/','/'&'/'*'/'+'/'-'/'/'/'%'/'<'/'>'/'^'/'|'/'='/'?'/':'
    35 expression -> • expression GE_OP expression, yyeof/PTR_OP/INC_OP/DEC_OP/LEFT_OP/RIGHT_OP/LE_OP/GE_OP/EQ_OP/NE_OP/AND_OP/OR_OP/MUL_ASSIGN/DIV_ASSIGN/MOD_ASSIGN/ADD_ASSIGN/SUB_ASSIGN/LEFT_ASSIGN/RIGHT_ASSIGN/AND_ASSIGN/XOR_ASSIGN/OR_ASSIGN/'('/')'/'['/']'/'.'/','/'&'/'*'/'+'/'-'/'/'/'%'/'<'/'>'/'^'/'|'/'='/'?'/':'
    36 expression -> • expression EQ_OP expression, yyeof/PTR_OP/INC_OP/DEC_OP/LEFT_OP/RIGHT_OP/LE_OP/GE_OP/EQ_OP/NE_OP/AND_OP/OR_OP/MUL_ASSIGN/DIV_ASSIGN/MOD_ASSIGN/ADD_ASSIGN/SUB_ASSIGN/LEFT_ASSIGN/RIGHT_ASSIGN/AND_ASSIGN/XOR_ASSIGN/OR_ASSIGN/'('/')'/'['/']'/'.'/','/'&'/'*'/'+'/'-'/'/'/'%'/'<'/'>'/'^'/'|'/'='/'?'/':'
    36 expression -> expression EQ_OP • expression, yyeof/PTR_OP/INC_OP/DEC_OP/LEFT_OP/RIGHT_OP/LE_OP/GE_OP/EQ_OP/NE_OP/AND_OP/OR_OP/MUL_ASSIGN/DIV_ASSIGN/MOD_ASSIGN/ADD_ASSIGN/SUB_ASSIGN/LEFT_ASSIGN/RIGHT_ASSIGN/AND_ASSIGN/XOR_ASSIGN/OR_ASSIGN/'('/')'/'['/']'/'.'/','/'&'/'*'/'+'/'-'/'/'/'%'/'<'/'>'/'^'/'|'/'='/'?'/':'
    37 expression -> • expression NE_OP expression, yyeof/PTR_OP/INC_OP/DEC_OP/LEFT_OP/RIGHT_OP/LE_OP/GE_OP/EQ_OP/NE_OP/AND_OP/OR_OP/MUL_ASSIGN/DIV_ASSIGN/MOD_ASSIGN/ADD_ASSIGN/SUB_ASSIGN/LEFT_ASSIGN/RIGHT_ASSIGN/AND_ASSIGN/XOR_ASSIGN/OR_ASSIGN/'('/')'/'['/']'/'.'/','/'&'/'*'/'+'/'-'/'/'/'%'/'<'/'>'/'^'/'|'/'='/'?'/':'
    38 expression -> • expression '&' expression, yyeof/PTR_OP/INC_OP/DEC_OP/LEFT_OP/RIGHT_OP/LE_OP/GE_OP/EQ_OP/NE_OP/AND_OP/OR_OP/MUL_ASSIGN/DIV_ASSIGN/MOD_ASSIGN/ADD_ASSIGN/SUB_ASSIGN/LEFT_ASSIGN/RIGHT_ASSIGN/AND_ASSIGN/XOR_ASSIGN/OR_ASSIGN/'('/')'/'['/']'/'.'/','/'&'/'*'/'+'/'-'/'/'/'%'/'<'/'>'/'^'/'|'/'='/'?'/':'
    39 expression -> • expression '^' expression, yyeof/PTR_OP/INC_OP/DEC_OP/LEFT_OP/RIGHT_OP/LE_OP/GE_OP/EQ_OP/NE_OP/AND_OP/OR_OP/MUL_ASSIGN/DIV_ASSIGN/MOD_ASSIGN/ADD_ASSIGN/SUB_ASSIGN/LEFT_ASSIGN/RIGHT_ASSIGN/AND_ASSIGN/XOR_ASSIGN/OR_ASSIGN/'('/')'/'['/']'/'.'/','/'&'/'*'/'+'/'-'/'/'/'%'/'<'/'>'/'^'/'|'/'='/'?'/':'
    40 expression -> • expression '|' expression, yyeof/PTR_OP/INC_OP/DEC_OP/LEFT_OP/RIGHT_OP/LE_OP/GE_OP/EQ_OP/NE_OP/AND_OP/OR_OP/MUL_ASSIGN/DIV_ASSIGN/MOD_ASSIGN/ADD_ASSIGN/SUB_ASSIGN/LEFT_ASSIGN/RIGHT_ASSIGN/AND_ASSIGN/XOR_ASSIGN/OR_ASSIGN/'('/')'/'['/']'/'.'/','/'&'/'*'/'+'/'-'/'/'/'%'/'<'/'>'/'^'/'|'/'='/'?'/':'
    41 expression -> • expression AND_OP expression, yyeof/PTR_OP/INC_OP/DEC_OP/LEFT_OP/RIGHT_OP/LE_OP/GE_OP/EQ_OP/NE_OP/AND_OP/OR_OP/MUL_ASSIGN/DIV_ASSIGN/MOD_ASSIGN/ADD_ASSIGN/SUB_ASSIGN/LEFT_ASSIGN/RIGHT_ASSIGN/AND_ASSIGN/XOR_ASSIGN/OR_ASSIGN/'('/')'/'['/']'/'.'/','/'&'/'*'/'+'/'-'/'/'/'%'/'<'/'>'/'^'/'|'/'='/'?'/':'
    42 expression -> • expression OR_OP expression, yyeof/PTR_OP/INC_OP/DEC_OP/LEFT_OP/RIGHT_OP/LE_OP/GE_OP/EQ_OP/NE_OP/AND_OP/OR_OP/MUL_ASSIGN/DIV_ASSIGN/MOD_ASSIGN/ADD_ASSIGN/SUB_ASSIGN/LEFT_ASSIGN/RIGHT_ASSIGN/AND_ASSIGN/XOR_ASSIGN/OR_ASSIGN/'('/')'/'['/']'/'.'/','/'&'/'*'/'+'/'-'/'/'/'%'/'<'/'>'/'^'/'|'/'='/'?'/':'
    43 expression -> • expression '=' expression, yyeof/PTR_OP/INC_OP/DEC_OP/LEFT_OP/RIGHT_OP/LE_OP/GE_OP/EQ_OP/NE_OP/AND_OP/OR_OP/MUL_ASSIGN/DIV_ASSIGN/MOD_ASSIGN/ADD_ASSIGN/SUB_ASSIGN/LEFT_ASSIGN/RIGHT_ASSIGN/AND_ASSIGN/XOR_ASSIGN/OR_ASSIGN/'('/')'/'['/']'/'.'/','/'&'/'*'/'+'/'-'/'/'/'%'/'<'/'>'/'^'/'|'/'='/'?'/':'
    44 expression -> • expression MUL_ASSIGN expression, yyeof/PTR_OP/INC_OP/DEC_OP/LEFT_OP/RIGHT_OP/LE_OP/GE_OP/EQ_OP/NE_OP/AND_OP/OR_OP/MUL_ASSIGN/DIV_ASSIGN/MOD_ASSIGN/ADD_ASSIGN/SUB_ASSIGN/LEFT_ASSIGN/RIGHT_ASSIGN/AND_ASSIGN/XOR_ASSIGN/OR_ASSIGN/'('/')'/'['/']'/'.'/','/'&'/'*'/'+'/'-'/'/'/'%'/'<'/'>'/'^'/'|'/'='/'?'/':'
    45 expression -> • expression DIV_ASSIGN expression, yyeof/PTR_OP/INC_OP/DEC_OP/LEFT_OP/RIGHT_OP/LE_OP/GE_OP/EQ_OP/NE_OP/AND_OP/OR_OP/MUL_ASSIGN/DIV_ASSIGN/MOD_ASSIGN/ADD_ASSIGN/SUB_ASSIGN/LEFT_ASSIGN/RIGHT_ASSIGN/AND_ASSIGN/XOR_ASSIGN/OR_ASSIGN/'('/')'/'['/']'/'.'/','/'&'/'*'/'+'/'-'/'/'/'%'/'<'/'>'/'^'/'|'/'='/'?'/':'
    46 expression -> • expression MOD_ASSIGN expression, yyeof/PTR_OP/INC_OP/DEC_OP/LEFT_OP/RIGHT_OP/LE_OP/GE_OP/EQ_OP/NE_OP/AND_OP/OR_OP/MUL_ASSIGN/DIV_ASSIGN/MOD_ASSIGN/ADD_ASSIGN/SUB_ASSIGN/LEFT_ASSIGN/RIGHT_ASSIGN/AND_ASSIGN/XOR_ASSIGN/OR_ASSIGN/'('/')'/'['/']'/'.'/','/'&'/'*'/'+'/'-'/'/'/'%'/'<'/'>'/'^'/'|'/'='/'?'/':'
    47 expression -> • expression ADD_ASSIGN expression, yyeof/PTR_OP/INC_OP/DEC_OP/LEFT_OP/RIGHT_OP/LE_OP/GE_OP/EQ_OP/NE_OP/AND_OP/OR_OP/MUL_ASSIGN/DIV_ASSIGN/MOD_ASSIGN/ADD_ASSIGN/SUB_ASSIGN/LEFT_ASSIGN/RIGHT_ASSIGN/AND_ASSIGN/XOR_ASSIGN/OR_ASSIGN/'('/')'/'['/']'/'.'/','/'&'/'*'/'+'/'-'/'/'/'%'/'<'/'>'/'^'/'|'/'='/'?'/':'
    48 expression -> • expression SUB_ASSIGN expression, yyeof/PTR_OP/INC_OP/DEC_OP/LEFT_OP/RIGHT_OP/LE_OP/GE_OP/EQ_OP/NE_OP/AND_OP/OR_OP/MUL_ASSIGN/DIV_ASSIGN/MOD_ASSIGN/ADD_ASSIGN/SUB_ASSIGN/LEFT_ASSIGN/RIGHT_ASSIGN/AND_ASSIGN/XOR_ASSIGN/OR_ASSIGN/'('/')'/'['/']'/'.'/','/'&'/'*'/'+'/'-'/'/'/'%'/'<'/'>'/'^'/'|'/'='/'?'/':'
    49 expression -> • expression LEFT_ASSIGN expression, yyeof/PTR_OP/INC_OP/DEC_OP/LEFT_OP/RIGHT_OP/LE_OP/GE_OP/EQ_OP/NE_OP/AND_OP/OR_OP/MUL_ASSIGN/DIV_ASSIGN/MOD_ASSIGN/ADD_ASSIGN/SUB_ASSIGN/LEFT_ASSIGN/RIGHT_ASSIGN/AND_ASSIGN/XOR_ASSIGN/OR_ASSIGN/'('/')'/'['/']'/'.'/','/'&'/'*'/'+'/'-'/'/'/'%'/'<'/'>'/'^'/'|'/'='/'?'/':'
    50 expression -> • expression RIGHT_ASSIGN expression, yyeof/PTR_OP/INC_OP/DEC_OP/LEFT_OP/RIGHT_OP/LE_OP/GE_OP/EQ_OP/NE_OP/AND_OP/OR_OP/MUL_ASSIGN/DIV_ASSIGN/MOD_ASSIGN/ADD_ASSIGN/SUB_ASSIGN/LEFT_ASSIGN/RIGHT_ASSIGN/AND_ASSIGN/XOR_ASSIGN/OR_ASSIGN/'('/')'/'['/']'/'.'/','/'&'/'*'/'+'/'-'/'/'/'%'/'<'/'>'/'^'/'|'/'='/'?'/':'
    51 expression -> • expression AND_ASSIGN expression, yyeof/PTR_OP/INC_OP/DEC_OP/LEFT_OP/RIGHT_OP/LE_OP/GE_OP/EQ_OP/NE_OP/AND_OP/OR_OP/MUL_ASSIGN/DIV_ASSIGN/MOD_ASSIGN/ADD_ASSIGN/SUB_ASSIGN/LEFT_ASSIGN/RIGHT_ASSIGN/AND_ASSIGN/XOR_ASSIGN/OR_ASSIGN/'('/')'/'['/']'/'.'/','/'&'/'*'/'+'/'-'/'/'/'%'/'<'/'>'/'^'/'|'/'='/'?'/':'
    52 expression -> • expression XOR_ASSIGN expression, yyeof/PTR_OP/INC_OP/DEC_OP/LEFT_OP/RIGHT_OP/LE_OP/GE_OP/EQ_OP/NE_OP/AND_OP/OR_OP/MUL_ASSIGN/DIV_ASSIGN/MOD_ASSIGN/ADD_ASSIGN/SUB_ASSIGN/LEFT_ASSIGN/RIGHT_ASSIGN/AND_ASSIGN/XOR_ASSIGN/OR_ASSIGN/'('/')'/'['/']'/'.'/','/'&'/'*'/'+'/'-'/'/'/'%'/'<'/'>'/'^'/'|'/'='/'?'/':'
    53 expression -> • expression OR_ASSIGN expression, yyeof/PTR_OP/INC_OP/DEC_OP/LEFT_OP/RIGHT_OP/LE_OP/GE_OP/EQ_OP/NE_OP/AND_OP/OR_OP/MUL_ASSIGN/DIV_ASSIGN/MOD_ASSIGN/ADD_ASSIGN/SUB_ASSIGN/LEFT_ASSIGN/RIGHT_ASSIGN/AND_ASSIGN/XOR_ASSIGN/OR_ASSIGN/'('/')'/'['/']'/'.'/','/'&'/'*'/'+'/'-'/'/'/'%'/'<'/'>'/'^'/'|'/'='/'?'/':'
    54 expression -> • expression ',' expression, yyeof/PTR_OP/INC_OP/DEC_OP/LEFT_OP/RIGHT_OP/LE_OP/GE_OP/EQ_OP/NE_OP/AND_OP/OR_OP/MUL_ASSIGN/DIV_ASSIGN/MOD_ASSIGN/ADD_ASSIGN/SUB_ASSIGN/LEFT_ASSIGN/RIGHT_ASSIGN/AND_ASSIGN/XOR_ASSIGN/OR_ASSIGN/'('/')'/'['/']'/'.'/','/'&'/'*'/'+'/'-'/'/'/'%'/'<'/'>'/'^'/'|'/'='/'?'/':'
    55 expression -> • expression '?' expression ':' expression, yyeof/PTR_OP/INC_OP/DEC_OP/LEFT_OP/RIGHT_OP/LE_OP/GE_OP/EQ_OP/NE_OP/AND_OP/OR_OP/MUL_ASSIGN/DIV_ASSIGN/MOD_ASSIGN/ADD_ASSIGN/SUB_ASSIGN/LEFT_ASSIGN/RIGHT_ASSIGN/AND_ASSIGN/XOR_ASSIGN/OR_ASSIGN/'('/')'/'['/']'/'.'/','/'&'/'*'/'+'/'-'/'/'/'%'/'<'/'>'/'^'/'|'/'='/'?'/':'

    IDENTIFIER shift, and go to state 1
    STRING_LITERAL shift, and go to state 2
    CONSTANT shift, and go to state 3
    SIZEOF shift, and go to state 4
    INC_OP shift, and go to state 5
    DEC_OP shift, and go to state 6
    '(' shift, and go to state 9
    '&' shift, and go to state 10
    '*' shift, and go to state 11
    '+' shift, and go to state 12
    '-' shift, and go to state 13
    '~' shift, and go to state 14
    '!' shift, and go to state 15

    expression go to state 71


State 28

    2 expression -> • IDENTIFIER, yyeof/PTR_OP/INC_OP/DEC_OP/LEFT_OP/RIGHT_OP/LE_OP/GE_OP/EQ_OP/NE_OP/AND_OP/OR_OP/MUL_ASSIGN/DIV_ASSIGN/MOD_ASSIGN/ADD_ASSIGN/SUB_ASSIGN/LEFT_ASSIGN/RIGHT_ASSIGN/AND_ASSIGN/XOR_ASSIGN/OR_ASSIGN/'('/')'/'['/']'/'.'/','/'&'/'*'/'+'/'-'/'/'/'%'/'<'/'>'/'^'/'|'/'='/'?'/':'
    3 expression -> • CONSTANT, yyeof/PTR_OP/INC_OP/DEC_OP/LEFT_OP/RIGHT_OP/LE_OP/GE_OP/EQ_OP/NE_OP/AND_OP/OR_OP/MUL_ASSIGN/DIV_ASSIGN/MOD_ASSIGN/ADD_ASSIGN/SUB_ASSIGN/LEFT_ASSIGN/RIGHT_ASSIGN/AND_ASSIGN/XOR_ASSIGN/OR_ASSIGN/'('/')'/'['/']'/'.'/','/'&'/'*'/'+'/'-'/'/'/'%'/'<'/'>'/'^'/'|'/'='/'?'/':'
    4 expression -> • STRING_LITERAL, yyeof/PTR_OP/INC_OP/DEC_OP/LEFT_OP/RIGHT_OP/LE_OP/GE_OP/EQ_OP/NE_OP/AND_OP/OR_OP/MUL_ASSIGN/DIV_ASSIGN/MOD_ASSIGN/ADD_ASSIGN/SUB_ASSIGN/LEFT_ASSIGN/RIGHT_ASSIGN/AND_ASSIGN/XOR_ASSIGN/OR_ASSIGN/'('/')'/'['/']'/'.'/','/'&'/'*'/'+'/'-'/'/'/'%'/'<'/'>'/'^'/'|'/'='/'?'/':'
    5 expression -> • '(' expression ')', yyeof/PTR_OP/INC_OP/DEC_OP/LEFT_OP/RIGHT_OP/LE_OP/GE_OP/EQ_OP/NE_OP/AND_OP/OR_OP/MUL_ASSIGN/DIV_ASSIGN/MOD_ASSIGN/ADD_ASSIGN/SUB_ASSIGN/LEFT_ASSIGN/RIGHT_ASSIGN/AND_ASSIGN/XOR_ASSIGN/OR_ASSIGN/'('/')'/'['/']'/'.'/','/'&'/'*'/'+'/'-'/'/'/'%'/'<'/'>'/'^'/'|'/'='/'?'/':'
    6 expression -> • expression '[' expression ']', yyeof/PTR_OP/INC_OP/DEC_OP/LEFT_OP/RIGHT_OP/LE_OP/GE_OP/EQ_OP/NE_OP/AND_OP/OR_OP/MUL_ASSIGN/DIV_ASSIGN/MOD_ASSIGN/ADD_ASSIGN/SUB_ASSIGN/LEFT_ASSIGN/RIGHT_ASSIGN/AND_ASSIGN/XOR_ASSIGN/OR_ASSIGN/'('/')'/'['/']'/'.'/','/'&'/'*'/'+'/'-'/'/'/'%'/'<'/'>'/'^'/'|'/'='/'?'/':'
    7 expression -> • expression '(' ')', yyeof/PTR_OP/INC_OP/DEC_OP/LEFT_OP/RIGHT_OP/LE_OP/GE_OP/EQ_OP/NE_OP/AND_OP/OR_OP/MUL_ASSIGN/DIV_ASSIGN/MOD_ASSIGN/ADD_ASSIGN/SUB_ASSIGN/LEFT_ASSIGN/RIGHT_ASSIGN/AND_ASSIGN/XOR_ASSIGN/OR_ASSIGN/'('/')'/'['/']'/'.'/','/'&'/'*'/'+'/'-'/'/'/'%'/'<'/'>'/'^'/'|'/'='/'?'/':'
    8 expression -> • expression '(' expression ')', yyeof/PTR_OP/INC_OP/DEC_OP/LEFT_OP/RIGHT_OP/LE_OP/GE_OP/EQ_OP/NE_OP/AND_OP/OR_OP/MUL_ASSIGN/DIV_ASSIGN/MOD_ASSIGN/ADD_ASSIGN/SUB_ASSIGN/LEFT_ASSIGN/RIGHT_ASSIGN/AND_ASSIGN/XOR_ASSIGN/OR_ASSIGN/'('/')'/'['/']'/'.'/','/'&'/'*'/'+'/'-'/'/'/'%'/'<'/'>'/'^'/'|'/'='/'?'/':'
    9 expression -> • expression '.' IDENTIFIER, yyeof/PTR_OP/INC_OP/DEC_OP/LEFT_OP/RIGHT_OP/LE_OP/GE_OP/EQ_OP/NE_OP/AND_OP/OR_OP/MUL_ASSIGN/DIV_ASSIGN/MOD_ASSIGN/ADD_ASSIGN/SUB_ASSIGN/LEFT_ASSIGN/RIGHT_ASSIGN/AND_ASSIGN/XOR_ASSIGN/OR_ASSIGN/'('/')'/'['/']'/'.'/','/'&'/'*'/'+'/'-'/'/'/'%'/'<'/'>'/'^'/'|'/'='/'?'/':'
    10 expression -> • expression PTR_OP IDENTIFIER, yyeof/PTR_OP/INC_OP/DEC_OP/LEFT_OP/RIGHT_OP/LE_OP/GE_OP/EQ_OP/NE_OP/AND_OP/OR_OP/MUL_ASSIGN/DIV_ASSIGN/MOD_ASSIGN/ADD_ASSIGN/SUB_ASSIGN/LEFT_ASSIGN/RIGHT_ASSIGN/AND_ASSIGN/XOR_ASSIGN/OR_ASSIGN/'('/')'/'['/']'/'.'/','/'&'/'*'/'+'/'-'/'/'/'%'/'<'/'>'/'^'/'|'/'='/'?'/':'
    11 expression -> • expression INC_OP, yyeof/PTR_OP/INC_OP/DEC_OP/LEFT_OP/RIGHT_OP/LE_OP/GE_OP/EQ_OP/NE_OP/AND_OP/OR_OP/MUL_ASSIGN/DIV_ASSIGN/MOD_ASSIGN/ADD_ASSIGN/SUB_ASSIGN/LEFT_ASSIGN/RIGHT_ASSIGN/AND_ASSIGN/XOR_ASSIGN/OR_ASSIGN/'('/')'/'['/']'/'.'/','/'&'/'*'/'+'/'-'/'/'/'%'/'<'/'>'/'^'/'|'/'='/'?'/':'
    12 expression -> • expression DEC_OP, yyeof/PTR_OP/INC_OP/DEC_OP/LEFT_OP/RIGHT_OP/LE_OP/GE_OP/EQ_OP/NE_OP/AND_OP/OR_OP/MUL_ASSIGN/DIV_ASSIGN/MOD_ASSIGN/ADD_ASSIGN/SUB_ASSIGN/LEFT_ASSIGN/RIGHT_ASSIGN/AND_ASSIGN/XOR_ASSIGN/OR_ASSIGN/'('/')'/'['/']'/'.'/','/'&'/'*'/'+'/'-'/'/'/'%'/'<'/'>'/'^'/'|'/'='/'?'/':'
    13 expression -> • expression ',' expression, yyeof/PTR_OP/INC_OP/DEC_OP/LEFT_OP/RIGHT_OP/LE_OP/GE_OP/EQ_OP/NE_OP/AND_OP/OR_OP/MUL_ASSIGN/DIV_ASSIGN/MOD_ASSIGN/ADD_ASSIGN/SUB_ASSIGN/LEFT_ASSIGN/RIGHT_ASSIGN/AND_ASSIGN/XOR_ASSIGN/OR_ASSIGN/'('/')'/'['/']'/'.'/','/'&'/'*'/'+'/'-'/'/'/'%'/'<'/'>'/'^'/'|'/'='/'?'/':'
    14 expression -> • INC_OP expression, yyeof/PTR_OP/INC_OP/DEC_OP/LEFT_OP/RIGHT_OP/LE_OP/GE_OP/EQ_OP/NE_OP/AND_OP/OR_OP/MUL_ASSIGN/DIV_ASSIGN/MOD_ASSIGN/ADD_ASSIGN/SUB_ASSIGN/LEFT_ASSIGN/RIGHT_ASSIGN/AND_ASSIGN/XOR_ASSIGN/OR_ASSIGN/'('/')'/'['/']'/'.'/','/'&'/'*'/'+'/'-'/'/'/'%'/'<'/'>'/'^'/'|'/'='/'?'/':'
    15 expression -> • DEC_OP expression, yyeof/PTR_OP/INC_OP/DEC_OP/LEFT_OP/RIGHT_OP/LE_OP/GE_OP/EQ_OP/NE_OP/AND_OP/OR_OP/MUL_ASSIGN/DIV_ASSIGN/MOD_ASSIGN/ADD_ASSIGN/SUB_ASSIGN/LEFT_ASSIGN/RIGHT_ASSIGN/AND_ASSIGN/XOR_ASSIGN/OR_ASSIGN/'('/')'/'['/']'/'.'/','/'&'/'*'/'+'/'-'/'/'/'%'/'<'/'>'/'^'/'|'/'='/'?'/':'
    16 expression -> • SIZEOF expression, yyeof/PTR_OP/INC_OP/DEC_OP/LEFT_OP/RIGHT_OP/LE_OP/GE_OP/EQ_OP/NE_OP/AND_OP/OR_OP/MUL_ASSIGN/DIV_ASSIGN/MOD_ASSIGN/ADD_ASSIGN/SUB_ASSIGN/LEFT_ASSIGN/RIGHT_ASSIGN/AND_ASSIGN/XOR_ASSIGN/OR_ASSIGN/'('/')'/'['/']'/'.'/','/'&'/'*'/'+'/'-'/'/'/'%'/'<'/'>'/'^'/'|'/'='/'?'/':'
    17 expression -> • SIZEOF '(' type_name ')', yyeof/PTR_OP/INC_OP/DEC_OP/LEFT_OP/RIGHT_OP/LE_OP/GE_OP/EQ_OP/NE_OP/AND_OP/OR_OP/MUL_ASSIGN/DIV_ASSIGN/MOD_ASSIGN/ADD_ASSIGN/SUB_ASSIGN/LEFT_ASSIGN/RIGHT_ASSIGN/AND_ASSIGN/XOR_ASSIGN/OR_ASSIGN/'('/')'/'['/']'/'.'/','/'&'/'*'/'+'/'-'/'/'/'%'/'<'/'>'/'^'/'|'/'='/'?'/':'
    18 expression -> • '(' type_name ')' expression, yyeof/PTR_OP/INC_OP/DEC_OP/LEFT_OP/RIGHT_OP/LE_OP/GE_OP/EQ_OP/NE_OP/AND_OP/OR_OP/MUL_ASSIGN/DIV_ASSIGN/MOD_ASSIGN/ADD_ASSIGN/SUB_ASSIGN/LEFT_ASSIGN/RIGHT_ASSIGN/AND_ASSIGN/XOR_ASSIGN/OR_ASSIGN/'('/')'/'['/']'/'.'/','/'&'/'*'/'+'/'-'/'/'/'%'/'<'/'>'/'^'/'|'/'='/'?'/':'
    19 expression -> • '&' expression, yyeof/PTR_OP/INC_OP/DEC_OP/LEFT_OP/RIGHT_OP/LE_OP/GE_OP/EQ_OP/NE_OP/AND_OP/OR_OP/MUL_ASSIGN/DIV_ASSIGN/MOD_ASSIGN/ADD_ASSIGN/SUB_ASSIGN/LEFT_ASSIGN/RIGHT_ASSIGN/AND_ASSIGN/XOR_ASSIGN/OR_ASSIGN/'('/')'/'['/']'/'.'/','/'&'/'*'/'+'/'-'/'/'/'%'/'<'/'>'/'^'/'|'/'='/'?'/':'
    20 expression -> • '*' expression, yyeof/PTR_OP/INC_OP/DEC_OP/LEFT_OP/RIGHT_OP/LE_OP/GE_OP/EQ_OP/NE_OP/AND_OP/OR_OP/MUL_ASSIGN/DIV_ASSIGN/MOD_ASSIGN/ADD_ASSIGN/SUB_ASSIGN/LEFT_ASSIGN/RIGHT_ASSIGN/AND_ASSIGN/XOR_ASSIGN/OR_ASSIGN/'('/')'/'['/']'/'.'/','/'&'/'*'/'+'/'-'/'/'/'%'/'<'/'>'/'^'/'|'/'='/'?'/':'
    21 expression -> • '+' expression, yyeof/PTR_OP/INC_OP/DEC_OP/LEFT_OP/RIGHT_OP/LE_OP/GE_OP/EQ_OP/NE_OP/AND_OP/OR_OP/MUL_ASSIGN/DIV_ASSIGN/MOD_ASSIGN/ADD_ASSIGN/SUB_ASSIGN/LEFT_ASSIGN/RIGHT_ASSIGN/AND_ASSIGN/XOR_ASSIGN/OR_ASSIGN/'('/')'/'['/']'/'.'/','/'&'/'*'/'+'/'-'/'/'/'%'/'<'/'>'/'^'/'|'/'='/'?'/':'
    22 expression -> • '-' expression, yyeof/PTR_OP/INC_OP/DEC_OP/LEFT_OP/RIGHT_OP/LE_OP/GE_OP/EQ_OP/NE_OP/AND_OP/OR_OP/MUL_ASSIGN/DIV_ASSIGN/MOD_ASSIGN/ADD_ASSIGN/SUB_ASSIGN/LEFT_ASSIGN/RIGHT_ASSIGN/AND_ASSIGN/XOR_ASSIGN/OR_ASSIGN/'('/')'/'['/']'/'.'/','/'&'/'*'/'+'/'-'/'/'/'%'/'<'/'>'/'^'/'|'/'='/'?'/':'
    23 expression -> • '~' expression, yyeof/PTR_OP/INC_OP/DEC_OP/LEFT_OP/RIGHT_OP/LE_OP/GE_OP/EQ_OP/NE_OP/AND_OP/OR_OP/MUL_ASSIGN/DIV_ASSIGN/MOD_ASSIGN/ADD_ASSIGN/SUB_ASSIGN/LEFT_ASSIGN/RIGHT_ASSIGN/AND_ASSIGN/XOR_ASSIGN/OR_ASSIGN/'('/')'/'['/']'/'.'/','/'&'/'*'/'+'/'-'/'/'/'%'/'<'/'>'/'^'/'|'/'='/'?'/':'
    24 expression -> • '!' expression, yyeof/PTR_OP/INC_OP/DEC_OP/LEFT_OP/RIGHT_OP/LE_OP/GE_OP/EQ_OP/NE_OP/AND_OP/OR_OP/MUL_ASSIGN/DIV_ASSIGN/MOD_ASSIGN/ADD_ASSIGN/SUB_ASSIGN/LEFT_ASSIGN/RIGHT_ASSIGN/AND_ASSIGN/XOR_ASSIGN/OR_ASSIGN/'('/')'/'['/']'/'.'/','/'&'/'*'/'+'/'-'/'/'/'%'/'<'/'>'/'^'/'|'/'='/'?'/':'
    25 expression -> • expression '+' expression, yyeof/PTR_OP/INC_OP/DEC_OP/LEFT_OP/RIGHT_OP/LE_OP/GE_OP/EQ_OP/NE_OP/AND_OP/OR_OP/MUL_ASSIGN/DIV_ASSIGN/MOD_ASSIGN/ADD_ASSIGN/SUB_ASSIGN/LEFT_ASSIGN/RIGHT_ASSIGN/AND_ASSIGN/XOR_ASSIGN/OR_ASSIGN/'('/')'/'['/']'/'.'/','/'&'/'*'/'+'/'-'/'/'/'%'/'<'/'>'/'^'/'|'/'='/'?'/':'
    26 expression -> • expression '-' expression, yyeof/PTR_OP/INC_OP/DEC_OP/LEFT_OP/RIGHT_OP/LE_OP/GE_OP/EQ_OP/NE_OP/AND_OP/OR_OP/MUL_ASSIGN/DIV_ASSIGN/MOD_ASSIGN/ADD_ASSIGN/SUB_ASSIGN/LEFT_ASSIGN/RIGHT_ASSIGN/AND_ASSIGN/XOR_ASSIGN/OR_ASSIGN/'('/')'/'['/']'/'.'/','/'&'/'*'/'+'/'-'/'/'/'%'/'<'/'>'/'^'/'|'/'='/'?'/':'
    27 expression -> • expression '*' expression, yyeof/PTR_OP/INC_OP/DEC_OP/LEFT_OP/RIGHT_OP/LE_OP/GE_OP/EQ_OP/NE_OP/AND_OP/OR_OP/MUL_ASSIGN/DIV_ASSIGN/MOD_ASSIGN/ADD_ASSIGN/SUB_ASSIGN/LEFT_ASSIGN/RIGHT_ASSIGN/AND_ASSIGN/XOR_ASSIGN/OR_ASSIGN/'('/')'/'['/']'/'.'/','/'&'/'*'/'+'/'-'/'/'/'%'/'<'/'>'/'^'/'|'/'='/'?'/':'
    28 expression -> • expression '/' expression, yyeof/PTR_OP/INC_OP/DEC_OP/LEFT_OP/RIGHT_OP/LE_OP/GE_OP/EQ_OP/NE_OP/AND_OP/OR_OP/MUL_ASSIGN/DIV_ASSIGN/MOD_ASSIGN/ADD_ASSIGN/SUB_ASSIGN/LEFT_ASSIGN/RIGHT_ASSIGN/AND_ASSIGN/XOR_ASSIGN/OR_ASSIGN/'('/')'/'['/']'/'.'/','/'&'/'*'/'+'/'-'/'/'/'%'/'<'/'>'/'^'/'|'/'='/'?'/':'
    29 expression -> • expression '%' expression, yyeof/PTR_OP/INC_OP/DEC_OP/LEFT_OP/RIGHT_OP/LE_OP/GE_OP/EQ_OP/NE_OP/AND_OP/OR_OP/MUL_ASSIGN/DIV_ASSIGN/MOD_ASSIGN/ADD_ASSIGN/SUB_ASSIGN/LEFT_ASSIGN/RIGHT_ASSIGN/AND_ASSIGN/XOR_ASSIGN/OR_ASSIGN/'('/')'/'['/']'/'.'/','/'&'/'*'/'+'/'-'/'/'/'%'/'<'/'>'/'^'/'|'/'='/'?'/':'
    30 expression -> • expression LEFT_OP expression, yyeof/PTR_OP/INC_OP/DEC_OP/LEFT_OP/RIGHT_OP/LE_OP/GE_OP/EQ_OP/NE_OP/AND_OP/OR_OP/MUL_ASSIGN/DIV_ASSIGN/MOD_ASSIGN/ADD_ASSIGN/SUB_ASSIGN/LEFT_ASSIGN/RIGHT_ASSIGN/AND_ASSIGN/XOR_ASSIGN/OR_ASSIGN/'('/')'/'['/']'/'.'/','/'&'/'*'/'+'/'-'/'/'/'%'/'<'/'>'/'^'/'|'/'='/'?'/':'
    31 expression -> • expression RIGHT_OP expression, yyeof/PTR_OP/INC_OP/DEC_OP/LEFT_OP/RIGHT_OP/LE_OP/GE_OP/EQ_OP/NE_OP/AND_OP/OR_OP/MUL_ASSIGN/DIV_ASSIGN/MOD_ASSIGN/ADD_ASSIGN/SUB_ASSIGN/LEFT_ASSIGN/RIGHT_ASSIGN/AND_ASSIGN/XOR_ASSIGN/OR_ASSIGN/'('/')'/'['/']'/'.'/','/'&'/'*'/'+'/'-'/'/'/'%'/'<'/'>'/'^'/'|'/'='/'?'/':'
    32 expression -> • expression '<' expression, yyeof/PTR_OP/INC_OP/DEC_OP/LEFT_OP/RIGHT_OP/LE_OP/GE_OP/EQ_OP/NE_OP/AND_OP/OR_OP/MUL_ASSIGN/DIV_ASSIGN/MOD_ASSIGN/ADD_ASSIGN/SUB_ASSIGN/LEFT_ASSIGN/RIGHT_ASSIGN/AND_ASSIGN/XOR_ASSIGN/OR_ASSIGN/'('/')'/'['/']'/'.'/','/'&'/'*'/'+'/'-'/'/'/'%'/'<'/'>'/'^'/'|'/'='/'?'/':'
    33 expression -> • expression '>' expression, yyeof/PTR_OP/INC_OP/DEC_OP/LEFT_OP/RIGHT_OP/LE_OP/GE_OP/EQ_OP/NE_OP/AND_OP/OR_OP/MUL_ASSIGN/DIV_ASSIGN/MOD_ASSIGN/ADD_ASSIGN/SUB_ASSIGN/LEFT_ASSIGN/RIGHT_ASSIGN/AND_ASSIGN/XOR_ASSIGN/OR_ASSIGN/'('/')'/'['/']'/'.'/','/'&'/'*'/'+'/'-'/'/'/'%'/'<'/'>'/'^'/'|'/'='/'?'/':'
    34 expression -> • expression LE_OP expression, yyeof/PTR_OP/INC_OP/DEC_OP/LEFT_OP/RIGHT_OP/LE_OP/GE_OP/EQ_OP/NE_OP/AND_OP/OR_OP/MUL_ASSIGN/DIV_ASSIGN/MOD_ASSIGN/ADD_ASSIGN/SUB_ASSIGN/LEFT_ASSIGN/RIGHT_ASSIGN/AND_ASSIGN/XOR_ASSIGN/OR_ASSIGN/'('/')'/'['/']'/'.'/','/'&'/'*'/'+'/'-'/'/'/'%'/'<'/'>'/'^'/'|'/'='/'?'/':'
    35 expression -> • expression GE_OP expression, yyeof/PTR_OP/INC_OP/DEC_OP/LEFT_OP/RIGHT_OP/LE_OP/GE_OP/EQ_OP/NE_OP/AND_OP/OR_OP/MUL_ASSIGN/DIV_ASSIGN/MOD_ASSIGN/ADD_ASSIGN/SUB_ASSIGN/LEFT_ASSIGN/RIGHT_ASSIGN/AND_ASSIGN/XOR_ASSIGN/OR_ASSIGN/'('/')'/'['/']'/'.'/','/'&'/'*'/'+'/'-'/'/'/'%'/'<'/'>'/'^'/'|'/'='/'?'/':'
    36 expression -> • expression EQ_OP expression, yyeof/PTR_OP/INC_OP/DEC_OP/LEFT_OP/RIGHT_OP/LE_OP/GE_OP/EQ_OP/NE_OP/AND_OP/OR_OP/MUL_ASSIGN/DIV_ASSIGN/MOD_ASSIGN/ADD_ASSIGN/SUB_ASSIGN/LEFT_ASSIGN/RIGHT_ASSIGN/AND_ASSIGN/XOR_ASSIGN/OR_ASSIGN/'('/')'/'['/']'/'.'/','/'&'/'*'/'+'/'-'/'/'/'%'/'<'/'>'/'^'/'|'/'='/'?'/':'
    37 expression -> • expression NE_OP expression, yyeof/PTR_OP/INC_OP/DEC_OP/LEFT_OP/RIGHT_OP/LE_OP/GE_OP/EQ_OP/NE_OP/AND_OP/OR_OP/MUL_ASSIGN/DIV_ASSIGN/MOD_ASSIGN/ADD_ASSIGN/SUB_ASSIGN/LEFT_ASSIGN/RIGHT_ASSIGN/AND_ASSIGN/XOR_ASSIGN/OR_ASSIGN/'('/')'/'['/']'/'.'/','/'&'/'*'/'+'/'-'/'/'/'%'/'<'/'>'/'^'/'|'/'='/'?'/':'
    37 expression -> expression NE_OP • expression, yyeof/PTR_OP/INC_OP/DEC_OP/LEFT_OP/RIGHT_OP/LE_OP/GE_OP/EQ_OP/NE_OP/AND_OP/OR_OP/MUL_ASSIGN/DIV_ASSIGN/MOD_ASSIGN/ADD_ASSIGN/SUB_ASSIGN/LEFT_ASSIGN/RIGHT_ASSIGN/AND_ASSIGN/XOR_ASSIGN/OR_ASSIGN/'('/')'/'['/']'/'.'/','/'&'/'*'/'+'/'-'/'/'/'%'/'<'/'>'/'^'/'|'/'='/'?'/':'
    38 expression -> • expression '&' expression, yyeof/PTR_OP/INC_OP/DEC_OP/LEFT_OP/RIGHT_OP/LE_OP/GE_OP/EQ_OP/NE_OP/AND_OP/OR_OP/MUL_ASSIGN/DIV_ASSIGN/MOD_ASSIGN/ADD_ASSIGN/SUB_ASSIGN/LEFT_ASSIGN/RIGHT_ASSIGN/AND_ASSIGN/XOR_ASSIGN/OR_ASSIGN/'('/')'/'['/']'/'.'/','/'&'/'*'/'+'/'-'/'/'/'%'/'<'/'>'/'^'/'|'/'='/'?'/':'
    39 expression -> • expression '^' expression, yyeof/PTR_OP/INC_OP/DEC_OP/LEFT_OP/RIGHT_OP/LE_OP/GE_OP/EQ_OP/NE_OP/AND_OP/OR_OP/MUL_ASSIGN/DIV_ASSIGN/MOD_ASSIGN/ADD_ASSIGN/SUB_ASSIGN/LEFT_ASSIGN/RIGHT_ASSIGN/AND_ASSIGN/XOR_ASSIGN/OR_ASSIGN/'('/')'/'['/']'/'.'/','/'&'/'*'/'+'/'-'/'/'/'%'/'<'/'>'/'^'/'|'/'='/'?'/':'
    40 expression -> • expression '|' expression, yyeof/PTR_OP/INC_OP/DEC_OP/LEFT_OP/RIGHT_OP/LE_OP/GE_OP/EQ_OP/NE_OP/AND_OP/OR_OP/MUL_ASSIGN/DIV_ASSIGN/MOD_ASSIGN/ADD_ASSIGN/SUB_ASSIGN/LEFT_ASSIGN/RIGHT_ASSIGN/AND_ASSIGN/XOR_ASSIGN/OR_ASSIGN/'('/')'/'['/']'/'.'/','/'&'/'*'/'+'/'-'/'/'/'%'/'<'/'>'/'^'/'|'/'='/'?'/':'
    41 expression -> • expression AND_OP expression, yyeof/PTR_OP/INC_OP/DEC_OP/LEFT_OP/RIGHT_OP/LE_OP/GE_OP/EQ_OP/NE_OP/AND_OP/OR_OP/MUL_ASSIGN/DIV_ASSIGN/MOD_ASSIGN/ADD_ASSIGN/SUB_ASSIGN/LEFT_ASSIGN/RIGHT_ASSIGN/AND_ASSIGN/XOR_ASSIGN/OR_ASSIGN/'('/')'/'['/']'/'.'/','/'&'/'*'/'+'/'-'/'/'/'%'/'<'/'>'/'^'/'|'/'='/'?'/':'
    42 expression -> • expression OR_OP expression, yyeof/PTR_OP/INC_OP/DEC_OP/LEFT_OP/RIGHT_OP/LE_OP/GE_OP/EQ_OP/NE_OP/AND_OP/OR_OP/MUL_ASSIGN/DIV_ASSIGN/MOD_ASSIGN/ADD_ASSIGN/SUB_ASSIGN/LEFT_ASSIGN/RIGHT_ASSIGN/AND_ASSIGN/XOR_ASSIGN/OR_ASSIGN/'('/')'/'['/']'/'.'/','/'&'/'*'/'+'/'-'/'/'/'%'/'<'/'>'/'^'/'|'/'='/'?'/':'
    43 expression -> • expression '=' expression, yyeof/PTR_OP/INC_OP/DEC_OP/LEFT_OP/RIGHT_OP/LE_OP/GE_OP/EQ_OP/NE_OP/AND_OP/OR_OP/MUL_ASSIGN/DIV_ASSIGN/MOD_ASSIGN/ADD_ASSIGN/SUB_ASSIGN/LEFT_ASSIGN/RIGHT_ASSIGN/AND_ASSIGN/XOR_ASSIGN/OR_ASSIGN/'('/')'/'['/']'/'.'/','/'&'/'*'/'+'/'-'/'/'/'%'/'<'/'>'/'^'/'|'/'='/'?'/':'
    44 expression -> • expression MUL_ASSIGN expression, yyeof/PTR_OP/INC_OP/DEC_OP/LEFT_OP/RIGHT_OP/LE_OP/GE_OP/EQ_OP/NE_OP/AND_OP/OR_OP/MUL_ASSIGN/DIV_ASSIGN/MOD_ASSIGN/ADD_ASSIGN/SUB_ASSIGN/LEFT_ASSIGN/RIGHT_ASSIGN/AND_ASSIGN/XOR_ASSIGN/OR_ASSIGN/'('/')'/'['/']'/'.'/','/'&'/'*'/'+'/'-'/'/'/'%'/'<'/'>'/'^'/'|'/'='/'?'/':'
    45 expression -> • expression DIV_ASSIGN expression, yyeof/PTR_OP/INC_OP/DEC_OP/LEFT_OP/RIGHT_OP/LE_OP/GE_OP/EQ_OP/NE_OP/AND_OP/OR_OP/MUL_ASSIGN/DIV_ASSIGN/MOD_ASSIGN/ADD_ASSIGN/SUB_ASSIGN/LEFT_ASSIGN/RIGHT_ASSIGN/AND_ASSIGN/XOR_ASSIGN/OR_ASSIGN/'('/')'/'['/']'/'.'/','/'&'/'*'/'+'/'-'/'/'/'%'/'<'/'>'/'^'/'|'/'='/'?'/':'
    46 expression -> • expression MOD_ASSIGN expression, yyeof/PTR_OP/INC_OP/DEC_OP/LEFT_OP/RIGHT_OP/LE_OP/GE_OP/EQ_OP/NE_OP/AND_OP/OR_OP/MUL_ASSIGN/DIV_ASSIGN/MOD_ASSIGN/ADD_ASSIGN/SUB_ASSIGN/LEFT_ASSIGN/RIGHT_ASSIGN/AND_ASSIGN/XOR_ASSIGN/OR_ASSIGN/'('/')'/'['/']'/'.'/','/'&'/'*'/'+'/'-'/'/'/'%'/'<'/'>'/'^'/'|'/'='/'?'/':'
    47 expression -> • expression ADD_ASSIGN expression, yyeof/PTR_OP/INC_OP/DEC_OP/LEFT_OP/RIGHT_OP/LE_OP/GE_OP/EQ_OP/NE_OP/AND_OP/OR_OP/MUL_ASSIGN/DIV_ASSIGN/MOD_ASSIGN/ADD_ASSIGN/SUB_ASSIGN/LEFT_ASSIGN/RIGHT_ASSIGN/AND_ASSIGN/XOR_ASSIGN/OR_ASSIGN/'('/')'/'['/']'/'.'/','/'&'/'*'/'+'/'-'/'/'/'%'/'<'/'>'/'^'/'|'/'='/'?'/':'
    48 expression -> • expression SUB_ASSIGN expression, yyeof/PTR_OP/INC_OP/DEC_OP/LEFT_OP/RIGHT_OP/LE_OP/GE_OP/EQ_OP/NE_OP/AND_OP/OR_OP/MUL_ASSIGN/DIV_ASSIGN/MOD_ASSIGN/ADD_ASSIGN/SUB_ASSIGN/LEFT_ASSIGN/RIGHT_ASSIGN/AND_ASSIGN/XOR_ASSIGN/OR_ASSIGN/'('/')'/'['/']'/'.'/','/'&'/'*'/'+'/'-'/'/'/'%'/'<'/'>'/'^'/'|'/'='/'?'/':'
    49 expression -> • expression LEFT_ASSIGN expression, yyeof/PTR_OP/INC_OP/DEC_OP/LEFT_OP/RIGHT_OP/LE_OP/GE_OP/EQ_OP/NE_OP/AND_OP/OR_OP/MUL_ASSIGN/DIV_ASSIGN/MOD_ASSIGN/ADD_ASSIGN/SUB_ASSIGN/LEFT_ASSIGN/RIGHT_ASSIGN/AND_ASSIGN/XOR_ASSIGN/OR_ASSIGN/'('/')'/'['/']'/'.'/','/'&'/'*'/'+'/'-'/'/'/'%'/'<'/'>'/'^'/'|'/'='/'?'/':'
    50 expression -> • expression RIGHT_ASSIGN expression, yyeof/PTR_OP/INC_OP/DEC_OP/LEFT_OP/RIGHT_OP/LE_OP/GE_OP/EQ_OP/NE_OP/AND_OP/OR_OP/MUL_ASSIGN/DIV_ASSIGN/MOD_ASSIGN/ADD_ASSIGN/SUB_ASSIGN/LEFT_ASSIGN/RIGHT_ASSIGN/AND_ASSIGN/XOR_ASSIGN/OR_ASSIGN/'('/')'/'['/']'/'.'/','/'&'/'*'/'+'/'-'/'/'/'%'/'<'/'>'/'^'/'|'/'='/'?'/':'
    51 expression -> • expression AND_ASSIGN expression, yyeof/PTR_OP/INC_OP/DEC_OP/LEFT_OP/RIGHT_OP/LE_OP/GE_OP/EQ_OP/NE_OP/AND_OP/OR_OP/MUL_ASSIGN/DIV_ASSIGN/MOD_ASSIGN/ADD_ASSIGN/SUB_ASSIGN/LEFT_ASSIGN/RIGHT_ASSIGN/AND_ASSIGN/XOR_ASSIGN/OR_ASSIGN/'('/')'/'['/']'/'.'/','/'&'/'*'/'+'/'-'/'/'/'%'/'<'/'>'/'^'/'|'/'='/'?'/':'
    52 expression -> • expression XOR_ASSIGN expression, yyeof/PTR_OP/INC_OP/DEC_OP/LEFT_OP/RIGHT_OP/LE_OP/GE_OP/EQ_OP/NE_OP/AND_OP/OR_OP/MUL_ASSIGN/DIV_ASSIGN/MOD_ASSIGN/ADD_ASSIGN/SUB_ASSIGN/LEFT_ASSIGN/RIGHT_ASSIGN/AND_ASSIGN/XOR_ASSIGN/OR_ASSIGN/'('/')'/'['/']'/'.'/','/'&'/'*'/'+'/'-'/'/'/'%'/'<'/'>'/'^'/'|'/'='/'?'/':'
    53 expression -> • expression OR_ASSIGN expression, yyeof/PTR_OP/INC_OP/DEC_OP/LEFT_OP/RIGHT_OP/LE_OP/GE_OP/EQ_OP/NE_OP/AND_OP/OR_OP/MUL_ASSIGN/DIV_ASSIGN/MOD_ASSIGN/ADD_ASSIGN/SUB_ASSIGN/LEFT_ASSIGN/RIGHT_ASSIGN/AND_ASSIGN/XOR_ASSIGN/OR_ASSIGN/'('/')'/'['/']'/'.'/','/'&'/'*'/'+'/'-'/'/'/'%'/'<'/'>'/'^'/'|'/'='/'?'/':'
    54 expression -> • expression ',' expression, yyeof/PTR_OP/INC_OP/DEC_OP/LEFT_OP/RIGHT_OP/LE_OP/GE_OP/EQ_OP/NE_OP/AND_OP/OR_OP/MUL_ASSIGN/DIV_ASSIGN/MOD_ASSIGN/ADD_ASSIGN/SUB_ASSIGN/LEFT_ASSIGN/RIGHT_ASSIGN/AND_ASSIGN/XOR_ASSIGN/OR_ASSIGN/'('/')'/'['/']'/'.'/','/'&'/'*'/'+'/'-'/'/'/'%'/'<'/'>'/'^'/'|'/'='/'?'/':'
    55 expression -> • expression '?' expression ':' expression, yyeof/PTR_OP/INC_OP/DEC_OP/LEFT_OP/RIGHT_OP/LE_OP/GE_OP/EQ_OP/NE_OP/AND_OP/OR_OP/MUL_ASSIGN/DIV_ASSIGN/MOD_ASSIGN/ADD_ASSIGN/SUB_ASSIGN/LEFT_ASSIGN/RIGHT_ASSIGN/AND_ASSIGN/XOR_ASSIGN/OR_ASSIGN/'('/')'/'['/']'/'.'/','/'&'/'*'/'+'/'-'/'/'/'%'/'<'/'>'/'^'/'|'/'='/'?'/':'

    IDENTIFIER shift, and go to state 1
    STRING_LITERAL shift, and go to state 2
    CONSTANT shift, and go to state 3
    SIZEOF shift, and go to state 4
    INC_OP shift, and go to state 5
    DEC_OP shift, and go to state 6
    '(' shift, and go to state 9
    '&' shift, and go to state 10
    '*' shift, and go to state 11
    '+' shift, and go to state 12
    '-' shift, and go to state 13
    '~' shift, and go to state 14
    '!' shift, and go to state 15

    expression go to state 72


State 29

    2 expression -> • IDENTIFIER, yyeof/PTR_OP/INC_OP/DEC_OP/LEFT_OP/RIGHT_OP/LE_OP/GE_OP/EQ_OP/NE_OP/AND_OP/OR_OP/MUL_ASSIGN/DIV_ASSIGN/MOD_ASSIGN/ADD_ASSIGN/SUB_ASSIGN/LEFT_ASSIGN/RIGHT_ASSIGN/AND_ASSIGN/XOR_ASSIGN/OR_ASSIGN/'('/')'/'['/']'/'.'/','/'&'/'*'/'+'/'-'/'/'/'%'/'<'/'>'/'^'/'|'/'='/'?'/':'
    3 expression -> • CONSTANT, yyeof/PTR_OP/INC_OP/DEC_OP/LEFT_OP/RIGHT_OP/LE_OP/GE_OP/EQ_OP/NE_OP/AND_OP/OR_OP/MUL_ASSIGN/DIV_ASSIGN/MOD_ASSIGN/ADD_ASSIGN/SUB_ASSIGN/LEFT_ASSIGN/RIGHT_ASSIGN/AND_ASSIGN/XOR_ASSIGN/OR_ASSIGN/'('/')'/'['/']'/'.'/','/'&'/'*'/'+'/'-'/'/'/'%'/'<'/'>'/'^'/'|'/'='/'?'/':'
    4 expression -> • STRING_LITERAL, yyeof/PTR_OP/INC_OP/DEC_OP/LEFT_OP/RIGHT_OP/LE_OP/GE_OP/EQ_OP/NE_OP/AND_OP/OR_OP/MUL_ASSIGN/DIV_ASSIGN/MOD_ASSIGN/ADD_ASSIGN/SUB_ASSIGN/LEFT_ASSIGN/RIGHT_ASSIGN/AND_ASSIGN/XOR_ASSIGN/OR_ASSIGN/'('/')'/'['/']'/'.'/','/'&'/'*'/'+'/'-'/'/'/'%'/'<'/'>'/'^'/'|'/'='/'?'/':'
    5 expression -> • '(' expression ')', yyeof/PTR_OP/INC_OP/DEC_OP/LEFT_OP/RIGHT_OP/LE_OP/GE_OP/EQ_OP/NE_OP/AND_OP/OR_OP/MUL_ASSIGN/DIV_ASSIGN/MOD_ASSIGN/ADD_ASSIGN/SUB_ASSIGN/LEFT_ASSIGN/RIGHT_ASSIGN/AND_ASSIGN/XOR_ASSIGN/OR_ASSIGN/'('/')'/'['/']'/'.'/','/'&'/'*'/'+'/'-'/'/'/'%'/'<'/'>'/'^'/'|'/'='/'?'/':'
    6 expression -> • expression '[' expression ']', yyeof/PTR_OP/INC_OP/DEC_OP/LEFT_OP/RIGHT_OP/LE_OP/GE_OP/EQ_OP/NE_OP/AND_OP/OR_OP/MUL_ASSIGN/DIV_ASSIGN/MOD_ASSIGN/ADD_ASSIGN/SUB_ASSIGN/LEFT_ASSIGN/RIGHT_ASSIGN/AND_ASSIGN/XOR_ASSIGN/OR_ASSIGN/'('/')'/'['/']'/'.'/','/'&'/'*'/'+'/'-'/'/'/'%'/'<'/'>'/'^'/'|'/'='/'?'/':'
    7 expression -> • expression '(' ')', yyeof/PTR_OP/INC_OP/DEC_OP/LEFT_OP/RIGHT_OP/LE_OP/GE_OP/EQ_OP/NE_OP/AND_OP/OR_OP/MUL_ASSIGN/DIV_ASSIGN/MOD_ASSIGN/ADD_ASSIGN/SUB_ASSIGN/LEFT_ASSIGN/RIGHT_ASSIGN/AND_ASSIGN/XOR_ASSIGN/OR_ASSIGN/'('/')'/'['/']'/'.'/','/'&'/'*'/'+'/'-'/'/'/'%'/'<'/'>'/'^'/'|'/'='/'?'/':'
    8 expression -> • expression '(' expression ')', yyeof/PTR_OP/INC_OP/DEC_OP/LEFT_OP/RIGHT_OP/LE_OP/GE_OP/EQ_OP/NE_OP/AND_OP/OR_OP/MUL_ASSIGN/DIV_ASSIGN/MOD_ASSIGN/ADD_ASSIGN/SUB_ASSIGN/LEFT_ASSIGN/RIGHT_ASSIGN/AND_ASSIGN/XOR_ASSIGN/OR_ASSIGN/'('/')'/'['/']'/'.'/','/'&'/'*'/'+'/'-'/'/'/'%'/'<'/'>'/'^'/'|'/'='/'?'/':'
    9 expression -> • expression '.' IDENTIFIER, yyeof/PTR_OP/INC_OP/DEC_OP/LEFT_OP/RIGHT_OP/LE_OP/GE_OP/EQ_OP/NE_OP/AND_OP/OR_OP/MUL_ASSIGN/DIV_ASSIGN/MOD_ASSIGN/ADD_ASSIGN/SUB_ASSIGN/LEFT_ASSIGN/RIGHT_ASSIGN/AND_ASSIGN/XOR_ASSIGN/OR_ASSIGN/'('/')'/'['/']'/'.'/','/'&'/'*'/'+'/'-'/'/'/'%'/'<'/'>'/'^'/'|'/'='/'?'/':'
    10 expression -> • expression PTR_OP IDENTIFIER, yyeof/PTR_OP/INC_OP/DEC_OP/LEFT_OP/RIGHT_OP/LE_OP/GE_OP/EQ_OP/NE_OP/AND_OP/OR_OP/MUL_ASSIGN/DIV_ASSIGN/MOD_ASSIGN/ADD_ASSIGN/SUB_ASSIGN/LEFT_ASSIGN/RIGHT_ASSIGN/AND_ASSIGN/XOR_ASSIGN/OR_ASSIGN/'('/')'/'['/']'/'.'/','/'&'/'*'/'+'/'-'/'/'/'%'/'<'/'>'/'^'/'|'/'='/'?'/':'
    11 expression -> • expression INC_OP, yyeof/PTR_OP/INC_OP/DEC_OP/LEFT_OP/RIGHT_OP/LE_OP/GE_OP/EQ_OP/NE_OP/AND_OP/OR_OP/MUL_ASSIGN/DIV_ASSIGN/MOD_ASSIGN/ADD_ASSIGN/SUB_ASSIGN/LEFT_ASSIGN/RIGHT_ASSIGN/AND_ASSIGN/XOR_ASSIGN/OR_ASSIGN/'('/')'/'['/']'/'.'/','/'&'/'*'/'+'/'-'/'/'/'%'/'<'/'>'/'^'/'|'/'='/'?'/':'
    12 expression -> • expression DEC_OP, yyeof/PTR_OP/INC_OP/DEC_OP/LEFT_OP/RIGHT_OP/LE_OP/GE_OP/EQ_OP/NE_OP/AND_OP/OR_OP/MUL_ASSIGN/DIV_ASSIGN/MOD_ASSIGN/ADD_ASSIGN/SUB_ASSIGN/LEFT_ASSIGN/RIGHT_ASSIGN/AND_ASSIGN/XOR_ASSIGN/OR_ASSIGN/'('/')'/'['/']'/'.'/','/'&'/'*'/'+'/'-'/'/'/'%'/'<'/'>'/'^'/'|'/'='/'?'/':'
    13 expression -> • expression ',' expression, yyeof/PTR_OP/INC_OP/DEC_OP/LEFT_OP/RIGHT_OP/LE_OP/GE_OP/EQ_OP/NE_OP/AND_OP/OR_OP/MUL_ASSIGN/DIV_ASSIGN/MOD_ASSIGN/ADD_ASSIGN/SUB_ASSIGN/LEFT_ASSIGN/RIGHT_ASSIGN/AND_ASSIGN/XOR_ASSIGN/OR_ASSIGN/'('/')'/'['/']'/'.'/','/'&'/'*'/'+'/'-'/'/'/'%'/'<'/'>'/'^'/'|'/'='/'?'/':'
    14 expression -> • INC_OP expression, yyeof/PTR_OP/INC_OP/DEC_OP/LEFT_OP/RIGHT_OP/LE_OP/GE_OP/EQ_OP/NE_OP/AND_OP/OR_OP/MUL_ASSIGN/DIV_ASSIGN/MOD_ASSIGN/ADD_ASSIGN/SUB_ASSIGN/LEFT_ASSIGN/RIGHT_ASSIGN/AND_ASSIGN/XOR_ASSIGN/OR_ASSIGN/'('/')'/'['/']'/'.'/','/'&'/'*'/'+'/'-'/'/'/'%'/'<'/'>'/'^'/'|'/'='/'?'/':'
    15 expression -> • DEC_OP expression, yyeof/PTR_OP/INC_OP/DEC_OP/LEFT_OP/RIGHT_OP/LE_OP/GE_OP/EQ_OP/NE_OP/AND_OP/OR_OP/MUL_ASSIGN/DIV_ASSIGN/MOD_ASSIGN/ADD_ASSIGN/SUB_ASSIGN/LEFT_ASSIGN/RIGHT_ASSIGN/AND_ASSIGN/XOR_ASSIGN/OR_ASSIGN/'('/')'/'['/']'/'.'/','/'&'/'*'/'+'/'-'/'/'/'%'/'<'/'>'/'^'/'|'/'='/'?'/':'
    16 expression -> • SIZEOF expression, yyeof/PTR_OP/INC_OP/DEC_OP/LEFT_OP/RIGHT_OP/LE_OP/GE_OP/EQ_OP/NE_OP/AND_OP/OR_OP/MUL_ASSIGN/DIV_ASSIGN/MOD_ASSIGN/ADD_ASSIGN/SUB_ASSIGN/LEFT_ASSIGN/RIGHT_ASSIGN/AND_ASSIGN/XOR_ASSIGN/OR_ASSIGN/'('/')'/'['/']'/'.'/','/'&'/'*'/'+'/'-'/'/'/'%'/'<'/'>'/'^'/'|'/'='/'?'/':'
    17 expression -> • SIZEOF '(' type_name ')', yyeof/PTR_OP/INC_OP/DEC_OP/LEFT_OP/RIGHT_OP/LE_OP/GE_OP/EQ_OP/NE_OP/AND_OP/OR_OP/MUL_ASSIGN/DIV_ASSIGN/MOD_ASSIGN/ADD_ASSIGN/SUB_ASSIGN/LEFT_ASSIGN/RIGHT_ASSIGN/AND_ASSIGN/XOR_ASSIGN/OR_ASSIGN/'('/')'/'['/']'/'.'/','/'&'/'*'/'+'/'-'/'/'/'%'/'<'/'>'/'^'/'|'/'='/'?'/':'
    18 expression -> • '(' type_name ')' expression, yyeof/PTR_OP/INC_OP/DEC_OP/LEFT_OP/RIGHT_OP/LE_OP/GE_OP/EQ_OP/NE_OP/AND_OP/OR_OP/MUL_ASSIGN/DIV_ASSIGN/MOD_ASSIGN/ADD_ASSIGN/SUB_ASSIGN/LEFT_ASSIGN/RIGHT_ASSIGN/AND_ASSIGN/XOR_ASSIGN/OR_ASSIGN/'('/')'/'['/']'/'.'/','/'&'/'*'/'+'/'-'/'/'/'%'/'<'/'>'/'^'/'|'/'='/'?'/':'
    19 expression -> • '&' expression, yyeof/PTR_OP/INC_OP/DEC_OP/LEFT_OP/RIGHT_OP/LE_OP/GE_OP/EQ_OP/NE_OP/AND_OP/OR_OP/MUL_ASSIGN/DIV_ASSIGN/MOD_ASSIGN/ADD_ASSIGN/SUB_ASSIGN/LEFT_ASSIGN/RIGHT_ASSIGN/AND_ASSIGN/XOR_ASSIGN/OR_ASSIGN/'('/')'/'['/']'/'.'/','/'&'/'*'/'+'/'-'/'/'/'%'/'<'/'>'/'^'/'|'/'='/'?'/':'
    20 expression -> • '*' expression, yyeof/PTR_OP/INC_OP/DEC_OP/LEFT_OP/RIGHT_OP/LE_OP/GE_OP/EQ_OP/NE_OP/AND_OP/OR_OP/MUL_ASSIGN/DIV_ASSIGN/MOD_ASSIGN/ADD_ASSIGN/SUB_ASSIGN/LEFT_ASSIGN/RIGHT_ASSIGN/AND_ASSIGN/XOR_ASSIGN/OR_ASSIGN/'('/')'/'['/']'/'.'/','/'&'/'*'/'+'/'-'/'/'/'%'/'<'/'>'/'^'/'|'/'='/'?'/':'
    21 expression -> • '+' expression, yyeof/PTR_OP/INC_OP/DEC_OP/LEFT_OP/RIGHT_OP/LE_OP/GE_OP/EQ_OP/NE_OP/AND_OP/OR_OP/MUL_ASSIGN/DIV_ASSIGN/MOD_ASSIGN/ADD_ASSIGN/SUB_ASSIGN/LEFT_ASSIGN/RIGHT_ASSIGN/AND_ASSIGN/XOR_ASSIGN/OR_ASSIGN/'('/')'/'['/']'/'.'/','/'&'/'*'/'+'/'-'/'/'/'%'/'<'/'>'/'^'/'|'/'='/'?'/':'
    22 expression -> • '-' expression, yyeof/PTR_OP/INC_OP/DEC_OP/LEFT_OP/RIGHT_OP/LE_OP/GE_OP/EQ_OP/NE_OP/AND_OP/OR_OP/MUL_ASSIGN/DIV_ASSIGN/MOD_ASSIGN/ADD_ASSIGN/SUB_ASSIGN/LEFT_ASSIGN/RIGHT_ASSIGN/AND_ASSIGN/XOR_ASSIGN/OR_ASSIGN/'('/')'/'['/']'/'.'/','/'&'/'*'/'+'/'-'/'/'/'%'/'<'/'>'/'^'/'|'/'='/'?'/':'
    23 expression -> • '~' expression, yyeof/PTR_OP/INC_OP/DEC_OP/LEFT_OP/RIGHT_OP/LE_OP/GE_OP/EQ_OP/NE_OP/AND_OP/OR_OP/MUL_ASSIGN/DIV_ASSIGN/MOD_ASSIGN/ADD_ASSIGN/SUB_ASSIGN/LEFT_ASSIGN/RIGHT_ASSIGN/AND_ASSIGN/XOR_ASSIGN/OR_ASSIGN/'('/')'/'['/']'/'.'/','/'&'/'*'/'+'/'-'/'/'/'%'/'<'/'>'/'^'/'|'/'='/'?'/':'
    24 expression -> • '!' expression, yyeof/PTR_OP/INC_OP/DEC_OP/LEFT_OP/RIGHT_OP/LE_OP/GE_OP/EQ_OP/NE_OP/AND_OP/OR_OP/MUL_ASSIGN/DIV_ASSIGN/MOD_ASSIGN/ADD_ASSIGN/SUB_ASSIGN/LEFT_ASSIGN/RIGHT_ASSIGN/AND_ASSIGN/XOR_ASSIGN/OR_ASSIGN/'('/')'/'['/']'/'.'/','/'&'/'*'/'+'/'-'/'/'/'%'/'<'/'>'/'^'/'|'/'='/'?'/':'
    25 expression -> • expression '+' expression, yyeof/PTR_OP/INC_OP/DEC_OP/LEFT_OP/RIGHT_OP/LE_OP/GE_OP/EQ_OP/NE_OP/AND_OP/OR_OP/MUL_ASSIGN/DIV_ASSIGN/MOD_ASSIGN/ADD_ASSIGN/SUB_ASSIGN/LEFT_ASSIGN/RIGHT_ASSIGN/AND_ASSIGN/XOR_ASSIGN/OR_ASSIGN/'('/')'/'['/']'/'.'/','/'&'/'*'/'+'/'-'/'/'/'%'/'<'/'>'/'^'/'|'/'='/'?'/':'
    26 expression -> • expression '-' expression, yyeof/PTR_OP/INC_OP/DEC_OP/LEFT_OP/RIGHT_OP/LE_OP/GE_OP/EQ_OP/NE_OP/AND_OP/OR_OP/MUL_ASSIGN/DIV_ASSIGN/MOD_ASSIGN/ADD_ASSIGN/SUB_ASSIGN/LEFT_ASSIGN/RIGHT_ASSIGN/AND_ASSIGN/XOR_ASSIGN/OR_ASSIGN/'('/')'/'['/']'/'.'/','/'&'/'*'/'+'/'-'/'/'/'%'/'<'/'>'/'^'/'|'/'='/'?'/':'
    27 expression -> • expression '*' expression, yyeof/PTR_OP/INC_OP/DEC_OP/LEFT_OP/RIGHT_OP/LE_OP/GE_OP/EQ_OP/NE_OP/AND_OP/OR_OP/MUL_ASSIGN/DIV_ASSIGN/MOD_ASSIGN/ADD_ASSIGN/SUB_ASSIGN/LEFT_ASSIGN/RIGHT_ASSIGN/AND_ASSIGN/XOR_ASSIGN/OR_ASSIGN/'('/')'/'['/']'/'.'/','/'&'/'*'/'+'/'-'/'/'/'%'/'<'/'>'/'^'/'|'/'='/'?'/':'
    28 expression -> • expression '/' expression, yyeof/PTR_OP/INC_OP/DEC_OP/LEFT_OP/RIGHT_OP/LE_OP/GE_OP/EQ_OP/NE_OP/AND_OP/OR_OP/MUL_ASSIGN/DIV_ASSIGN/MOD_ASSIGN/ADD_ASSIGN/SUB_ASSIGN/LEFT_ASSIGN/RIGHT_ASSIGN/AND_ASSIGN/XOR_ASSIGN/OR_ASSIGN/'('/')'/'['/']'/'.'/','/'&'/'*'/'+'/'-'/'/'/'%'/'<'/'>'/'^'/'|'/'='/'?'/':'
    29 expression -> • expression '%' expression, yyeof/PTR_OP/INC_OP/DEC_OP/LEFT_OP/RIGHT_OP/LE_OP/GE_OP/EQ_OP/NE_OP/AND_OP/OR_OP/MUL_ASSIGN/DIV_ASSIGN/MOD_ASSIGN/ADD_ASSIGN/SUB_ASSIGN/LEFT_ASSIGN/RIGHT_ASSIGN/AND_ASSIGN/XOR_ASSIGN/OR_ASSIGN/'('/')'/'['/']'/'.'/','/'&'/'*'/'+'/'-'/'/'/'%'/'<'/'>'/'^'/'|'/'='/'?'/':'
    30 expression -> • expression LEFT_OP expression, yyeof/PTR_OP/INC_OP/DEC_OP/LEFT_OP/RIGHT_OP/LE_OP/GE_OP/EQ_OP/NE_OP/AND_OP/OR_OP/MUL_ASSIGN/DIV_ASSIGN/MOD_ASSIGN/ADD_ASSIGN/SUB_ASSIGN/LEFT_ASSIGN/RIGHT_ASSIGN/AND_ASSIGN/XOR_ASSIGN/OR_ASSIGN/'('/')'/'['/']'/'.'/','/'&'/'*'/'+'/'-'/'/'/'%'/'<'/'>'/'^'/'|'/'='/'?'/':'
    31 expression -> • expression RIGHT_OP expression, yyeof/PTR_OP/INC_OP/DEC_OP/LEFT_OP/RIGHT_OP/LE_OP/GE_OP/EQ_OP/NE_OP/AND_OP/OR_OP/MUL_ASSIGN/DIV_ASSIGN/MOD_ASSIGN/ADD_ASSIGN/SUB_ASSIGN/LEFT_ASSIGN/RIGHT_ASSIGN/AND_ASSIGN/XOR_ASSIGN/OR_ASSIGN/'('/')'/'['/']'/'.'/','/'&'/'*'/'+'/'-'/'/'/'%'/'<'/'>'/'^'/'|'/'='/'?'/':'
    32 expression -> • expression '<' expression, yyeof/PTR_OP/INC_OP/DEC_OP/LEFT_OP/RIGHT_OP/LE_OP/GE_OP/EQ_OP/NE_OP/AND_OP/OR_OP/MUL_ASSIGN/DIV_ASSIGN/MOD_ASSIGN/ADD_ASSIGN/SUB_ASSIGN/LEFT_ASSIGN/RIGHT_ASSIGN/AND_ASSIGN/XOR_ASSIGN/OR_ASSIGN/'('/')'/'['/']'/'.'/','/'&'/'*'/'+'/'-'/'/'/'%'/'<'/'>'/'^'/'|'/'='/'?'/':'
    33 expression -> • expression '>' expression, yyeof/PTR_OP/INC_OP/DEC_OP/LEFT_OP/RIGHT_OP/LE_OP/GE_OP/EQ_OP/NE_OP/AND_OP/OR_OP/MUL_ASSIGN/DIV_ASSIGN/MOD_ASSIGN/ADD_ASSIGN/SUB_ASSIGN/LEFT_ASSIGN/RIGHT_ASSIGN/AND_ASSIGN/XOR_ASSIGN/OR_ASSIGN/'('/')'/'['/']'/'.'/','/'&'/'*'/'+'/'-'/'/'/'%'/'<'/'>'/'^'/'|'/'='/'?'/':'
    34 expression -> • expression LE_OP expression, yyeof/PTR_OP/INC_OP/DEC_OP/LEFT_OP/RIGHT_OP/LE_OP/GE_OP/EQ_OP/NE_OP/AND_OP/OR_OP/MUL_ASSIGN/DIV_ASSIGN/MOD_ASSIGN/ADD_ASSIGN/SUB_ASSIGN/LEFT_ASSIGN/RIGHT_ASSIGN/AND_ASSIGN/XOR_ASSIGN/OR_ASSIGN/'('/')'/'['/']'/'.'/','/'&'/'*'/'+'/'-'/'/'/'%'/'<'/'>'/'^'/'|'/'='/'?'/':'
    35 expression -> • expression GE_OP expression, yyeof/PTR_OP/INC_OP/DEC_OP/LEFT_OP/RIGHT_OP/LE_OP/GE_OP/EQ_OP/NE_OP/AND_OP/OR_OP/MUL_ASSIGN/DIV_ASSIGN/MOD_ASSIGN/ADD_ASSIGN/SUB_ASSIGN/LEFT_ASSIGN/RIGHT_ASSIGN/AND_ASSIGN/XOR_ASSIGN/OR_ASSIGN/'('/')'/'['/']'/'.'/','/'&'/'*'/'+'/'-'/'/'/'%'/'<'/'>'/'^'/'|'/'='/'?'/':'
    36 expression -> • expression EQ_OP expression, yyeof/PTR_OP/INC_OP/DEC_OP/LEFT_OP/RIGHT_OP/LE_OP/GE_OP/EQ_OP/NE_OP/AND_OP/OR_OP/MUL_ASSIGN/DIV_ASSIGN/MOD_ASSIGN/ADD_ASSIGN/SUB_ASSIGN/LEFT_ASSIGN/RIGHT_ASSIGN/AND_ASSIGN/XOR_ASSIGN/OR_ASSIGN/'('/')'/'['/']'/'.'/','/'&'/'*'/'+'/'-'/'/'/'%'/'<'/'>'/'^'/'|'/'='/'?'/':'
    37 expression -> • expression NE_OP expression, yyeof/PTR_OP/INC_OP/DEC_OP/LEFT_OP/RIGHT_OP/LE_OP/GE_OP/EQ_OP/NE_OP/AND_OP/OR_OP/MUL_ASSIGN/DIV_ASSIGN/MOD_ASSIGN/ADD_ASSIGN/SUB_ASSIGN/LEFT_ASSIGN/RIGHT_ASSIGN/AND_ASSIGN/XOR_ASSIGN/OR_ASSIGN/'('/')'/'['/']'/'.'/','/'&'/'*'/'+'/'-'/'/'/'%'/'<'/'>'/'^'/'|'/'='/'?'/':'
    38 expression -> • expression '&' expression, yyeof/PTR_OP/INC_OP/DEC_OP/LEFT_OP/RIGHT_OP/LE_OP/GE_OP/EQ_OP/NE_OP/AND_OP/OR_OP/MUL_ASSIGN/DIV_ASSIGN/MOD_ASSIGN/ADD_ASSIGN/SUB_ASSIGN/LEFT_ASSIGN/RIGHT_ASSIGN/AND_ASSIGN/XOR_ASSIGN/OR_ASSIGN/'('/')'/'['/']'/'.'/','/'&'/'*'/'+'/'-'/'/'/'%'/'<'/'>'/'^'/'|'/'='/'?'/':'
    39 expression -> • expression '^' expression, yyeof/PTR_OP/INC_OP/DEC_OP/LEFT_OP/RIGHT_OP/LE_OP/GE_OP/EQ_OP/NE_OP/AND_OP/OR_OP/MUL_ASSIGN/DIV_ASSIGN/MOD_ASSIGN/ADD_ASSIGN/SUB_ASSIGN/LEFT_ASSIGN/RIGHT_ASSIGN/AND_ASSIGN/XOR_ASSIGN/OR_ASSIGN/'('/')'/'['/']'/'.'/','/'&'/'*'/'+'/'-'/'/'/'%'/'<'/'>'/'^'/'|'/'='/'?'/':'
    40 expression -> • expression '|' expression, yyeof/PTR_OP/INC_OP/DEC_OP/LEFT_OP/RIGHT_OP/LE_OP/GE_OP/EQ_OP/NE_OP/AND_OP/OR_OP/MUL_ASSIGN/DIV_ASSIGN/MOD_ASSIGN/ADD_ASSIGN/SUB_ASSIGN/LEFT_ASSIGN/RIGHT_ASSIGN/AND_ASSIGN/XOR_ASSIGN/OR_ASSIGN/'('/')'/'['/']'/'.'/','/'&'/'*'/'+'/'-'/'/'/'%'/'<'/'>'/'^'/'|'/'='/'?'/':'
    41 expression -> • expression AND_OP expression, yyeof/PTR_OP/INC_OP/DEC_OP/LEFT_OP/RIGHT_OP/LE_OP/GE_OP/EQ_OP/NE_OP/AND_OP/OR_OP/MUL_ASSIGN/DIV_ASSIGN/MOD_ASSIGN/ADD_ASSIGN/SUB_ASSIGN/LEFT_ASSIGN/RIGHT_ASSIGN/AND_ASSIGN/XOR_ASSIGN/OR_ASSIGN/'('/')'/'['/']'/'.'/','/'&'/'*'/'+'/'-'/'/'/'%'/'<'/'>'/'^'/'|'/'='/'?'/':'
    41 expression -> expression AND_OP • expression, yyeof/PTR_OP/INC_OP/DEC_OP/LEFT_OP/RIGHT_OP/LE_OP/GE_OP/EQ_OP/NE_OP/AND_OP/OR_OP/MUL_ASSIGN/DIV_ASSIGN/MOD_ASSIGN/ADD_ASSIGN/SUB_ASSIGN/LEFT_ASSIGN/RIGHT_ASSIGN/AND_ASSIGN/XOR_ASSIGN/OR_ASSIGN/'('/')'/'['/']'/'.'/','/'&'/'*'/'+'/'-'/'/'/'%'/'<'/'>'/'^'/'|'/'='/'?'/':'
    42 expression -> • expression OR_OP expression, yyeof/PTR_OP/INC_OP/DEC_OP/LEFT_OP/RIGHT_OP/LE_OP/GE_OP/EQ_OP/NE_OP/AND_OP/OR_OP/MUL_ASSIGN/DIV_ASSIGN/MOD_ASSIGN/ADD_ASSIGN/SUB_ASSIGN/LEFT_ASSIGN/RIGHT_ASSIGN/AND_ASSIGN/XOR_ASSIGN/OR_ASSIGN/'('/')'/'['/']'/'.'/','/'&'/'*'/'+'/'-'/'/'/'%'/'<'/'>'/'^'/'|'/'='/'?'/':'
    43 expression -> • expression '=' expression, yyeof/PTR_OP/INC_OP/DEC_OP/LEFT_OP/RIGHT_OP/LE_OP/GE_OP/EQ_OP/NE_OP/AND_OP/OR_OP/MUL_ASSIGN/DIV_ASSIGN/MOD_ASSIGN/ADD_ASSIGN/SUB_ASSIGN/LEFT_ASSIGN/RIGHT_ASSIGN/AND_ASSIGN/XOR_ASSIGN/OR_ASSIGN/'('/')'/'['/']'/'.'/','/'&'/'*'/'+'/'-'/'/'/'%'/'<'/'>'/'^'/'|'/'='/'?'/':'
    44 expression -> • expression MUL_ASSIGN expression, yyeof/PTR_OP/INC_OP/DEC_OP/LEFT_OP/RIGHT_OP/LE_OP/GE_OP/EQ_OP/NE_OP/AND_OP/OR_OP/MUL_ASSIGN/DIV_ASSIGN/MOD_ASSIGN/ADD_ASSIGN/SUB_ASSIGN/LEFT_ASSIGN/RIGHT_ASSIGN/AND_ASSIGN/XOR_ASSIGN/OR_ASSIGN/'('/')'/'['/']'/'.'/','/'&'/'*'/'+'/'-'/'/'/'%'/'<'/'>'/'^'/'|'/'='/'?'/':'
    45 expression -> • expression DIV_ASSIGN expression, yyeof/PTR_OP/INC_OP/DEC_OP/LEFT_OP/RIGHT_OP/LE_OP/GE_OP/EQ_OP/NE_OP/AND_OP/OR_OP/MUL_ASSIGN/DIV_ASSIGN/MOD_ASSIGN/ADD_ASSIGN/SUB_ASSIGN/LEFT_ASSIGN/RIGHT_ASSIGN/AND_ASSIGN/XOR_ASSIGN/OR_ASSIGN/'('/')'/'['/']'/'.'/','/'&'/'*'/'+'/'-'/'/'/'%'/'<'/'>'/'^'/'|'/'='/'?'/':'
    46 expression -> • expression MOD_ASSIGN expression, yyeof/PTR_OP/INC_OP/DEC_OP/LEFT_OP/RIGHT_OP/LE_OP/GE_OP/EQ_OP/NE_OP/AND_OP/OR_OP/MUL_ASSIGN/DIV_ASSIGN/MOD_ASSIGN/ADD_ASSIGN/SUB_ASSIGN/LEFT_ASSIGN/RIGHT_ASSIGN/AND_ASSIGN/XOR_ASSIGN/OR_ASSIGN/'('/')'/'['/']'/'.'/','/'&'/'*'/'+'/'-'/'/'/'%'/'<'/'>'/'^'/'|'/'='/'?'/':'
    47 expression -> • expression ADD_ASSIGN expression, yyeof/PTR_OP/INC_OP/DEC_OP/LEFT_OP/RIGHT_OP/LE_OP/GE_OP/EQ_OP/NE_OP/AND_OP/OR_OP/MUL_ASSIGN/DIV_ASSIGN/MOD_ASSIGN/ADD_ASSIGN/SUB_ASSIGN/LEFT_ASSIGN/RIGHT_ASSIGN/AND_ASSIGN/XOR_ASSIGN/OR_ASSIGN/'('/')'/'['/']'/'.'/','/'&'/'*'/'+'/'-'/'/'/'%'/'<'/'>'/'^'/'|'/'='/'?'/':'
    48 expression -> • expression SUB_ASSIGN expression, yyeof/PTR_OP/INC_OP/DEC_OP/LEFT_OP/RIGHT_OP/LE_OP/GE_OP/EQ_OP/NE_OP/AND_OP/OR_OP/MUL_ASSIGN/DIV_ASSIGN/MOD_ASSIGN/ADD_ASSIGN/SUB_ASSIGN/LEFT_ASSIGN/RIGHT_ASSIGN/AND_ASSIGN/XOR_ASSIGN/OR_ASSIGN/'('/')'/'['/']'/'.'/','/'&'/'*'/'+'/'-'/'/'/'%'/'<'/'>'/'^'/'|'/'='/'?'/':'
    49 expression -> • expression LEFT_ASSIGN expression, yyeof/PTR_OP/INC_OP/DEC_OP/LEFT_OP/RIGHT_OP/LE_OP/GE_OP/EQ_OP/NE_OP/AND_OP/OR_OP/MUL_ASSIGN/DIV_ASSIGN/MOD_ASSIGN/ADD_ASSIGN/SUB_ASSIGN/LEFT_ASSIGN/RIGHT_ASSIGN/AND_ASSIGN/XOR_ASSIGN/OR_ASSIGN/'('/')'/'['/']'/'.'/','/'&'/'*'/'+'/'-'/'/'/'%'/'<'/'>'/'^'/'|'/'='/'?'/':'
    50 expression -> • expression RIGHT_ASSIGN expression, yyeof/PTR_OP/INC_OP/DEC_OP/LEFT_OP/RIGHT_OP/LE_OP/GE_OP/EQ_OP/NE_OP/AND_OP/OR_OP/MUL_ASSIGN/DIV_ASSIGN/MOD_ASSIGN/ADD_ASSIGN/SUB_ASSIGN/LEFT_ASSIGN/RIGHT_ASSIGN/AND_ASSIGN/XOR_ASSIGN/OR_ASSIGN/'('/')'/'['/']'/'.'/','/'&'/'*'/'+'/'-'/'/'/'%'/'<'/'>'/'^'/'|'/'='/'?'/':'
    51 expression -> • expression AND_ASSIGN expression, yyeof/PTR_OP/INC_OP/DEC_OP/LEFT_OP/RIGHT_OP/LE_OP/GE_OP/EQ_OP/NE_OP/AND_OP/OR_OP/MUL_ASSIGN/DIV_ASSIGN/MOD_ASSIGN/ADD_ASSIGN/SUB_ASSIGN/LEFT_ASSIGN/RIGHT_ASSIGN/AND_ASSIGN/XOR_ASSIGN/OR_ASSIGN/'('/')'/'['/']'/'.'/','/'&'/'*'/'+'/'-'/'/'/'%'/'<'/'>'/'^'/'|'/'='/'?'/':'
    52 expression -> • expression XOR_ASSIGN expression, yyeof/PTR_OP/INC_OP/DEC_OP/LEFT_OP/RIGHT_OP/LE_OP/GE_OP/EQ_OP/NE_OP/AND_OP/OR_OP/MUL_ASSIGN/DIV_ASSIGN/MOD_ASSIGN/ADD_ASSIGN/SUB_ASSIGN/LEFT_ASSIGN/RIGHT_ASSIGN/AND_ASSIGN/XOR_ASSIGN/OR_ASSIGN/'('/')'/'['/']'/'.'/','/'&'/'*'/'+'/'-'/'/'/'%'/'<'/'>'/'^'/'|'/'='/'?'/':'
    53 expression -> • expression OR_ASSIGN expression, yyeof/PTR_OP/INC_OP/DEC_OP/LEFT_OP/RIGHT_OP/LE_OP/GE_OP/EQ_OP/NE_OP/AND_OP/OR_OP/MUL_ASSIGN/DIV_ASSIGN/MOD_ASSIGN/ADD_ASSIGN/SUB_ASSIGN/LEFT_ASSIGN/RIGHT_ASSIGN/AND_ASSIGN/XOR_ASSIGN/OR_ASSIGN/'('/')'/'['/']'/'.'/','/'&'/'*'/'+'/'-'/'/'/'%'/'<'/'>'/'^'/'|'/'='/'?'/':'
    54 expression -> • expression ',' expression, yyeof/PTR_OP/INC_OP/DEC_OP/LEFT_OP/RIGHT_OP/LE_OP/GE_OP/EQ_OP/NE_OP/AND_OP/OR_OP/MUL_ASSIGN/DIV_ASSIGN/MOD_ASSIGN/ADD_ASSIGN/SUB_ASSIGN/LEFT_ASSIGN/RIGHT_ASSIGN/AND_ASSIGN/XOR_ASSIGN/OR_ASSIGN/'('/')'/'['/']'/'.'/','/'&'/'*'/'+'/'-'/'/'/'%'/'<'/'>'/'^'/'|'/'='/'?'/':'
    55 expression -> • expression '?' expression ':' expression, yyeof/PTR_OP/INC_OP/DEC_OP/LEFT_OP/RIGHT_OP/LE_OP/GE_OP/EQ_OP/NE_OP/AND_OP/OR_OP/MUL_ASSIGN/DIV_ASSIGN/MOD_ASSIGN/ADD_ASSIGN/SUB_ASSIGN/LEFT_ASSIGN/RIGHT_ASSIGN/AND_ASSIGN/XOR_ASSIGN/OR_ASSIGN/'('/')'/'['/']'/'.'/','/'&'/'*'/'+'/'-'/'/'/'%'/'<'/'>'/'^'/'|'/'='/'?'/':'

    IDENTIFIER shift, and go to state 1
    STRING_LITERAL shift, and go to state 2
    CONSTANT shift, and go to state 3
    SIZEOF shift, and go to state 4
    INC_OP shift, and go to state 5
    DEC_OP shift, and go to state 6
    '(' shift, and go to state 9
    '&' shift, and go to state 10
    '*' shift, and go to state 11
    '+' shift, and go to state 12
    '-' shift, and go to state 13
    '~' shift, and go to state 14
    '!' shift, and go to state 15

    expression go to state 73


State 30

    2 expression -> • IDENTIFIER, yyeof/PTR_OP/INC_OP/DEC_OP/LEFT_OP/RIGHT_OP/LE_OP/GE_OP/EQ_OP/NE_OP/AND_OP/OR_OP/MUL_ASSIGN/DIV_ASSIGN/MOD_ASSIGN/ADD_ASSIGN/SUB_ASSIGN/LEFT_ASSIGN/RIGHT_ASSIGN/AND_ASSIGN/XOR_ASSIGN/OR_ASSIGN/'('/')'/'['/']'/'.'/','/'&'/'*'/'+'/'-'/'/'/'%'/'<'/'>'/'^'/'|'/'='/'?'/':'
    3 expression -> • CONSTANT, yyeof/PTR_OP/INC_OP/DEC_OP/LEFT_OP/RIGHT_OP/LE_OP/GE_OP/EQ_OP/NE_OP/AND_OP/OR_OP/MUL_ASSIGN/DIV_ASSIGN/MOD_ASSIGN/ADD_ASSIGN/SUB_ASSIGN/LEFT_ASSIGN/RIGHT_ASSIGN/AND_ASSIGN/XOR_ASSIGN/OR_ASSIGN/'('/')'/'['/']'/'.'/','/'&'/'*'/'+'/'-'/'/'/'%'/'<'/'>'/'^'/'|'/'='/'?'/':'
    4 expression -> • STRING_LITERAL, yyeof/PTR_OP/INC_OP/DEC_OP/LEFT_OP/RIGHT_OP/LE_OP/GE_OP/EQ_OP/NE_OP/AND_OP/OR_OP/MUL_ASSIGN/DIV_ASSIGN/MOD_ASSIGN/ADD_ASSIGN/SUB_ASSIGN/LEFT_ASSIGN/RIGHT_ASSIGN/AND_ASSIGN/XOR_ASSIGN/OR_ASSIGN/'('/')'/'['/']'/'.'/','/'&'/'*'/'+'/'-'/'/'/'%'/'<'/'>'/'^'/'|'/'='/'?'/':'
    5 expression -> • '(' expression ')', yyeof/PTR_OP/INC_OP/DEC_OP/LEFT_OP/RIGHT_OP/LE_OP/GE_OP/EQ_OP/NE_OP/AND_OP/OR_OP/MUL_ASSIGN/DIV_ASSIGN/MOD_ASSIGN/ADD_ASSIGN/SUB_ASSIGN/LEFT_ASSIGN/RIGHT_ASSIGN/AND_ASSIGN/XOR_ASSIGN/OR_ASSIGN/'('/')'/'['/']'/'.'/','/'&'/'*'/'+'/'-'/'/'/'%'/'<'/'>'/'^'/'|'/'='/'?'/':'
    6 expression -> • expression '[' expression ']', yyeof/PTR_OP/INC_OP/DEC_OP/LEFT_OP/RIGHT_OP/LE_OP/GE_OP/EQ_OP/NE_OP/AND_OP/OR_OP/MUL_ASSIGN/DIV_ASSIGN/MOD_ASSIGN/ADD_ASSIGN/SUB_ASSIGN/LEFT_ASSIGN/RIGHT_ASSIGN/AND_ASSIGN/XOR_ASSIGN/OR_ASSIGN/'('/')'/'['/']'/'.'/','/'&'/'*'/'+'/'-'/'/'/'%'/'<'/'>'/'^'/'|'/'='/'?'/':'
    7 expression -> • expression '(' ')', yyeof/PTR_OP/INC_OP/DEC_OP/LEFT_OP/RIGHT_OP/LE_OP/GE_OP/EQ_OP/NE_OP/AND_OP/OR_OP/MUL_ASSIGN/DIV_ASSIGN/MOD_ASSIGN/ADD_ASSIGN/SUB_ASSIGN/LEFT_ASSIGN/RIGHT_ASSIGN/AND_ASSIGN/XOR_ASSIGN/OR_ASSIGN/'('/')'/'['/']'/'.'/','/'&'/'*'/'+'/'-'/'/'/'%'/'<'/'>'/'^'/'|'/'='/'?'/':'
    8 expression -> • expression '(' expression ')', yyeof/PTR_OP/INC_OP/DEC_OP/LEFT_OP/RIGHT_OP/LE_OP/GE_OP/EQ_OP/NE_OP/AND_OP/OR_OP/MUL_ASSIGN/DIV_ASSIGN/MOD_ASSIGN/ADD_ASSIGN/SUB_ASSIGN/LEFT_ASSIGN/RIGHT_ASSIGN/AND_ASSIGN/XOR_ASSIGN/OR_ASSIGN/'('/')'/'['/']'/'.'/','/'&'/'*'/'+'/'-'/'/'/'%'/'<'/'>'/'^'/'|'/'='/'?'/':'
    9 expression -> • expression '.' IDENTIFIER, yyeof/PTR_OP/INC_OP/DEC_OP/LEFT_OP/RIGHT_OP/LE_OP/GE_OP/EQ_OP/NE_OP/AND_OP/OR_OP/MUL_ASSIGN/DIV_ASSIGN/MOD_ASSIGN/ADD_ASSIGN/SUB_ASSIGN/LEFT_ASSIGN/RIGHT_ASSIGN/AND_ASSIGN/XOR_ASSIGN/OR_ASSIGN/'('/')'/'['/']'/'.'/','/'&'/'*'/'+'/'-'/'/'/'%'/'<'/'>'/'^'/'|'/'='/'?'/':'
    10 expression -> • expression PTR_OP IDENTIFIER, yyeof/PTR_OP/INC_OP/DEC_OP/LEFT_OP/RIGHT_OP/LE_OP/GE_OP/EQ_OP/NE_OP/AND_OP/OR_OP/MUL_ASSIGN/DIV_ASSIGN/MOD_ASSIGN/ADD_ASSIGN/SUB_ASSIGN/LEFT_ASSIGN/RIGHT_ASSIGN/AND_ASSIGN/XOR_ASSIGN/OR_ASSIGN/'('/')'/'['/']'/'.'/','/'&'/'*'/'+'/'-'/'/'/'%'/'<'/'>'/'^'/'|'/'='/'?'/':'
    11 expression -> • expression INC_OP, yyeof/PTR_OP/INC_OP/DEC_OP/LEFT_OP/RIGHT_OP/LE_OP/GE_OP/EQ_OP/NE_OP/AND_OP/OR_OP/MUL_ASSIGN/DIV_ASSIGN/MOD_ASSIGN/ADD_ASSIGN/SUB_ASSIGN/LEFT_ASSIGN/RIGHT_ASSIGN/AND_ASSIGN/XOR_ASSIGN/OR_ASSIGN/'('/')'/'['/']'/'.'/','/'&'/'*'/'+'/'-'/'/'/'%'/'<'/'>'/'^'/'|'/'='/'?'/':'
    12 expression -> • expression DEC_OP, yyeof/PTR_OP/INC_OP/DEC_OP/LEFT_OP/RIGHT_OP/LE_OP/GE_OP/EQ_OP/NE_OP/AND_OP/OR_OP/MUL_ASSIGN/DIV_ASSIGN/MOD_ASSIGN/ADD_ASSIGN/SUB_ASSIGN/LEFT_ASSIGN/RIGHT_ASSIGN/AND_ASSIGN/XOR_ASSIGN/OR_ASSIGN/'('/')'/'['/']'/'.'/','/'&'/'*'/'+'/'-'/'/'/'%'/'<'/'>'/'^'/'|'/'='/'?'/':'
    13 expression -> • expression ',' expression, yyeof/PTR_OP/INC_OP/DEC_OP/LEFT_OP/RIGHT_OP/LE_OP/GE_OP/EQ_OP/NE_OP/AND_OP/OR_OP/MUL_ASSIGN/DIV_ASSIGN/MOD_ASSIGN/ADD_ASSIGN/SUB_ASSIGN/LEFT_ASSIGN/RIGHT_ASSIGN/AND_ASSIGN/XOR_ASSIGN/OR_ASSIGN/'('/')'/'['/']'/'.'/','/'&'/'*'/'+'/'-'/'/'/'%'/'<'/'>'/'^'/'|'/'='/'?'/':'
    14 expression -> • INC_OP expression, yyeof/PTR_OP/INC_OP/DEC_OP/LEFT_OP/RIGHT_OP/LE_OP/GE_OP/EQ_OP/NE_OP/AND_OP/OR_OP/MUL_ASSIGN/DIV_ASSIGN/MOD_ASSIGN/ADD_ASSIGN/SUB_ASSIGN/LEFT_ASSIGN/RIGHT_ASSIGN/AND_ASSIGN/XOR_ASSIGN/OR_ASSIGN/'('/')'/'['/']'/'.'/','/'&'/'*'/'+'/'-'/'/'/'%'/'<'/'>'/'^'/'|'/'='/'?'/':'
    15 expression -> • DEC_OP expression, yyeof/PTR_OP/INC_OP/DEC_OP/LEFT_OP/RIGHT_OP/LE_OP/GE_OP/EQ_OP/NE_OP/AND_OP/OR_OP/MUL_ASSIGN/DIV_ASSIGN/MOD_ASSIGN/ADD_ASSIGN/SUB_ASSIGN/LEFT_ASSIGN/RIGHT_ASSIGN/AND_ASSIGN/XOR_ASSIGN/OR_ASSIGN/'('/')'/'['/']'/'.'/','/'&'/'*'/'+'/'-'/'/'/'%'/'<'/'>'/'^'/'|'/'='/'?'/':'
    16 expression -> • SIZEOF expression, yyeof/PTR_OP/INC_OP/DEC_OP/LEFT_OP/RIGHT_OP/LE_OP/GE_OP/EQ_OP/NE_OP/AND_OP/OR_OP/MUL_ASSIGN/DIV_ASSIGN/MOD_ASSIGN/ADD_ASSIGN/SUB_ASSIGN/LEFT_ASSIGN/RIGHT_ASSIGN/AND_ASSIGN/XOR_ASSIGN/OR_ASSIGN/'('/')'/'['/']'/'.'/','/'&'/'*'/'+'/'-'/'/'/'%'/'<'/'>'/'^'/'|'/'='/'?'/':'
    17 expression -> • SIZEOF '(' type_name ')', yyeof/PTR_OP/INC_OP/DEC_OP/LEFT_OP/RIGHT_OP/LE_OP/GE_OP/EQ_OP/NE_OP/AND_OP/OR_OP/MUL_ASSIGN/DIV_ASSIGN/MOD_ASSIGN/ADD_ASSIGN/SUB_ASSIGN/LEFT_ASSIGN/RIGHT_ASSIGN/AND_ASSIGN/XOR_ASSIGN/OR_ASSIGN/'('/')'/'['/']'/'.'/','/'&'/'*'/'+'/'-'/'/'/'%'/'<'/'>'/'^'/'|'/'='/'?'/':'
    18 expression -> • '(' type_name ')' expression, yyeof/PTR_OP/INC_OP/DEC_OP/LEFT_OP/RIGHT_OP/LE_OP/GE_OP/EQ_OP/NE_OP/AND_OP/OR_OP/MUL_ASSIGN/DIV_ASSIGN/MOD_ASSIGN/ADD_ASSIGN/SUB_ASSIGN/LEFT_ASSIGN/RIGHT_ASSIGN/AND_ASSIGN/XOR_ASSIGN/OR_ASSIGN/'('/')'/'['/']'/'.'/','/'&'/'*'/'+'/'-'/'/'/'%'/'<'/'>'/'^'/'|'/'='/'?'/':'
    19 expression -> • '&' expression, yyeof/PTR_OP/INC_OP/DEC_OP/LEFT_OP/RIGHT_OP/LE_OP/GE_OP/EQ_OP/NE_OP/AND_OP/OR_OP/MUL_ASSIGN/DIV_ASSIGN/MOD_ASSIGN/ADD_ASSIGN/SUB_ASSIGN/LEFT_ASSIGN/RIGHT_ASSIGN/AND_ASSIGN/XOR_ASSIGN/OR_ASSIGN/'('/')'/'['/']'/'.'/','/'&'/'*'/'+'/'-'/'/'/'%'/'<'/'>'/'^'/'|'/'='/'?'/':'
    20 expression -> • '*' expression, yyeof/PTR_OP/INC_OP/DEC_OP/LEFT_OP/RIGHT_OP/LE_OP/GE_OP/EQ_OP/NE_OP/AND_OP/OR_OP/MUL_ASSIGN/DIV_ASSIGN/MOD_ASSIGN/ADD_ASSIGN/SUB_ASSIGN/LEFT_ASSIGN/RIGHT_ASSIGN/AND_ASSIGN/XOR_ASSIGN/OR_ASSIGN/'('/')'/'['/']'/'.'/','/'&'/'*'/'+'/'-'/'/'/'%'/'<'/'>'/'^'/'|'/'='/'?'/':'
    21 expression -> • '+' expression, yyeof/PTR_OP/INC_OP/DEC_OP/LEFT_OP/RIGHT_OP/LE_OP/GE_OP/EQ_OP/NE_OP/AND_OP/OR_OP/MUL_ASSIGN/DIV_ASSIGN/MOD_ASSIGN/ADD_ASSIGN/SUB_ASSIGN/LEFT_ASSIGN/RIGHT_ASSIGN/AND_ASSIGN/XOR_ASSIGN/OR_ASSIGN/'('/')'/'['/']'/'.'/','/'&'/'*'/'+'/'-'/'/'/'%'/'<'/'>'/'^'/'|'/'='/'?'/':'
    22 expression -> • '-' expression, yyeof/PTR_OP/INC_OP/DEC_OP/LEFT_OP/RIGHT_OP/LE_OP/GE_OP/EQ_OP/NE_OP/AND_OP/OR_OP/MUL_ASSIGN/DIV_ASSIGN/MOD_ASSIGN/ADD_ASSIGN/SUB_ASSIGN/LEFT_ASSIGN/RIGHT_ASSIGN/AND_ASSIGN/XOR_ASSIGN/OR_ASSIGN/'('/')'/'['/']'/'.'/','/'&'/'*'/'+'/'-'/'/'/'%'/'<'/'>'/'^'/'|'/'='/'?'/':'
    23 expression -> • '~' expression, yyeof/PTR_OP/INC_OP/DEC_OP/LEFT_OP/RIGHT_OP/LE_OP/GE_OP/EQ_OP/NE_OP/AND_OP/OR_OP/MUL_ASSIGN/DIV_ASSIGN/MOD_ASSIGN/ADD_ASSIGN/SUB_ASSIGN/LEFT_ASSIGN/RIGHT_ASSIGN/AND_ASSIGN/XOR_ASSIGN/OR_ASSIGN/'('/')'/'['/']'/'.'/','/'&'/'*'/'+'/'-'/'/'/'%'/'<'/'>'/'^'/'|'/'='/'?'/':'
    24 expression -> • '!' expression, yyeof/PTR_OP/INC_OP/DEC_OP/LEFT_OP/RIGHT_OP/LE_OP/GE_OP/EQ_OP/NE_OP/AND_OP/OR_OP/MUL_ASSIGN/DIV_ASSIGN/MOD_ASSIGN/ADD_ASSIGN/SUB_ASSIGN/LEFT_ASSIGN/RIGHT_ASSIGN/AND_ASSIGN/XOR_ASSIGN/OR_ASSIGN/'('/')'/'['/']'/'.'/','/'&'/'*'/'+'/'-'/'/'/'%'/'<'/'>'/'^'/'|'/'='/'?'/':'
    25 expression -> • expression '+' expression, yyeof/PTR_OP/INC_OP/DEC_OP/LEFT_OP/RIGHT_OP/LE_OP/GE_OP/EQ_OP/NE_OP/AND_OP/OR_OP/MUL_ASSIGN/DIV_ASSIGN/MOD_ASSIGN/ADD_ASSIGN/SUB_ASSIGN/LEFT_ASSIGN/RIGHT_ASSIGN/AND_ASSIGN/XOR_ASSIGN/OR_ASSIGN/'('/')'/'['/']'/'.'/','/'&'/'*'/'+'/'-'/'/'/'%'/'<'/'>'/'^'/'|'/'='/'?'/':'
    26 expression -> • expression '-' expression, yyeof/PTR_OP/INC_OP/DEC_OP/LEFT_OP/RIGHT_OP/LE_OP/GE_OP/EQ_OP/NE_OP/AND_OP/OR_OP/MUL_ASSIGN/DIV_ASSIGN/MOD_ASSIGN/ADD_ASSIGN/SUB_ASSIGN/LEFT_ASSIGN/RIGHT_ASSIGN/AND_ASSIGN/XOR_ASSIGN/OR_ASSIGN/'('/')'/'['/']'/'.'/','/'&'/'*'/'+'/'-'/'/'/'%'/'<'/'>'/'^'/'|'/'='/'?'/':'
    27 expression -> • expression '*' expression, yyeof/PTR_OP/INC_OP/DEC_OP/LEFT_OP/RIGHT_OP/LE_OP/GE_OP/EQ_OP/NE_OP/AND_OP/OR_OP/MUL_ASSIGN/DIV_ASSIGN/MOD_ASSIGN/ADD_ASSIGN/SUB_ASSIGN/LEFT_ASSIGN/RIGHT_ASSIGN/AND_ASSIGN/XOR_ASSIGN/OR_ASSIGN/'('/')'/'['/']'/'.'/','/'&'/'*'/'+'/'-'/'/'/'%'/'<'/'>'/'^'/'|'/'='/'?'/':'
    28 expression -> • expression '/' expression, yyeof/PTR_OP/INC_OP/DEC_OP/LEFT_OP/RIGHT_OP/LE_OP/GE_OP/EQ_OP/NE_OP/AND_OP/OR_OP/MUL_ASSIGN/DIV_ASSIGN/MOD_ASSIGN/ADD_ASSIGN/SUB_ASSIGN/LEFT_ASSIGN/RIGHT_ASSIGN/AND_ASSIGN/XOR_ASSIGN/OR_ASSIGN/'('/')'/'['/']'/'.'/','/'&'/'*'/'+'/'-'/'/'/'%'/'<'/'>'/'^'/'|'/'='/'?'/':'
    29 expression -> • expression '%' expression, yyeof/PTR_OP/INC_OP/DEC_OP/LEFT_OP/RIGHT_OP/LE_OP/GE_OP/EQ_OP/NE_OP/AND_OP/OR_OP/MUL_ASSIGN/DIV_ASSIGN/MOD_ASSIGN/ADD_ASSIGN/SUB_ASSIGN/LEFT_ASSIGN/RIGHT_ASSIGN/AND_ASSIGN/XOR_ASSIGN/OR_ASSIGN/'('/')'/'['/']'/'.'/','/'&'/'*'/'+'/'-'/'/'/'%'/'<'/'>'/'^'/'|'/'='/'?'/':'
    30 expression -> • expression LEFT_OP expression, yyeof/PTR_OP/INC_OP/DEC_OP/LEFT_OP/RIGHT_OP/LE_OP/GE_OP/EQ_OP/NE_OP/AND_OP/OR_OP/MUL_ASSIGN/DIV_ASSIGN/MOD_ASSIGN/ADD_ASSIGN/SUB_ASSIGN/LEFT_ASSIGN/RIGHT_ASSIGN/AND_ASSIGN/XOR_ASSIGN/OR_ASSIGN/'('/')'/'['/']'/'.'/','/'&'/'*'/'+'/'-'/'/'/'%'/'<'/'>'/'^'/'|'/'='/'?'/':'
    31 expression -> • expression RIGHT_OP expression, yyeof/PTR_OP/INC_OP/DEC_OP/LEFT_OP/RIGHT_OP/LE_OP/GE_OP/EQ_OP/NE_OP/AND_OP/OR_OP/MUL_ASSIGN/DIV_ASSIGN/MOD_ASSIGN/ADD_ASSIGN/SUB_ASSIGN/LEFT_ASSIGN/RIGHT_ASSIGN/AND_ASSIGN/XOR_ASSIGN/OR_ASSIGN/'('/')'/'['/']'/'.'/','/'&'/'*'/'+'/'-'/'/'/'%'/'<'/'>'/'^'/'|'/'='/'?'/':'
    32 expression -> • expression '<' expression, yyeof/PTR_OP/INC_OP/DEC_OP/LEFT_OP/RIGHT_OP/LE_OP/GE_OP/EQ_OP/NE_OP/AND_OP/OR_OP/MUL_ASSIGN/DIV_ASSIGN/MOD_ASSIGN/ADD_ASSIGN/SUB_ASSIGN/LEFT_ASSIGN/RIGHT_ASSIGN/AND_ASSIGN/XOR_ASSIGN/OR_ASSIGN/'('/')'/'['/']'/'.'/','/'&'/'*'/'+'/'-'/'/'/'%'/'<'/'>'/'^'/'|'/'='/'?'/':'
    33 expression -> • expression '>' expression, yyeof/PTR_OP/INC_OP/DEC_OP/LEFT_OP/RIGHT_OP/LE_OP/GE_OP/EQ_OP/NE_OP/AND_OP/OR_OP/MUL_ASSIGN/DIV_ASSIGN/MOD_ASSIGN/ADD_ASSIGN/SUB_ASSIGN/LEFT_ASSIGN/RIGHT_ASSIGN/AND_ASSIGN/XOR_ASSIGN/OR_ASSIGN/'('/')'/'['/']'/'.'/','/'&'/'*'/'+'/'-'/'/'/'%'/'<'/'>'/'^'/'|'/'='/'?'/':'
    34 expression -> • expression LE_OP expression, yyeof/PTR_OP/INC_OP/DEC_OP/LEFT_OP/RIGHT_OP/LE_OP/GE_OP/EQ_OP/NE_OP/AND_OP/OR_OP/MUL_ASSIGN/DIV_ASSIGN/MOD_ASSIGN/ADD_ASSIGN/SUB_ASSIGN/LEFT_ASSIGN/RIGHT_ASSIGN/AND_ASSIGN/XOR_ASSIGN/OR_ASSIGN/'('/')'/'['/']'/'.'/','/'&'/'*'/'+'/'-'/'/'/'%'/'<'/'>'/'^'/'|'/'='/'?'/':'
    35 expression -> • expression GE_OP expression, yyeof/PTR_OP/INC_OP/DEC_OP/LEFT_OP/RIGHT_OP/LE_OP/GE_OP/EQ_OP/NE_OP/AND_OP/OR_OP/MUL_ASSIGN/DIV_ASSIGN/MOD_ASSIGN/ADD_ASSIGN/SUB_ASSIGN/LEFT_ASSIGN/RIGHT_ASSIGN/AND_ASSIGN/XOR_ASSIGN/OR_ASSIGN/'('/')'/'['/']'/'.'/','/'&'/'*'/'+'/'-'/'/'/'%'/'<'/'>'/'^'/'|'/'='/'?'/':'
    36 expression -> • expression EQ_OP expression, yyeof/PTR_OP/INC_OP/DEC_OP/LEFT_OP/RIGHT_OP/LE_OP/GE_OP/EQ_OP/NE_OP/AND_OP/OR_OP/MUL_ASSIGN/DIV_ASSIGN/MOD_ASSIGN/ADD_ASSIGN/SUB_ASSIGN/LEFT_ASSIGN/RIGHT_ASSIGN/AND_ASSIGN/XOR_ASSIGN/OR_ASSIGN/'('/')'/'['/']'/'.'/','/'&'/'*'/'+'/'-'/'/'/'%'/'<'/'>'/'^'/'|'/'='/'?'/':'
    37 expression -> • expression NE_OP expression, yyeof/PTR_OP/INC_OP/DEC_OP/LEFT_OP/RIGHT_OP/LE_OP/GE_OP/EQ_OP/NE_OP/AND_OP/OR_OP/MUL_ASSIGN/DIV_ASSIGN/MOD_ASSIGN/ADD_ASSIGN/SUB_ASSIGN/LEFT_ASSIGN/RIGHT_ASSIGN/AND_ASSIGN/XOR_ASSIGN/OR_ASSIGN/'('/')'/'['/']'/'.'/','/'&'/'*'/'+'/'-'/'/'/'%'/'<'/'>'/'^'/'|'/'='/'?'/':'
    38 expression -> • expression '&' expression, yyeof/PTR_OP/INC_OP/DEC_OP/LEFT_OP/RIGHT_OP/LE_OP/GE_OP/EQ_OP/NE_OP/AND_OP/OR_OP/MUL_ASSIGN/DIV_ASSIGN/MOD_ASSIGN/ADD_ASSIGN/SUB_ASSIGN/LEFT_ASSIGN/RIGHT_ASSIGN/AND_ASSIGN/XOR_ASSIGN/OR_ASSIGN/'('/')'/'['/']'/'.'/','/'&'/'*'/'+'/'-'/'/'/'%'/'<'/'>'/'^'/'|'/'='/'?'/':'
    39 expression -> • expression '^' expression, yyeof/PTR_OP/INC_OP/DEC_OP/LEFT_OP/RIGHT_OP/LE_OP/GE_OP/EQ_OP/NE_OP/AND_OP/OR_OP/MUL_ASSIGN/DIV_ASSIGN/MOD_ASSIGN/ADD_ASSIGN/SUB_ASSIGN/LEFT_ASSIGN/RIGHT_ASSIGN/AND_ASSIGN/XOR_ASSIGN/OR_ASSIGN/'('/')'/'['/']'/'.'/','/'&'/'*'/'+'/'-'/'/'/'%'/'<'/'>'/'^'/'|'/'='/'?'/':'
    40 expression -> • expression '|' expression, yyeof/PTR_OP/INC_OP/DEC_OP/LEFT_OP/RIGHT_OP/LE_OP/GE_OP/EQ_OP/NE_OP/AND_OP/OR_OP/MUL_ASSIGN/DIV_ASSIGN/MOD_ASSIGN/ADD_ASSIGN/SUB_ASSIGN/LEFT_ASSIGN/RIGHT_ASSIGN/AND_ASSIGN/XOR_ASSIGN/OR_ASSIGN/'('/')'/'['/']'/'.'/','/'&'/'*'/'+'/'-'/'/'/'%'/'<'/'>'/'^'/'|'/'='/'?'/':'
    41 expression -> • expression AND_OP expression, yyeof/PTR_OP/INC_OP/DEC_OP/LEFT_OP/RIGHT_OP/LE_OP/GE_OP/EQ_OP/NE_OP/AND_OP/OR_OP/MUL_ASSIGN/DIV_ASSIGN/MOD_ASSIGN/ADD_ASSIGN/SUB_ASSIGN/LEFT_ASSIGN/RIGHT_ASSIGN/AND_ASSIGN/XOR_ASSIGN/OR_ASSIGN/'('/')'/'['/']'/'.'/','/'&'/'*'/'+'/'-'/'/'/'%'/'<'/'>'/'^'/'|'/'='/'?'/':'
    42 expression -> • expression OR_OP expression, yyeof/PTR_OP/INC_OP/DEC_OP/LEFT_OP/RIGHT_OP/LE_OP/GE_OP/EQ_OP/NE_OP/AND_OP/OR_OP/MUL_ASSIGN/DIV_ASSIGN/MOD_ASSIGN/ADD_ASSIGN/SUB_ASSIGN/LEFT_ASSIGN/RIGHT_ASSIGN/AND_ASSIGN/XOR_ASSIGN/OR_ASSIGN/'('/')'/'['/']'/'.'/','/'&'/'*'/'+'/'-'/'/'/'%'/'<'/'>'/'^'/'|'/'='/'?'/':'
    42 expression -> expression OR_OP • expression, yyeof/PTR_OP/INC_OP/DEC_OP/LEFT_OP/RIGHT_OP/LE_OP/GE_OP/EQ_OP/NE_OP/AND_OP/OR_OP/MUL_ASSIGN/DIV_ASSIGN/MOD_ASSIGN/ADD_ASSIGN/SUB_ASSIGN/LEFT_ASSIGN/RIGHT_ASSIGN/AND_ASSIGN/XOR_ASSIGN/OR_ASSIGN/'('/')'/'['/']'/'.'/','/'&'/'*'/'+'/'-'/'/'/'%'/'<'/'>'/'^'/'|'/'='/'?'/':'
    43 expression -> • expression '=' expression, yyeof/PTR_OP/INC_OP/DEC_OP/LEFT_OP/RIGHT_OP/LE_OP/GE_OP/EQ_OP/NE_OP/AND_OP/OR_OP/MUL_ASSIGN/DIV_ASSIGN/MOD_ASSIGN/ADD_ASSIGN/SUB_ASSIGN/LEFT_ASSIGN/RIGHT_ASSIGN/AND_ASSIGN/XOR_ASSIGN/OR_ASSIGN/'('/')'/'['/']'/'.'/','/'&'/'*'/'+'/'-'/'/'/'%'/'<'/'>'/'^'/'|'/'='/'?'/':'
    44 expression -> • expression MUL_ASSIGN expression, yyeof/PTR_OP/INC_OP/DEC_OP/LEFT_OP/RIGHT_OP/LE_OP/GE_OP/EQ_OP/NE_OP/AND_OP/OR_OP/MUL_ASSIGN/DIV_ASSIGN/MOD_ASSIGN/ADD_ASSIGN/SUB_ASSIGN/LEFT_ASSIGN/RIGHT_ASSIGN/AND_ASSIGN/XOR_ASSIGN/OR_ASSIGN/'('/')'/'['/']'/'.'/','/'&'/'*'/'+'/'-'/'/'/'%'/'<'/'>'/'^'/'|'/'='/'?'/':'
    45 expression -> • expression DIV_ASSIGN expression, yyeof/PTR_OP/INC_OP/DEC_OP/LEFT_OP/RIGHT_OP/LE_OP/GE_OP/EQ_OP/NE_OP/AND_OP/OR_OP/MUL_ASSIGN/DIV_ASSIGN/MOD_ASSIGN/ADD_ASSIGN/SUB_ASSIGN/LEFT_ASSIGN/RIGHT_ASSIGN/AND_ASSIGN/XOR_ASSIGN/OR_ASSIGN/'('/')'/'['/']'/'.'/','/'&'/'*'/'+'/'-'/'/'/'%'/'<'/'>'/'^'/'|'/'='/'?'/':'
    46 expression -> • expression MOD_ASSIGN expression, yyeof/PTR_OP/INC_OP/DEC_OP/LEFT_OP/RIGHT_OP/LE_OP/GE_OP/EQ_OP/NE_OP/AND_OP/OR_OP/MUL_ASSIGN/DIV_ASSIGN/MOD_ASSIGN/ADD_ASSIGN/SUB_ASSIGN/LEFT_ASSIGN/RIGHT_ASSIGN/AND_ASSIGN/XOR_ASSIGN/OR_ASSIGN/'('/')'/'['/']'/'.'/','/'&'/'*'/'+'/'-'/'/'/'%'/'<'/'>'/'^'/'|'/'='/'?'/':'
    47 expression -> • expression ADD_ASSIGN expression, yyeof/PTR_OP/INC_OP/DEC_OP/LEFT_OP/RIGHT_OP/LE_OP/GE_OP/EQ_OP/NE_OP/AND_OP/OR_OP/MUL_ASSIGN/DIV_ASSIGN/MOD_ASSIGN/ADD_ASSIGN/SUB_ASSIGN/LEFT_ASSIGN/RIGHT_ASSIGN/AND_ASSIGN/XOR_ASSIGN/OR_ASSIGN/'('/')'/'['/']'/'.'/','/'&'/'*'/'+'/'-'/'/'/'%'/'<'/'>'/'^'/'|'/'='/'?'/':'
    48 expression -> • expression SUB_ASSIGN expression, yyeof/PTR_OP/INC_OP/DEC_OP/LEFT_OP/RIGHT_OP/LE_OP/GE_OP/EQ_OP/NE_OP/AND_OP/OR_OP/MUL_ASSIGN/DIV_ASSIGN/MOD_ASSIGN/ADD_ASSIGN/SUB_ASSIGN/LEFT_ASSIGN/RIGHT_ASSIGN/AND_ASSIGN/XOR_ASSIGN/OR_ASSIGN/'('/')'/'['/']'/'.'/','/'&'/'*'/'+'/'-'/'/'/'%'/'<'/'>'/'^'/'|'/'='/'?'/':'
    49 expression -> • expression LEFT_ASSIGN expression, yyeof/PTR_OP/INC_OP/DEC_OP/LEFT_OP/RIGHT_OP/LE_OP/GE_OP/EQ_OP/NE_OP/AND_OP/OR_OP/MUL_ASSIGN/DIV_ASSIGN/MOD_ASSIGN/ADD_ASSIGN/SUB_ASSIGN/LEFT_ASSIGN/RIGHT_ASSIGN/AND_ASSIGN/XOR_ASSIGN/OR_ASSIGN/'('/')'/'['/']'/'.'/','/'&'/'*'/'+'/'-'/'/'/'%'/'<'/'>'/'^'/'|'/'='/'?'/':'
    50 expression -> • expression RIGHT_ASSIGN expression, yyeof/PTR_OP/INC_OP/DEC_OP/LEFT_OP/RIGHT_OP/LE_OP/GE_OP/EQ_OP/NE_OP/AND_OP/OR_OP/MUL_ASSIGN/DIV_ASSIGN/MOD_ASSIGN/ADD_ASSIGN/SUB_ASSIGN/LEFT_ASSIGN/RIGHT_ASSIGN/AND_ASSIGN/XOR_ASSIGN/OR_ASSIGN/'('/')'/'['/']'/'.'/','/'&'/'*'/'+'/'-'/'/'/'%'/'<'/'>'/'^'/'|'/'='/'?'/':'
    51 expression -> • expression AND_ASSIGN expression, yyeof/PTR_OP/INC_OP/DEC_OP/LEFT_OP/RIGHT_OP/LE_OP/GE_OP/EQ_OP/NE_OP/AND_OP/OR_OP/MUL_ASSIGN/DIV_ASSIGN/MOD_ASSIGN/ADD_ASSIGN/SUB_ASSIGN/LEFT_ASSIGN/RIGHT_ASSIGN/AND_ASSIGN/XOR_ASSIGN/OR_ASSIGN/'('/')'/'['/']'/'.'/','/'&'/'*'/'+'/'-'/'/'/'%'/'<'/'>'/'^'/'|'/'='/'?'/':'
    52 expression -> • expression XOR_ASSIGN expression, yyeof/PTR_OP/INC_OP/DEC_OP/LEFT_OP/RIGHT_OP/LE_OP/GE_OP/EQ_OP/NE_OP/AND_OP/OR_OP/MUL_ASSIGN/DIV_ASSIGN/MOD_ASSIGN/ADD_ASSIGN/SUB_ASSIGN/LEFT_ASSIGN/RIGHT_ASSIGN/AND_ASSIGN/XOR_ASSIGN/OR_ASSIGN/'('/')'/'['/']'/'.'/','/'&'/'*'/'+'/'-'/'/'/'%'/'<'/'>'/'^'/'|'/'='/'?'/':'
    53 expression -> • expression OR_ASSIGN expression, yyeof/PTR_OP/INC_OP/DEC_OP/LEFT_OP/RIGHT_OP/LE_OP/GE_OP/EQ_OP/NE_OP/AND_OP/OR_OP/MUL_ASSIGN/DIV_ASSIGN/MOD_ASSIGN/ADD_ASSIGN/SUB_ASSIGN/LEFT_ASSIGN/RIGHT_ASSIGN/AND_ASSIGN/XOR_ASSIGN/OR_ASSIGN/'('/')'/'['/']'/'.'/','/'&'/'*'/'+'/'-'/'/'/'%'/'<'/'>'/'^'/'|'/'='/'?'/':'
    54 expression -> • expression ',' expression, yyeof/PTR_OP/INC_OP/DEC_OP/LEFT_OP/RIGHT_OP/LE_OP/GE_OP/EQ_OP/NE_OP/AND_OP/OR_OP/MUL_ASSIGN/DIV_ASSIGN/MOD_ASSIGN/ADD_ASSIGN/SUB_ASSIGN/LEFT_ASSIGN/RIGHT_ASSIGN/AND_ASSIGN/XOR_ASSIGN/OR_ASSIGN/'('/')'/'['/']'/'.'/','/'&'/'*'/'+'/'-'/'/'/'%'/'<'/'>'/'^'/'|'/'='/'?'/':'
    55 expression -> • expression '?' expression ':' expression, yyeof/PTR_OP/INC_OP/DEC_OP/LEFT_OP/RIGHT_OP/LE_OP/GE_OP/EQ_OP/NE_OP/AND_OP/OR_OP/MUL_ASSIGN/DIV_ASSIGN/MOD_ASSIGN/ADD_ASSIGN/SUB_ASSIGN/LEFT_ASSIGN/RIGHT_ASSIGN/AND_ASSIGN/XOR_ASSIGN/OR_ASSIGN/'('/')'/'['/']'/'.'/','/'&'/'*'/'+'/'-'/'/'/'%'/'<'/'>'/'^'/'|'/'='/'?'/':'

    IDENTIFIER shift, and go to state 1
    STRING_LITERAL shift, and go to state 2
    CONSTANT shift, and go to state 3
    SIZEOF shift, and go to state 4
    INC_OP shift, and go to state 5
    DEC_OP shift, and go to state 6
    '(' shift, and go to state 9
    '&' shift, and go to state 10
    '*' shift, and go to state 11
    '+' shift, and go to state 12
    '-' shift, and go to state 13
    '~' shift, and go to state 14
    '!' shift, and go to state 15

    expression go to state 74


State 31

    2 expression -> • IDENTIFIER, yyeof/PTR_OP/INC_OP/DEC_OP/LEFT_OP/RIGHT_OP/LE_OP/GE_OP/EQ_OP/NE_OP/AND_OP/OR_OP/MUL_ASSIGN/DIV_ASSIGN/MOD_ASSIGN/ADD_ASSIGN/SUB_ASSIGN/LEFT_ASSIGN/RIGHT_ASSIGN/AND_ASSIGN/XOR_ASSIGN/OR_ASSIGN/'('/')'/'['/']'/'.'/','/'&'/'*'/'+'/'-'/'/'/'%'/'<'/'>'/'^'/'|'/'='/'?'/':'
    3 expression -> • CONSTANT, yyeof/PTR_OP/INC_OP/DEC_OP/LEFT_OP/RIGHT_OP/LE_OP/GE_OP/EQ_OP/NE_OP/AND_OP/OR_OP/MUL_ASSIGN/DIV_ASSIGN/MOD_ASSIGN/ADD_ASSIGN/SUB_ASSIGN/LEFT_ASSIGN/RIGHT_ASSIGN/AND_ASSIGN/XOR_ASSIGN/OR_ASSIGN/'('/')'/'['/']'/'.'/','/'&'/'*'/'+'/'-'/'/'/'%'/'<'/'>'/'^'/'|'/'='/'?'/':'
    4 expression -> • STRING_LITERAL, yyeof/PTR_OP/INC_OP/DEC_OP/LEFT_OP/RIGHT_OP/LE_OP/GE_OP/EQ_OP/NE_OP/AND_OP/OR_OP/MUL_ASSIGN/DIV_ASSIGN/MOD_ASSIGN/ADD_ASSIGN/SUB_ASSIGN/LEFT_ASSIGN/RIGHT_ASSIGN/AND_ASSIGN/XOR_ASSIGN/OR_ASSIGN/'('/')'/'['/']'/'.'/','/'&'/'*'/'+'/'-'/'/'/'%'/'<'/'>'/'^'/'|'/'='/'?'/':'
    5 expression -> • '(' expression ')', yyeof/PTR_OP/INC_OP/DEC_OP/LEFT_OP/RIGHT_OP/LE_OP/GE_OP/EQ_OP/NE_OP/AND_OP/OR_OP/MUL_ASSIGN/DIV_ASSIGN/MOD_ASSIGN/ADD_ASSIGN/SUB_ASSIGN/LEFT_ASSIGN/RIGHT_ASSIGN/AND_ASSIGN/XOR_ASSIGN/OR_ASSIGN/'('/')'/'['/']'/'.'/','/'&'/'*'/'+'/'-'/'/'/'%'/'<'/'>'/'^'/'|'/'='/'?'/':'
    6 expression -> • expression '[' expression ']', yyeof/PTR_OP/INC_OP/DEC_OP/LEFT_OP/RIGHT_OP/LE_OP/GE_OP/EQ_OP/NE_OP/AND_OP/OR_OP/MUL_ASSIGN/DIV_ASSIGN/MOD_ASSIGN/ADD_ASSIGN/SUB_ASSIGN/LEFT_ASSIGN/RIGHT_ASSIGN/AND_ASSIGN/XOR_ASSIGN/OR_ASSIGN/'('/')'/'['/']'/'.'/','/'&'/'*'/'+'/'-'/'/'/'%'/'<'/'>'/'^'/'|'/'='/'?'/':'
    7 expression -> • expression '(' ')', yyeof/PTR_OP/INC_OP/DEC_OP/LEFT_OP/RIGHT_OP/LE_OP/GE_OP/EQ_OP/NE_OP/AND_OP/OR_OP/MUL_ASSIGN/DIV_ASSIGN/MOD_ASSIGN/ADD_ASSIGN/SUB_ASSIGN/LEFT_ASSIGN/RIGHT_ASSIGN/AND_ASSIGN/XOR_ASSIGN/OR_ASSIGN/'('/')'/'['/']'/'.'/','/'&'/'*'/'+'/'-'/'/'/'%'/'<'/'>'/'^'/'|'/'='/'?'/':'
    8 expression -> • expression '(' expression ')', yyeof/PTR_OP/INC_OP/DEC_OP/LEFT_OP/RIGHT_OP/LE_OP/GE_OP/EQ_OP/NE_OP/AND_OP/OR_OP/MUL_ASSIGN/DIV_ASSIGN/MOD_ASSIGN/ADD_ASSIGN/SUB_ASSIGN/LEFT_ASSIGN/RIGHT_ASSIGN/AND_ASSIGN/XOR_ASSIGN/OR_ASSIGN/'('/')'/'['/']'/'.'/','/'&'/'*'/'+'/'-'/'/'/'%'/'<'/'>'/'^'/'|'/'='/'?'/':'
    9 expression -> • expression '.' IDENTIFIER, yyeof/PTR_OP/INC_OP/DEC_OP/LEFT_OP/RIGHT_OP/LE_OP/GE_OP/EQ_OP/NE_OP/AND_OP/OR_OP/MUL_ASSIGN/DIV_ASSIGN/MOD_ASSIGN/ADD_ASSIGN/SUB_ASSIGN/LEFT_ASSIGN/RIGHT_ASSIGN/AND_ASSIGN/XOR_ASSIGN/OR_ASSIGN/'('/')'/'['/']'/'.'/','/'&'/'*'/'+'/'-'/'/'/'%'/'<'/'>'/'^'/'|'/'='/'?'/':'
    10 expression -> • expression PTR_OP IDENTIFIER, yyeof/PTR_OP/INC_OP/DEC_OP/LEFT_OP/RIGHT_OP/LE_OP/GE_OP/EQ_OP/NE_OP/AND_OP/OR_OP/MUL_ASSIGN/DIV_ASSIGN/MOD_ASSIGN/ADD_ASSIGN/SUB_ASSIGN/LEFT_ASSIGN/RIGHT_ASSIGN/AND_ASSIGN/XOR_ASSIGN/OR_ASSIGN/'('/')'/'['/']'/'.'/','/'&'/'*'/'+'/'-'/'/'/'%'/'<'/'>'/'^'/'|'/'='/'?'/':'
    11 expression -> • expression INC_OP, yyeof/PTR_OP/INC_OP/DEC_OP/LEFT_OP/RIGHT_OP/LE_OP/GE_OP/EQ_OP/NE_OP/AND_OP/OR_OP/MUL_ASSIGN/DIV_ASSIGN/MOD_ASSIGN/ADD_ASSIGN/SUB_ASSIGN/LEFT_ASSIGN/RIGHT_ASSIGN/AND_ASSIGN/XOR_ASSIGN/OR_ASSIGN/'('/')'/'['/']'/'.'/','/'&'/'*'/'+'/'-'/'/'/'%'/'<'/'>'/'^'/'|'/'='/'?'/':'
    12 expression -> • expression DEC_OP, yyeof/PTR_OP/INC_OP/DEC_OP/LEFT_OP/RIGHT_OP/LE_OP/GE_OP/EQ_OP/NE_OP/AND_OP/OR_OP/MUL_ASSIGN/DIV_ASSIGN/MOD_ASSIGN/ADD_ASSIGN/SUB_ASSIGN/LEFT_ASSIGN/RIGHT_ASSIGN/AND_ASSIGN/XOR_ASSIGN/OR_ASSIGN/'('/')'/'['/']'/'.'/','/'&'/'*'/'+'/'-'/'/'/'%'/'<'/'>'/'^'/'|'/'='/'?'/':'
    13 expression -> • expression ',' expression, yyeof/PTR_OP/INC_OP/DEC_OP/LEFT_OP/RIGHT_OP/LE_OP/GE_OP/EQ_OP/NE_OP/AND_OP/OR_OP/MUL_ASSIGN/DIV_ASSIGN/MOD_ASSIGN/ADD_ASSIGN/SUB_ASSIGN/LEFT_ASSIGN/RIGHT_ASSIGN/AND_ASSIGN/XOR_ASSIGN/OR_ASSIGN/'('/')'/'['/']'/'.'/','/'&'/'*'/'+'/'-'/'/'/'%'/'<'/'>'/'^'/'|'/'='/'?'/':'
    14 expression -> • INC_OP expression, yyeof/PTR_OP/INC_OP/DEC_OP/LEFT_OP/RIGHT_OP/LE_OP/GE_OP/EQ_OP/NE_OP/AND_OP/OR_OP/MUL_ASSIGN/DIV_ASSIGN/MOD_ASSIGN/ADD_ASSIGN/SUB_ASSIGN/LEFT_ASSIGN/RIGHT_ASSIGN/AND_ASSIGN/XOR_ASSIGN/OR_ASSIGN/'('/')'/'['/']'/'.'/','/'&'/'*'/'+'/'-'/'/'/'%'/'<'/'>'/'^'/'|'/'='/'?'/':'
    15 expression -> • DEC_OP expression, yyeof/PTR_OP/INC_OP/DEC_OP/LEFT_OP/RIGHT_OP/LE_OP/GE_OP/EQ_OP/NE_OP/AND_OP/OR_OP/MUL_ASSIGN/DIV_ASSIGN/MOD_ASSIGN/ADD_ASSIGN/SUB_ASSIGN/LEFT_ASSIGN/RIGHT_ASSIGN/AND_ASSIGN/XOR_ASSIGN/OR_ASSIGN/'('/')'/'['/']'/'.'/','/'&'/'*'/'+'/'-'/'/'/'%'/'<'/'>'/'^'/'|'/'='/'?'/':'
    16 expression -> • SIZEOF expression, yyeof/PTR_OP/INC_OP/DEC_OP/LEFT_OP/RIGHT_OP/LE_OP/GE_OP/EQ_OP/NE_OP/AND_OP/OR_OP/MUL_ASSIGN/DIV_ASSIGN/MOD_ASSIGN/ADD_ASSIGN/SUB_ASSIGN/LEFT_ASSIGN/RIGHT_ASSIGN/AND_ASSIGN/XOR_ASSIGN/OR_ASSIGN/'('/')'/'['/']'/'.'/','/'&'/'*'/'+'/'-'/'/'/'%'/'<'/'>'/'^'/'|'/'='/'?'/':'
    17 expression -> • SIZEOF '(' type_name ')', yyeof/PTR_OP/INC_OP/DEC_OP/LEFT_OP/RIGHT_OP/LE_OP/GE_OP/EQ_OP/NE_OP/AND_OP/OR_OP/MUL_ASSIGN/DIV_ASSIGN/MOD_ASSIGN/ADD_ASSIGN/SUB_ASSIGN/LEFT_ASSIGN/RIGHT_ASSIGN/AND_ASSIGN/XOR_ASSIGN/OR_ASSIGN/'('/')'/'['/']'/'.'/','/'&'/'*'/'+'/'-'/'/'/'%'/'<'/'>'/'^'/'|'/'='/'?'/':'
    18 expression -> • '(' type_name ')' expression, yyeof/PTR_OP/INC_OP/DEC_OP/LEFT_OP/RIGHT_OP/LE_OP/GE_OP/EQ_OP/NE_OP/AND_OP/OR_OP/MUL_ASSIGN/DIV_ASSIGN/MOD_ASSIGN/ADD_ASSIGN/SUB_ASSIGN/LEFT_ASSIGN/RIGHT_ASSIGN/AND_ASSIGN/XOR_ASSIGN/OR_ASSIGN/'('/')'/'['/']'/'.'/','/'&'/'*'/'+'/'-'/'/'/'%'/'<'/'>'/'^'/'|'/'='/'?'/':'
    19 expression -> • '&' expression, yyeof/PTR_OP/INC_OP/DEC_OP/LEFT_OP/RIGHT_OP/LE_OP/GE_OP/EQ_OP/NE_OP/AND_OP/OR_OP/MUL_ASSIGN/DIV_ASSIGN/MOD_ASSIGN/ADD_ASSIGN/SUB_ASSIGN/LEFT_ASSIGN/RIGHT_ASSIGN/AND_ASSIGN/XOR_ASSIGN/OR_ASSIGN/'('/')'/'['/']'/'.'/','/'&'/'*'/'+'/'-'/'/'/'%'/'<'/'>'/'^'/'|'/'='/'?'/':'
    20 expression -> • '*' expression, yyeof/PTR_OP/INC_OP/DEC_OP/LEFT_OP/RIGHT_OP/LE_OP/GE_OP/EQ_OP/NE_OP/AND_OP/OR_OP/MUL_ASSIGN/DIV_ASSIGN/MOD_ASSIGN/ADD_ASSIGN/SUB_ASSIGN/LEFT_ASSIGN/RIGHT_ASSIGN/AND_ASSIGN/XOR_ASSIGN/OR_ASSIGN/'('/')'/'['/']'/'.'/','/'&'/'*'/'+'/'-'/'/'/'%'/'<'/'>'/'^'/'|'/'='/'?'/':'
    21 expression -> • '+' expression, yyeof/PTR_OP/INC_OP/DEC_OP/LEFT_OP/RIGHT_OP/LE_OP/GE_OP/EQ_OP/NE_OP/AND_OP/OR_OP/MUL_ASSIGN/DIV_ASSIGN/MOD_ASSIGN/ADD_ASSIGN/SUB_ASSIGN/LEFT_ASSIGN/RIGHT_ASSIGN/AND_ASSIGN/XOR_ASSIGN/OR_ASSIGN/'('/')'/'['/']'/'.'/','/'&'/'*'/'+'/'-'/'/'/'%'/'<'/'>'/'^'/'|'/'='/'?'/':'
    22 expression -> • '-' expression, yyeof/PTR_OP/INC_OP/DEC_OP/LEFT_OP/RIGHT_OP/LE_OP/GE_OP/EQ_OP/NE_OP/AND_OP/OR_OP/MUL_ASSIGN/DIV_ASSIGN/MOD_ASSIGN/ADD_ASSIGN/SUB_ASSIGN/LEFT_ASSIGN/RIGHT_ASSIGN/AND_ASSIGN/XOR_ASSIGN/OR_ASSIGN/'('/')'/'['/']'/'.'/','/'&'/'*'/'+'/'-'/'/'/'%'/'<'/'>'/'^'/'|'/'='/'?'/':'
    23 expression -> • '~' expression, yyeof/PTR_OP/INC_OP/DEC_OP/LEFT_OP/RIGHT_OP/LE_OP/GE_OP/EQ_OP/NE_OP/AND_OP/OR_OP/MUL_ASSIGN/DIV_ASSIGN/MOD_ASSIGN/ADD_ASSIGN/SUB_ASSIGN/LEFT_ASSIGN/RIGHT_ASSIGN/AND_ASSIGN/XOR_ASSIGN/OR_ASSIGN/'('/')'/'['/']'/'.'/','/'&'/'*'/'+'/'-'/'/'/'%'/'<'/'>'/'^'/'|'/'='/'?'/':'
    24 expression -> • '!' expression, yyeof/PTR_OP/INC_OP/DEC_OP/LEFT_OP/RIGHT_OP/LE_OP/GE_OP/EQ_OP/NE_OP/AND_OP/OR_OP/MUL_ASSIGN/DIV_ASSIGN/MOD_ASSIGN/ADD_ASSIGN/SUB_ASSIGN/LEFT_ASSIGN/RIGHT_ASSIGN/AND_ASSIGN/XOR_ASSIGN/OR_ASSIGN/'('/')'/'['/']'/'.'/','/'&'/'*'/'+'/'-'/'/'/'%'/'<'/'>'/'^'/'|'/'='/'?'/':'
    25 expression -> • expression '+' expression, yyeof/PTR_OP/INC_OP/DEC_OP/LEFT_OP/RIGHT_OP/LE_OP/GE_OP/EQ_OP/NE_OP/AND_OP/OR_OP/MUL_ASSIGN/DIV_ASSIGN/MOD_ASSIGN/ADD_ASSIGN/SUB_ASSIGN/LEFT_ASSIGN/RIGHT_ASSIGN/AND_ASSIGN/XOR_ASSIGN/OR_ASSIGN/'('/')'/'['/']'/'.'/','/'&'/'*'/'+'/'-'/'/'/'%'/'<'/'>'/'^'/'|'/'='/'?'/':'
    26 expression -> • expression '-' expression, yyeof/PTR_OP/INC_OP/DEC_OP/LEFT_OP/RIGHT_OP/LE_OP/GE_OP/EQ_OP/NE_OP/AND_OP/OR_OP/MUL_ASSIGN/DIV_ASSIGN/MOD_ASSIGN/ADD_ASSIGN/SUB_ASSIGN/LEFT_ASSIGN/RIGHT_ASSIGN/AND_ASSIGN/XOR_ASSIGN/OR_ASSIGN/'('/')'/'['/']'/'.'/','/'&'/'*'/'+'/'-'/'/'/'%'/'<'/'>'/'^'/'|'/'='/'?'/':'
    27 expression -> • expression '*' expression, yyeof/PTR_OP/INC_OP/DEC_OP/LEFT_OP/RIGHT_OP/LE_OP/GE_OP/EQ_OP/NE_OP/AND_OP/OR_OP/MUL_ASSIGN/DIV_ASSIGN/MOD_ASSIGN/ADD_ASSIGN/SUB_ASSIGN/LEFT_ASSIGN/RIGHT_ASSIGN/AND_ASSIGN/XOR_ASSIGN/OR_ASSIGN/'('/')'/'['/']'/'.'/','/'&'/'*'/'+'/'-'/'/'/'%'/'<'/'>'/'^'/'|'/'='/'?'/':'
    28 expression -> • expression '/' expression, yyeof/PTR_OP/INC_OP/DEC_OP/LEFT_OP/RIGHT_OP/LE_OP/GE_OP/EQ_OP/NE_OP/AND_OP/OR_OP/MUL_ASSIGN/DIV_ASSIGN/MOD_ASSIGN/ADD_ASSIGN/SUB_ASSIGN/LEFT_ASSIGN/RIGHT_ASSIGN/AND_ASSIGN/XOR_ASSIGN/OR_ASSIGN/'('/')'/'['/']'/'.'/','/'&'/'*'/'+'/'-'/'/'/'%'/'<'/'>'/'^'/'|'/'='/'?'/':'
    29 expression -> • expression '%' expression, yyeof/PTR_OP/INC_OP/DEC_OP/LEFT_OP/RIGHT_OP/LE_OP/GE_OP/EQ_OP/NE_OP/AND_OP/OR_OP/MUL_ASSIGN/DIV_ASSIGN/MOD_ASSIGN/ADD_ASSIGN/SUB_ASSIGN/LEFT_ASSIGN/RIGHT_ASSIGN/AND_ASSIGN/XOR_ASSIGN/OR_ASSIGN/'('/')'/'['/']'/'.'/','/'&'/'*'/'+'/'-'/'/'/'%'/'<'/'>'/'^'/'|'/'='/'?'/':'
    30 expression -> • expression LEFT_OP expression, yyeof/PTR_OP/INC_OP/DEC_OP/LEFT_OP/RIGHT_OP/LE_OP/GE_OP/EQ_OP/NE_OP/AND_OP/OR_OP/MUL_ASSIGN/DIV_ASSIGN/MOD_ASSIGN/ADD_ASSIGN/SUB_ASSIGN/LEFT_ASSIGN/RIGHT_ASSIGN/AND_ASSIGN/XOR_ASSIGN/OR_ASSIGN/'('/')'/'['/']'/'.'/','/'&'/'*'/'+'/'-'/'/'/'%'/'<'/'>'/'^'/'|'/'='/'?'/':'
    31 expression -> • expression RIGHT_OP expression, yyeof/PTR_OP/INC_OP/DEC_OP/LEFT_OP/RIGHT_OP/LE_OP/GE_OP/EQ_OP/NE_OP/AND_OP/OR_OP/MUL_ASSIGN/DIV_ASSIGN/MOD_ASSIGN/ADD_ASSIGN/SUB_ASSIGN/LEFT_ASSIGN/RIGHT_ASSIGN/AND_ASSIGN/XOR_ASSIGN/OR_ASSIGN/'('/')'/'['/']'/'.'/','/'&'/'*'/'+'/'-'/'/'/'%'/'<'/'>'/'^'/'|'/'='/'?'/':'
    32 expression -> • expression '<' expression, yyeof/PTR_OP/INC_OP/DEC_OP/LEFT_OP/RIGHT_OP/LE_OP/GE_OP/EQ_OP/NE_OP/AND_OP/OR_OP/MUL_ASSIGN/DIV_ASSIGN/MOD_ASSIGN/ADD_ASSIGN/SUB_ASSIGN/LEFT_ASSIGN/RIGHT_ASSIGN/AND_ASSIGN/XOR_ASSIGN/OR_ASSIGN/'('/')'/'['/']'/'.'/','/'&'/'*'/'+'/'-'/'/'/'%'/'<'/'>'/'^'/'|'/'='/'?'/':'
    33 expression -> • expression '>' expression, yyeof/PTR_OP/INC_OP/DEC_OP/LEFT_OP/RIGHT_OP/LE_OP/GE_OP/EQ_OP/NE_OP/AND_OP/OR_OP/MUL_ASSIGN/DIV_ASSIGN/MOD_ASSIGN/ADD_ASSIGN/SUB_ASSIGN/LEFT_ASSIGN/RIGHT_ASSIGN/AND_ASSIGN/XOR_ASSIGN/OR_ASSIGN/'('/')'/'['/']'/'.'/','/'&'/'*'/'+'/'-'/'/'/'%'/'<'/'>'/'^'/'|'/'='/'?'/':'
    34 expression -> • expression LE_OP expression, yyeof/PTR_OP/INC_OP/DEC_OP/LEFT_OP/RIGHT_OP/LE_OP/GE_OP/EQ_OP/NE_OP/AND_OP/OR_OP/MUL_ASSIGN/DIV_ASSIGN/MOD_ASSIGN/ADD_ASSIGN/SUB_ASSIGN/LEFT_ASSIGN/RIGHT_ASSIGN/AND_ASSIGN/XOR_ASSIGN/OR_ASSIGN/'('/')'/'['/']'/'.'/','/'&'/'*'/'+'/'-'/'/'/'%'/'<'/'>'/'^'/'|'/'='/'?'/':'
    35 expression -> • expression GE_OP expression, yyeof/PTR_OP/INC_OP/DEC_OP/LEFT_OP/RIGHT_OP/LE_OP/GE_OP/EQ_OP/NE_OP/AND_OP/OR_OP/MUL_ASSIGN/DIV_ASSIGN/MOD_ASSIGN/ADD_ASSIGN/SUB_ASSIGN/LEFT_ASSIGN/RIGHT_ASSIGN/AND_ASSIGN/XOR_ASSIGN/OR_ASSIGN/'('/')'/'['/']'/'.'/','/'&'/'*'/'+'/'-'/'/'/'%'/'<'/'>'/'^'/'|'/'='/'?'/':'
    36 expression -> • expression EQ_OP expression, yyeof/PTR_OP/INC_OP/DEC_OP/LEFT_OP/RIGHT_OP/LE_OP/GE_OP/EQ_OP/NE_OP/AND_OP/OR_OP/MUL_ASSIGN/DIV_ASSIGN/MOD_ASSIGN/ADD_ASSIGN/SUB_ASSIGN/LEFT_ASSIGN/RIGHT_ASSIGN/AND_ASSIGN/XOR_ASSIGN/OR_ASSIGN/'('/')'/'['/']'/'.'/','/'&'/'*'/'+'/'-'/'/'/'%'/'<'/'>'/'^'/'|'/'='/'?'/':'
    37 expression -> • expression NE_OP expression, yyeof/PTR_OP/INC_OP/DEC_OP/LEFT_OP/RIGHT_OP/LE_OP/GE_OP/EQ_OP/NE_OP/AND_OP/OR_OP/MUL_ASSIGN/DIV_ASSIGN/MOD_ASSIGN/ADD_ASSIGN/SUB_ASSIGN/LEFT_ASSIGN/RIGHT_ASSIGN/AND_ASSIGN/XOR_ASSIGN/OR_ASSIGN/'('/')'/'['/']'/'.'/','/'&'/'*'/'+'/'-'/'/'/'%'/'<'/'>'/'^'/'|'/'='/'?'/':'
    38 expression -> • expression '&' expression, yyeof/PTR_OP/INC_OP/DEC_OP/LEFT_OP/RIGHT_OP/LE_OP/GE_OP/EQ_OP/NE_OP/AND_OP/OR_OP/MUL_ASSIGN/DIV_ASSIGN/MOD_ASSIGN/ADD_ASSIGN/SUB_ASSIGN/LEFT_ASSIGN/RIGHT_ASSIGN/AND_ASSIGN/XOR_ASSIGN/OR_ASSIGN/'('/')'/'['/']'/'.'/','/'&'/'*'/'+'/'-'/'/'/'%'/'<'/'>'/'^'/'|'/'='/'?'/':'
    39 expression -> • expression '^' expression, yyeof/PTR_OP/INC_OP/DEC_OP/LEFT_OP/RIGHT_OP/LE_OP/GE_OP/EQ_OP/NE_OP/AND_OP/OR_OP/MUL_ASSIGN/DIV_ASSIGN/MOD_ASSIGN/ADD_ASSIGN/SUB_ASSIGN/LEFT_ASSIGN/RIGHT_ASSIGN/AND_ASSIGN/XOR_ASSIGN/OR_ASSIGN/'('/')'/'['/']'/'.'/','/'&'/'*'/'+'/'-'/'/'/'%'/'<'/'>'/'^'/'|'/'='/'?'/':'
    40 expression -> • expression '|' expression, yyeof/PTR_OP/INC_OP/DEC_OP/LEFT_OP/RIGHT_OP/LE_OP/GE_OP/EQ_OP/NE_OP/AND_OP/OR_OP/MUL_ASSIGN/DIV_ASSIGN/MOD_ASSIGN/ADD_ASSIGN/SUB_ASSIGN/LEFT_ASSIGN/RIGHT_ASSIGN/AND_ASSIGN/XOR_ASSIGN/OR_ASSIGN/'('/')'/'['/']'/'.'/','/'&'/'*'/'+'/'-'/'/'/'%'/'<'/'>'/'^'/'|'/'='/'?'/':'
    41 expression -> • expression AND_OP expression, yyeof/PTR_OP/INC_OP/DEC_OP/LEFT_OP/RIGHT_OP/LE_OP/GE_OP/EQ_OP/NE_OP/AND_OP/OR_OP/MUL_ASSIGN/DIV_ASSIGN/MOD_ASSIGN/ADD_ASSIGN/SUB_ASSIGN/LEFT_ASSIGN/RIGHT_ASSIGN/AND_ASSIGN/XOR_ASSIGN/OR_ASSIGN/'('/')'/'['/']'/'.'/','/'&'/'*'/'+'/'-'/'/'/'%'/'<'/'>'/'^'/'|'/'='/'?'/':'
    42 expression -> • expression OR_OP expression, yyeof/PTR_OP/INC_OP/DEC_OP/LEFT_OP/RIGHT_OP/LE_OP/GE_OP/EQ_OP/NE_OP/AND_OP/OR_OP/MUL_ASSIGN/DIV_ASSIGN/MOD_ASSIGN/ADD_ASSIGN/SUB_ASSIGN/LEFT_ASSIGN/RIGHT_ASSIGN/AND_ASSIGN/XOR_ASSIGN/OR_ASSIGN/'('/')'/'['/']'/'.'/','/'&'/'*'/'+'/'-'/'/'/'%'/'<'/'>'/'^'/'|'/'='/'?'/':'
    43 expression -> • expression '=' expression, yyeof/PTR_OP/INC_OP/DEC_OP/LEFT_OP/RIGHT_OP/LE_OP/GE_OP/EQ_OP/NE_OP/AND_OP/OR_OP/MUL_ASSIGN/DIV_ASSIGN/MOD_ASSIGN/ADD_ASSIGN/SUB_ASSIGN/LEFT_ASSIGN/RIGHT_ASSIGN/AND_ASSIGN/XOR_ASSIGN/OR_ASSIGN/'('/')'/'['/']'/'.'/','/'&'/'*'/'+'/'-'/'/'/'%'/'<'/'>'/'^'/'|'/'='/'?'/':'
    44 expression -> • expression MUL_ASSIGN expression, yyeof/PTR_OP/INC_OP/DEC_OP/LEFT_OP/RIGHT_OP/LE_OP/GE_OP/EQ_OP/NE_OP/AND_OP/OR_OP/MUL_ASSIGN/DIV_ASSIGN/MOD_ASSIGN/ADD_ASSIGN/SUB_ASSIGN/LEFT_ASSIGN/RIGHT_ASSIGN/AND_ASSIGN/XOR_ASSIGN/OR_ASSIGN/'('/')'/'['/']'/'.'/','/'&'/'*'/'+'/'-'/'/'/'%'/'<'/'>'/'^'/'|'/'='/'?'/':'
    44 expression -> expression MUL_ASSIGN • expression, yyeof/PTR_OP/INC_OP/DEC_OP/LEFT_OP/RIGHT_OP/LE_OP/GE_OP/EQ_OP/NE_OP/AND_OP/OR_OP/MUL_ASSIGN/DIV_ASSIGN/MOD_ASSIGN/ADD_ASSIGN/SUB_ASSIGN/LEFT_ASSIGN/RIGHT_ASSIGN/AND_ASSIGN/XOR_ASSIGN/OR_ASSIGN/'('/')'/'['/']'/'.'/','/'&'/'*'/'+'/'-'/'/'/'%'/'<'/'>'/'^'/'|'/'='/'?'/':'
    45 expression -> • expression DIV_ASSIGN expression, yyeof/PTR_OP/INC_OP/DEC_OP/LEFT_OP/RIGHT_OP/LE_OP/GE_OP/EQ_OP/NE_OP/AND_OP/OR_OP/MUL_ASSIGN/DIV_ASSIGN/MOD_ASSIGN/ADD_ASSIGN/SUB_ASSIGN/LEFT_ASSIGN/RIGHT_ASSIGN/AND_ASSIGN/XOR_ASSIGN/OR_ASSIGN/'('/')'/'['/']'/'.'/','/'&'/'*'/'+'/'-'/'/'/'%'/'<'/'>'/'^'/'|'/'='/'?'/':'
    46 expression -> • expression MOD_ASSIGN expression, yyeof/PTR_OP/INC_OP/DEC_OP/LEFT_OP/RIGHT_OP/LE_OP/GE_OP/EQ_OP/NE_OP/AND_OP/OR_OP/MUL_ASSIGN/DIV_ASSIGN/MOD_ASSIGN/ADD_ASSIGN/SUB_ASSIGN/LEFT_ASSIGN/RIGHT_ASSIGN/AND_ASSIGN/XOR_ASSIGN/OR_ASSIGN/'('/')'/'['/']'/'.'/','/'&'/'*'/'+'/'-'/'/'/'%'/'<'/'>'/'^'/'|'/'='/'?'/':'
    47 expression -> • expression ADD_ASSIGN expression, yyeof/PTR_OP/INC_OP/DEC_OP/LEFT_OP/RIGHT_OP/LE_OP/GE_OP/EQ_OP/NE_OP/AND_OP/OR_OP/MUL_ASSIGN/DIV_ASSIGN/MOD_ASSIGN/ADD_ASSIGN/SUB_ASSIGN/LEFT_ASSIGN/RIGHT_ASSIGN/AND_ASSIGN/XOR_ASSIGN/OR_ASSIGN/'('/')'/'['/']'/'.'/','/'&'/'*'/'+'/'-'/'/'/'%'/'<'/'>'/'^'/'|'/'='/'?'/':'
    48 expression -> • expression SUB_ASSIGN expression, yyeof/PTR_OP/INC_OP/DEC_OP/LEFT_OP/RIGHT_OP/LE_OP/GE_OP/EQ_OP/NE_OP/AND_OP/OR_OP/MUL_ASSIGN/DIV_ASSIGN/MOD_ASSIGN/ADD_ASSIGN/SUB_ASSIGN/LEFT_ASSIGN/RIGHT_ASSIGN/AND_ASSIGN/XOR_ASSIGN/OR_ASSIGN/'('/')'/'['/']'/'.'/','/'&'/'*'/'+'/'-'/'/'/'%'/'<'/'>'/'^'/'|'/'='/'?'/':'
    49 expression -> • expression LEFT_ASSIGN expression, yyeof/PTR_OP/INC_OP/DEC_OP/LEFT_OP/RIGHT_OP/LE_OP/GE_OP/EQ_OP/NE_OP/AND_OP/OR_OP/MUL_ASSIGN/DIV_ASSIGN/MOD_ASSIGN/ADD_ASSIGN/SUB_ASSIGN/LEFT_ASSIGN/RIGHT_ASSIGN/AND_ASSIGN/XOR_ASSIGN/OR_ASSIGN/'('/')'/'['/']'/'.'/','/'&'/'*'/'+'/'-'/'/'/'%'/'<'/'>'/'^'/'|'/'='/'?'/':'
    50 expression -> • expression RIGHT_ASSIGN expression, yyeof/PTR_OP/INC_OP/DEC_OP/LEFT_OP/RIGHT_OP/LE_OP/GE_OP/EQ_OP/NE_OP/AND_OP/OR_OP/MUL_ASSIGN/DIV_ASSIGN/MOD_ASSIGN/ADD_ASSIGN/SUB_ASSIGN/LEFT_ASSIGN/RIGHT_ASSIGN/AND_ASSIGN/XOR_ASSIGN/OR_ASSIGN/'('/')'/'['/']'/'.'/','/'&'/'*'/'+'/'-'/'/'/'%'/'<'/'>'/'^'/'|'/'='/'?'/':'
    51 expression -> • expression AND_ASSIGN expression, yyeof/PTR_OP/INC_OP/DEC_OP/LEFT_OP/RIGHT_OP/LE_OP/GE_OP/EQ_OP/NE_OP/AND_OP/OR_OP/MUL_ASSIGN/DIV_ASSIGN/MOD_ASSIGN/ADD_ASSIGN/SUB_ASSIGN/LEFT_ASSIGN/RIGHT_ASSIGN/AND_ASSIGN/XOR_ASSIGN/OR_ASSIGN/'('/')'/'['/']'/'.'/','/'&'/'*'/'+'/'-'/'/'/'%'/'<'/'>'/'^'/'|'/'='/'?'/':'
    52 expression -> • expression XOR_ASSIGN expression, yyeof/PTR_OP/INC_OP/DEC_OP/LEFT_OP/RIGHT_OP/LE_OP/GE_OP/EQ_OP/NE_OP/AND_OP/OR_OP/MUL_ASSIGN/DIV_ASSIGN/MOD_ASSIGN/ADD_ASSIGN/SUB_ASSIGN/LEFT_ASSIGN/RIGHT_ASSIGN/AND_ASSIGN/XOR_ASSIGN/OR_ASSIGN/'('/')'/'['/']'/'.'/','/'&'/'*'/'+'/'-'/'/'/'%'/'<'/'>'/'^'/'|'/'='/'?'/':'
    53 expression -> • expression OR_ASSIGN expression, yyeof/PTR_OP/INC_OP/DEC_OP/LEFT_OP/RIGHT_OP/LE_OP/GE_OP/EQ_OP/NE_OP/AND_OP/OR_OP/MUL_ASSIGN/DIV_ASSIGN/MOD_ASSIGN/ADD_ASSIGN/SUB_ASSIGN/LEFT_ASSIGN/RIGHT_ASSIGN/AND_ASSIGN/XOR_ASSIGN/OR_ASSIGN/'('/')'/'['/']'/'.'/','/'&'/'*'/'+'/'-'/'/'/'%'/'<'/'>'/'^'/'|'/'='/'?'/':'
    54 expression -> • expression ',' expression, yyeof/PTR_OP/INC_OP/DEC_OP/LEFT_OP/RIGHT_OP/LE_OP/GE_OP/EQ_OP/NE_OP/AND_OP/OR_OP/MUL_ASSIGN/DIV_ASSIGN/MOD_ASSIGN/ADD_ASSIGN/SUB_ASSIGN/LEFT_ASSIGN/RIGHT_ASSIGN/AND_ASSIGN/XOR_ASSIGN/OR_ASSIGN/'('/')'/'['/']'/'.'/','/'&'/'*'/'+'/'-'/'/'/'%'/'<'/'>'/'^'/'|'/'='/'?'/':'
    55 expression -> • expression '?' expression ':' expression, yyeof/PTR_OP/INC_OP/DEC_OP/LEFT_OP/RIGHT_OP/LE_OP/GE_OP/EQ_OP/NE_OP/AND_OP/OR_OP/MUL_ASSIGN/DIV_ASSIGN/MOD_ASSIGN/ADD_ASSIGN/SUB_ASSIGN/LEFT_ASSIGN/RIGHT_ASSIGN/AND_ASSIGN/XOR_ASSIGN/OR_ASSIGN/'('/')'/'['/']'/'.'/','/'&'/'*'/'+'/'-'/'/'/'%'/'<'/'>'/'^'/'|'/'='/'?'/':'

    IDENTIFIER shift, and go to state 1
    STRING_LITERAL shift, and go to state 2
    CONSTANT shift, and go to state 3
    SIZEOF shift, and go to state 4
    INC_OP shift, and go to state 5
    DEC_OP shift, and go to state 6
    '(' shift, and go to state 9
    '&' shift, and go to state 10
    '*' shift, and go to state 11
    '+' shift, and go to state 12
    '-' shift, and go to state 13
    '~' shift, and go to state 14
    '!' shift, and go to state 15

    expression go to state 75


State 32

    2 expression -> • IDENTIFIER, yyeof/PTR_OP/INC_OP/DEC_OP/LEFT_OP/RIGHT_OP/LE_OP/GE_OP/EQ_OP/NE_OP/AND_OP/OR_OP/MUL_ASSIGN/DIV_ASSIGN/MOD_ASSIGN/ADD_ASSIGN/SUB_ASSIGN/LEFT_ASSIGN/RIGHT_ASSIGN/AND_ASSIGN/XOR_ASSIGN/OR_ASSIGN/'('/')'/'['/']'/'.'/','/'&'/'*'/'+'/'-'/'/'/'%'/'<'/'>'/'^'/'|'/'='/'?'/':'
    3 expression -> • CONSTANT, yyeof/PTR_OP/INC_OP/DEC_OP/LEFT_OP/RIGHT_OP/LE_OP/GE_OP/EQ_OP/NE_OP/AND_OP/OR_OP/MUL_ASSIGN/DIV_ASSIGN/MOD_ASSIGN/ADD_ASSIGN/SUB_ASSIGN/LEFT_ASSIGN/RIGHT_ASSIGN/AND_ASSIGN/XOR_ASSIGN/OR_ASSIGN/'('/')'/'['/']'/'.'/','/'&'/'*'/'+'/'-'/'/'/'%'/'<'/'>'/'^'/'|'/'='/'?'/':'
    4 expression -> • STRING_LITERAL, yyeof/PTR_OP/INC_OP/DEC_OP/LEFT_OP/RIGHT_OP/LE_OP/GE_OP/EQ_OP/NE_OP/AND_OP/OR_OP/MUL_ASSIGN/DIV_ASSIGN/MOD_ASSIGN/ADD_ASSIGN/SUB_ASSIGN/LEFT_ASSIGN/RIGHT_ASSIGN/AND_ASSIGN/XOR_ASSIGN/OR_ASSIGN/'('/')'/'['/']'/'.'/','/'&'/'*'/'+'/'-'/'/'/'%'/'<'/'>'/'^'/'|'/'='/'?'/':'
    5 expression -> • '(' expression ')', yyeof/PTR_OP/INC_OP/DEC_OP/LEFT_OP/RIGHT_OP/LE_OP/GE_OP/EQ_OP/NE_OP/AND_OP/OR_OP/MUL_ASSIGN/DIV_ASSIGN/MOD_ASSIGN/ADD_ASSIGN/SUB_ASSIGN/LEFT_ASSIGN/RIGHT_ASSIGN/AND_ASSIGN/XOR_ASSIGN/OR_ASSIGN/'('/')'/'['/']'/'.'/','/'&'/'*'/'+'/'-'/'/'/'%'/'<'/'>'/'^'/'|'/'='/'?'/':'
    6 expression -> • expression '[' expression ']', yyeof/PTR_OP/INC_OP/DEC_OP/LEFT_OP/RIGHT_OP/LE_OP/GE_OP/EQ_OP/NE_OP/AND_OP/OR_OP/MUL_ASSIGN/DIV_ASSIGN/MOD_ASSIGN/ADD_ASSIGN/SUB_ASSIGN/LEFT_ASSIGN/RIGHT_ASSIGN/AND_ASSIGN/XOR_ASSIGN/OR_ASSIGN/'('/')'/'['/']'/'.'/','/'&'/'*'/'+'/'-'/'/'/'%'/'<'/'>'/'^'/'|'/'='/'?'/':'
    7 expression -> • expression '(' ')', yyeof/PTR_OP/INC_OP/DEC_OP/LEFT_OP/RIGHT_OP/LE_OP/GE_OP/EQ_OP/NE_OP/AND_OP/OR_OP/MUL_ASSIGN/DIV_ASSIGN/MOD_ASSIGN/ADD_ASSIGN/SUB_ASSIGN/LEFT_ASSIGN/RIGHT_ASSIGN/AND_ASSIGN/XOR_ASSIGN/OR_ASSIGN/'('/')'/'['/']'/'.'/','/'&'/'*'/'+'/'-'/'/'/'%'/'<'/'>'/'^'/'|'/'='/'?'/':'
    8 expression -> • expression '(' expression ')', yyeof/PTR_OP/INC_OP/DEC_OP/LEFT_OP/RIGHT_OP/LE_OP/GE_OP/EQ_OP/NE_OP/AND_OP/OR_OP/MUL_ASSIGN/DIV_ASSIGN/MOD_ASSIGN/ADD_ASSIGN/SUB_ASSIGN/LEFT_ASSIGN/RIGHT_ASSIGN/AND_ASSIGN/XOR_ASSIGN/OR_ASSIGN/'('/')'/'['/']'/'.'/','/'&'/'*'/'+'/'-'/'/'/'%'/'<'/'>'/'^'/'|'/'='/'?'/':'
    9 expression -> • expression '.' IDENTIFIER, yyeof/PTR_OP/INC_OP/DEC_OP/LEFT_OP/RIGHT_OP/LE_OP/GE_OP/EQ_OP/NE_OP/AND_OP/OR_OP/MUL_ASSIGN/DIV_ASSIGN/MOD_ASSIGN/ADD_ASSIGN/SUB_ASSIGN/LEFT_ASSIGN/RIGHT_ASSIGN/AND_ASSIGN/XOR_ASSIGN/OR_ASSIGN/'('/')'/'['/']'/'.'/','/'&'/'*'/'+'/'-'/'/'/'%'/'<'/'>'/'^'/'|'/'='/'?'/':'
    10 expression -> • expression PTR_OP IDENTIFIER, yyeof/PTR_OP/INC_OP/DEC_OP/LEFT_OP/RIGHT_OP/LE_OP/GE_OP/EQ_OP/NE_OP/AND_OP/OR_OP/MUL_ASSIGN/DIV_ASSIGN/MOD_ASSIGN/ADD_ASSIGN/SUB_ASSIGN/LEFT_ASSIGN/RIGHT_ASSIGN/AND_ASSIGN/XOR_ASSIGN/OR_ASSIGN/'('/')'/'['/']'/'.'/','/'&'/'*'/'+'/'-'/'/'/'%'/'<'/'>'/'^'/'|'/'='/'?'/':'
    11 expression -> • expression INC_OP, yyeof/PTR_OP/INC_OP/DEC_OP/LEFT_OP/RIGHT_OP/LE_OP/GE_OP/EQ_OP/NE_OP/AND_OP/OR_OP/MUL_ASSIGN/DIV_ASSIGN/MOD_ASSIGN/ADD_ASSIGN/SUB_ASSIGN/LEFT_ASSIGN/RIGHT_ASSIGN/AND_ASSIGN/XOR_ASSIGN/OR_ASSIGN/'('/')'/'['/']'/'.'/','/'&'/'*'/'+'/'-'/'/'/'%'/'<'/'>'/'^'/'|'/'='/'?'/':'
    12 expression -> • expression DEC_OP, yyeof/PTR_OP/INC_OP/DEC_OP/LEFT_OP/RIGHT_OP/LE_OP/GE_OP/EQ_OP/NE_OP/AND_OP/OR_OP/MUL_ASSIGN/DIV_ASSIGN/MOD_ASSIGN/ADD_ASSIGN/SUB_ASSIGN/LEFT_ASSIGN/RIGHT_ASSIGN/AND_ASSIGN/XOR_ASSIGN/OR_ASSIGN/'('/')'/'['/']'/'.'/','/'&'/'*'/'+'/'-'/'/'/'%'/'<'/'>'/'^'/'|'/'='/'?'/':'
    13 expression -> • expression ',' expression, yyeof/PTR_OP/INC_OP/DEC_OP/LEFT_OP/RIGHT_OP/LE_OP/GE_OP/EQ_OP/NE_OP/AND_OP/OR_OP/MUL_ASSIGN/DIV_ASSIGN/MOD_ASSIGN/ADD_ASSIGN/SUB_ASSIGN/LEFT_ASSIGN/RIGHT_ASSIGN/AND_ASSIGN/XOR_ASSIGN/OR_ASSIGN/'('/')'/'['/']'/'.'/','/'&'/'*'/'+'/'-'/'/'/'%'/'<'/'>'/'^'/'|'/'='/'?'/':'
    14 expression -> • INC_OP expression, yyeof/PTR_OP/INC_OP/DEC_OP/LEFT_OP/RIGHT_OP/LE_OP/GE_OP/EQ_OP/NE_OP/AND_OP/OR_OP/MUL_ASSIGN/DIV_ASSIGN/MOD_ASSIGN/ADD_ASSIGN/SUB_ASSIGN/LEFT_ASSIGN/RIGHT_ASSIGN/AND_ASSIGN/XOR_ASSIGN/OR_ASSIGN/'('/')'/'['/']'/'.'/','/'&'/'*'/'+'/'-'/'/'/'%'/'<'/'>'/'^'/'|'/'='/'?'/':'
    15 expression -> • DEC_OP expression, yyeof/PTR_OP/INC_OP/DEC_OP/LEFT_OP/RIGHT_OP/LE_OP/GE_OP/EQ_OP/NE_OP/AND_OP/OR_OP/MUL_ASSIGN/DIV_ASSIGN/MOD_ASSIGN/ADD_ASSIGN/SUB_ASSIGN/LEFT_ASSIGN/RIGHT_ASSIGN/AND_ASSIGN/XOR_ASSIGN/OR_ASSIGN/'('/')'/'['/']'/'.'/','/'&'/'*'/'+'/'-'/'/'/'%'/'<'/'>'/'^'/'|'/'='/'?'/':'
    16 expression -> • SIZEOF expression, yyeof/PTR_OP/INC_OP/DEC_OP/LEFT_OP/RIGHT_OP/LE_OP/GE_OP/EQ_OP/NE_OP/AND_OP/OR_OP/MUL_ASSIGN/DIV_ASSIGN/MOD_ASSIGN/ADD_ASSIGN/SUB_ASSIGN/LEFT_ASSIGN/RIGHT_ASSIGN/AND_ASSIGN/XOR_ASSIGN/OR_ASSIGN/'('/')'/'['/']'/'.'/','/'&'/'*'/'+'/'-'/'/'/'%'/'<'/'>'/'^'/'|'/'='/'?'/':'
    17 expression -> • SIZEOF '(' type_name ')', yyeof/PTR_OP/INC_OP/DEC_OP/LEFT_OP/RIGHT_OP/LE_OP/GE_OP/EQ_OP/NE_OP/AND_OP/OR_OP/MUL_ASSIGN/DIV_ASSIGN/MOD_ASSIGN/ADD_ASSIGN/SUB_ASSIGN/LEFT_ASSIGN/RIGHT_ASSIGN/AND_ASSIGN/XOR_ASSIGN/OR_ASSIGN/'('/')'/'['/']'/'.'/','/'&'/'*'/'+'/'-'/'/'/'%'/'<'/'>'/'^'/'|'/'='/'?'/':'
    18 expression -> • '(' type_name ')' expression, yyeof/PTR_OP/INC_OP/DEC_OP/LEFT_OP/RIGHT_OP/LE_OP/GE_OP/EQ_OP/NE_OP/AND_OP/OR_OP/MUL_ASSIGN/DIV_ASSIGN/MOD_ASSIGN/ADD_ASSIGN/SUB_ASSIGN/LEFT_ASSIGN/RIGHT_ASSIGN/AND_ASSIGN/XOR_ASSIGN/OR_ASSIGN/'('/')'/'['/']'/'.'/','/'&'/'*'/'+'/'-'/'/'/'%'/'<'/'>'/'^'/'|'/'='/'?'/':'
    19 expression -> • '&' expression, yyeof/PTR_OP/INC_OP/DEC_OP/LEFT_OP/RIGHT_OP/LE_OP/GE_OP/EQ_OP/NE_OP/AND_OP/OR_OP/MUL_ASSIGN/DIV_ASSIGN/MOD_ASSIGN/ADD_ASSIGN/SUB_ASSIGN/LEFT_ASSIGN/RIGHT_ASSIGN/AND_ASSIGN/XOR_ASSIGN/OR_ASSIGN/'('/')'/'['/']'/'.'/','/'&'/'*'/'+'/'-'/'/'/'%'/'<'/'>'/'^'/'|'/'='/'?'/':'
    20 expression -> • '*' expression, yyeof/PTR_OP/INC_OP/DEC_OP/LEFT_OP/RIGHT_OP/LE_OP/GE_OP/EQ_OP/NE_OP/AND_OP/OR_OP/MUL_ASSIGN/DIV_ASSIGN/MOD_ASSIGN/ADD_ASSIGN/SUB_ASSIGN/LEFT_ASSIGN/RIGHT_ASSIGN/AND_ASSIGN/XOR_ASSIGN/OR_ASSIGN/'('/')'/'['/']'/'.'/','/'&'/'*'/'+'/'-'/'/'/'%'/'<'/'>'/'^'/'|'/'='/'?'/':'
    21 expression -> • '+' expression, yyeof/PTR_OP/INC_OP/DEC_OP/LEFT_OP/RIGHT_OP/LE_OP/GE_OP/EQ_OP/NE_OP/AND_OP/OR_OP/MUL_ASSIGN/DIV_ASSIGN/MOD_ASSIGN/ADD_ASSIGN/SUB_ASSIGN/LEFT_ASSIGN/RIGHT_ASSIGN/AND_ASSIGN/XOR_ASSIGN/OR_ASSIGN/'('/')'/'['/']'/'.'/','/'&'/'*'/'+'/'-'/'/'/'%'/'<'/'>'/'^'/'|'/'='/'?'/':'
    22 expression -> • '-' expression, yyeof/PTR_OP/INC_OP/DEC_OP/LEFT_OP/RIGHT_OP/LE_OP/GE_OP/EQ_OP/NE_OP/AND_OP/OR_OP/MUL_ASSIGN/DIV_ASSIGN/MOD_ASSIGN/ADD_ASSIGN/SUB_ASSIGN/LEFT_ASSIGN/RIGHT_ASSIGN/AND_ASSIGN/XOR_ASSIGN/OR_ASSIGN/'('/')'/'['/']'/'.'/','/'&'/'*'/'+'/'-'/'/'/'%'/'<'/'>'/'^'/'|'/'='/'?'/':'
    23 expression -> • '~' expression, yyeof/PTR_OP/INC_OP/DEC_OP/LEFT_OP/RIGHT_OP/LE_OP/GE_OP/EQ_OP/NE_OP/AND_OP/OR_OP/MUL_ASSIGN/DIV_ASSIGN/MOD_ASSIGN/ADD_ASSIGN/SUB_ASSIGN/LEFT_ASSIGN/RIGHT_ASSIGN/AND_ASSIGN/XOR_ASSIGN/OR_ASSIGN/'('/')'/'['/']'/'.'/','/'&'/'*'/'+'/'-'/'/'/'%'/'<'/'>'/'^'/'|'/'='/'?'/':'
    24 expression -> • '!' expression, yyeof/PTR_OP/INC_OP/DEC_OP/LEFT_OP/RIGHT_OP/LE_OP/GE_OP/EQ_OP/NE_OP/AND_OP/OR_OP/MUL_ASSIGN/DIV_ASSIGN/MOD_ASSIGN/ADD_ASSIGN/SUB_ASSIGN/LEFT_ASSIGN/RIGHT_ASSIGN/AND_ASSIGN/XOR_ASSIGN/OR_ASSIGN/'('/')'/'['/']'/'.'/','/'&'/'*'/'+'/'-'/'/'/'%'/'<'/'>'/'^'/'|'/'='/'?'/':'
    25 expression -> • expression '+' expression, yyeof/PTR_OP/INC_OP/DEC_OP/LEFT_OP/RIGHT_OP/LE_OP/GE_OP/EQ_OP/NE_OP/AND_OP/OR_OP/MUL_ASSIGN/DIV_ASSIGN/MOD_ASSIGN/ADD_ASSIGN/SUB_ASSIGN/LEFT_ASSIGN/RIGHT_ASSIGN/AND_ASSIGN/XOR_ASSIGN/OR_ASSIGN/'('/')'/'['/']'/'.'/','/'&'/'*'/'+'/'-'/'/'/'%'/'<'/'>'/'^'/'|'/'='/'?'/':'
    26 expression -> • expression '-' expression, yyeof/PTR_OP/INC_OP/DEC_OP/LEFT_OP/RIGHT_OP/LE_OP/GE_OP/EQ_OP/NE_OP/AND_OP/OR_OP/MUL_ASSIGN/DIV_ASSIGN/MOD_ASSIGN/ADD_ASSIGN/SUB_ASSIGN/LEFT_ASSIGN/RIGHT_ASSIGN/AND_ASSIGN/XOR_ASSIGN/OR_ASSIGN/'('/')'/'['/']'/'.'/','/'&'/'*'/'+'/'-'/'/'/'%'/'<'/'>'/'^'/'|'/'='/'?'/':'
    27 expression -> • expression '*' expression, yyeof/PTR_OP/INC_OP/DEC_OP/LEFT_OP/RIGHT_OP/LE_OP/GE_OP/EQ_OP/NE_OP/AND_OP/OR_OP/MUL_ASSIGN/DIV_ASSIGN/MOD_ASSIGN/ADD_ASSIGN/SUB_ASSIGN/LEFT_ASSIGN/RIGHT_ASSIGN/AND_ASSIGN/XOR_ASSIGN/OR_ASSIGN/'('/')'/'['/']'/'.'/','/'&'/'*'/'+'/'-'/'/'/'%'/'<'/'>'/'^'/'|'/'='/'?'/':'
    28 expression -> • expression '/' expression, yyeof/PTR_OP/INC_OP/DEC_OP/LEFT_OP/RIGHT_OP/LE_OP/GE_OP/EQ_OP/NE_OP/AND_OP/OR_OP/MUL_ASSIGN/DIV_ASSIGN/MOD_ASSIGN/ADD_ASSIGN/SUB_ASSIGN/LEFT_ASSIGN/RIGHT_ASSIGN/AND_ASSIGN/XOR_ASSIGN/OR_ASSIGN/'('/')'/'['/']'/'.'/','/'&'/'*'/'+'/'-'/'/'/'%'/'<'/'>'/'^'/'|'/'='/'?'/':'
    29 expression -> • expression '%' expression, yyeof/PTR_OP/INC_OP/DEC_OP/LEFT_OP/RIGHT_OP/LE_OP/GE_OP/EQ_OP/NE_OP/AND_OP/OR_OP/MUL_ASSIGN/DIV_ASSIGN/MOD_ASSIGN/ADD_ASSIGN/SUB_ASSIGN/LEFT_ASSIGN/RIGHT_ASSIGN/AND_ASSIGN/XOR_ASSIGN/OR_ASSIGN/'('/')'/'['/']'/'.'/','/'&'/'*'/'+'/'-'/'/'/'%'/'<'/'>'/'^'/'|'/'='/'?'/':'
    30 expression -> • expression LEFT_OP expression, yyeof/PTR_OP/INC_OP/DEC_OP/LEFT_OP/RIGHT_OP/LE_OP/GE_OP/EQ_OP/NE_OP/AND_OP/OR_OP/MUL_ASSIGN/DIV_ASSIGN/MOD_ASSIGN/ADD_ASSIGN/SUB_ASSIGN/LEFT_ASSIGN/RIGHT_ASSIGN/AND_ASSIGN/XOR_ASSIGN/OR_ASSIGN/'('/')'/'['/']'/'.'/','/'&'/'*'/'+'/'-'/'/'/'%'/'<'/'>'/'^'/'|'/'='/'?'/':'
    31 expression -> • expression RIGHT_OP expression, yyeof/PTR_OP/INC_OP/DEC_OP/LEFT_OP/RIGHT_OP/LE_OP/GE_OP/EQ_OP/NE_OP/AND_OP/OR_OP/MUL_ASSIGN/DIV_ASSIGN/MOD_ASSIGN/ADD_ASSIGN/SUB_ASSIGN/LEFT_ASSIGN/RIGHT_ASSIGN/AND_ASSIGN/XOR_ASSIGN/OR_ASSIGN/'('/')'/'['/']'/'.'/','/'&'/'*'/'+'/'-'/'/'/'%'/'<'/'>'/'^'/'|'/'='/'?'/':'
    32 expression -> • expression '<' expression, yyeof/PTR_OP/INC_OP/DEC_OP/LEFT_OP/RIGHT_OP/LE_OP/GE_OP/EQ_OP/NE_OP/AND_OP/OR_OP/MUL_ASSIGN/DIV_ASSIGN/MOD_ASSIGN/ADD_ASSIGN/SUB_ASSIGN/LEFT_ASSIGN/RIGHT_ASSIGN/AND_ASSIGN/XOR_ASSIGN/OR_ASSIGN/'('/')'/'['/']'/'.'/','/'&'/'*'/'+'/'-'/'/'/'%'/'<'/'>'/'^'/'|'/'='/'?'/':'
    33 expression -> • expression '>' expression, yyeof/PTR_OP/INC_OP/DEC_OP/LEFT_OP/RIGHT_OP/LE_OP/GE_OP/EQ_OP/NE_OP/AND_OP/OR_OP/MUL_ASSIGN/DIV_ASSIGN/MOD_ASSIGN/ADD_ASSIGN/SUB_ASSIGN/LEFT_ASSIGN/RIGHT_ASSIGN/AND_ASSIGN/XOR_ASSIGN/OR_ASSIGN/'('/')'/'['/']'/'.'/','/'&'/'*'/'+'/'-'/'/'/'%'/'<'/'>'/'^'/'|'/'='/'?'/':'
    34 expression -> • expression LE_OP expression, yyeof/PTR_OP/INC_OP/DEC_OP/LEFT_OP/RIGHT_OP/LE_OP/GE_OP/EQ_OP/NE_OP/AND_OP/OR_OP/MUL_ASSIGN/DIV_ASSIGN/MOD_ASSIGN/ADD_ASSIGN/SUB_ASSIGN/LEFT_ASSIGN/RIGHT_ASSIGN/AND_ASSIGN/XOR_ASSIGN/OR_ASSIGN/'('/')'/'['/']'/'.'/','/'&'/'*'/'+'/'-'/'/'/'%'/'<'/'>'/'^'/'|'/'='/'?'/':'
    35 expression -> • expression GE_OP expression, yyeof/PTR_OP/INC_OP/DEC_OP/LEFT_OP/RIGHT_OP/LE_OP/GE_OP/EQ_OP/NE_OP/AND_OP/OR_OP/MUL_ASSIGN/DIV_ASSIGN/MOD_ASSIGN/ADD_ASSIGN/SUB_ASSIGN/LEFT_ASSIGN/RIGHT_ASSIGN/AND_ASSIGN/XOR_ASSIGN/OR_ASSIGN/'('/')'/'['/']'/'.'/','/'&'/'*'/'+'/'-'/'/'/'%'/'<'/'>'/'^'/'|'/'='/'?'/':'
    36 expression -> • expression EQ_OP expression, yyeof/PTR_OP/INC_OP/DEC_OP/LEFT_OP/RIGHT_OP/LE_OP/GE_OP/EQ_OP/NE_OP/AND_OP/OR_OP/MUL_ASSIGN/DIV_ASSIGN/MOD_ASSIGN/ADD_ASSIGN/SUB_ASSIGN/LEFT_ASSIGN/RIGHT_ASSIGN/AND_ASSIGN/XOR_ASSIGN/OR_ASSIGN/'('/')'/'['/']'/'.'/','/'&'/'*'/'+'/'-'/'/'/'%'/'<'/'>'/'^'/'|'/'='/'?'/':'
    37 expression -> • expression NE_OP expression, yyeof/PTR_OP/INC_OP/DEC_OP/LEFT_OP/RIGHT_OP/LE_OP/GE_OP/EQ_OP/NE_OP/AND_OP/OR_OP/MUL_ASSIGN/DIV_ASSIGN/MOD_ASSIGN/ADD_ASSIGN/SUB_ASSIGN/LEFT_ASSIGN/RIGHT_ASSIGN/AND_ASSIGN/XOR_ASSIGN/OR_ASSIGN/'('/')'/'['/']'/'.'/','/'&'/'*'/'+'/'-'/'/'/'%'/'<'/'>'/'^'/'|'/'='/'?'/':'
    38 expression -> • expression '&' expression, yyeof/PTR_OP/INC_OP/DEC_OP/LEFT_OP/RIGHT_OP/LE_OP/GE_OP/EQ_OP/NE_OP/AND_OP/OR_OP/MUL_ASSIGN/DIV_ASSIGN/MOD_ASSIGN/ADD_ASSIGN/SUB_ASSIGN/LEFT_ASSIGN/RIGHT_ASSIGN/AND_ASSIGN/XOR_ASSIGN/OR_ASSIGN/'('/')'/'['/']'/'.'/','/'&'/'*'/'+'/'-'/'/'/'%'/'<'/'>'/'^'/'|'/'='/'?'/':'
    39 expression -> • expression '^' expression, yyeof/PTR_OP/INC_OP/DEC_OP/LEFT_OP/RIGHT_OP/LE_OP/GE_OP/EQ_OP/NE_OP/AND_OP/OR_OP/MUL_ASSIGN/DIV_ASSIGN/MOD_ASSIGN/ADD_ASSIGN/SUB_ASSIGN/LEFT_ASSIGN/RIGHT_ASSIGN/AND_ASSIGN/XOR_ASSIGN/OR_ASSIGN/'('/')'/'['/']'/'.'/','/'&'/'*'/'+'/'-'/'/'/'%'/'<'/'>'/'^'/'|'/'='/'?'/':'
    40 expression -> • expression '|' expression, yyeof/PTR_OP/INC_OP/DEC_OP/LEFT_OP/RIGHT_OP/LE_OP/GE_OP/EQ_OP/NE_OP/AND_OP/OR_OP/MUL_ASSIGN/DIV_ASSIGN/MOD_ASSIGN/ADD_ASSIGN/SUB_ASSIGN/LEFT_ASSIGN/RIGHT_ASSIGN/AND_ASSIGN/XOR_ASSIGN/OR_ASSIGN/'('/')'/'['/']'/'.'/','/'&'/'*'/'+'/'-'/'/'/'%'/'<'/'>'/'^'/'|'/'='/'?'/':'
    41 expression -> • expression AND_OP expression, yyeof/PTR_OP/INC_OP/DEC_OP/LEFT_OP/RIGHT_OP/LE_OP/GE_OP/EQ_OP/NE_OP/AND_OP/OR_OP/MUL_ASSIGN/DIV_ASSIGN/MOD_ASSIGN/ADD_ASSIGN/SUB_ASSIGN/LEFT_ASSIGN/RIGHT_ASSIGN/AND_ASSIGN/XOR_ASSIGN/OR_ASSIGN/'('/')'/'['/']'/'.'/','/'&'/'*'/'+'/'-'/'/'/'%'/'<'/'>'/'^'/'|'/'='/'?'/':'
    42 expression -> • expression OR_OP expression, yyeof/PTR_OP/INC_OP/DEC_OP/LEFT_OP/RIGHT_OP/LE_OP/GE_OP/EQ_OP/NE_OP/AND_OP/OR_OP/MUL_ASSIGN/DIV_ASSIGN/MOD_ASSIGN/ADD_ASSIGN/SUB_ASSIGN/LEFT_ASSIGN/RIGHT_ASSIGN/AND_ASSIGN/XOR_ASSIGN/OR_ASSIGN/'('/')'/'['/']'/'.'/','/'&'/'*'/'+'/'-'/'/'/'%'/'<'/'>'/'^'/'|'/'='/'?'/':'
    43 expression -> • expression '=' expression, yyeof/PTR_OP/INC_OP/DEC_OP/LEFT_OP/RIGHT_OP/LE_OP/GE_OP/EQ_OP/NE_OP/AND_OP/OR_OP/MUL_ASSIGN/DIV_ASSIGN/MOD_ASSIGN/ADD_ASSIGN/SUB_ASSIGN/LEFT_ASSIGN/RIGHT_ASSIGN/AND_ASSIGN/XOR_ASSIGN/OR_ASSIGN/'('/')'/'['/']'/'.'/','/'&'/'*'/'+'/'-'/'/'/'%'/'<'/'>'/'^'/'|'/'='/'?'/':'
    44 expression -> • expression MUL_ASSIGN expression, yyeof/PTR_OP/INC_OP/DEC_OP/LEFT_OP/RIGHT_OP/LE_OP/GE_OP/EQ_OP/NE_OP/AND_OP/OR_OP/MUL_ASSIGN/DIV_ASSIGN/MOD_ASSIGN/ADD_ASSIGN/SUB_ASSIGN/LEFT_ASSIGN/RIGHT_ASSIGN/AND_ASSIGN/XOR_ASSIGN/OR_ASSIGN/'('/')'/'['/']'/'.'/','/'&'/'*'/'+'/'-'/'/'/'%'/'<'/'>'/'^'/'|'/'='/'?'/':'
    45 expression -> • expression DIV_ASSIGN expression, yyeof/PTR_OP/INC_OP/DEC_OP/LEFT_OP/RIGHT_OP/LE_OP/GE_OP/EQ_OP/NE_OP/AND_OP/OR_OP/MUL_ASSIGN/DIV_ASSIGN/MOD_ASSIGN/ADD_ASSIGN/SUB_ASSIGN/LEFT_ASSIGN/RIGHT_ASSIGN/AND_ASSIGN/XOR_ASSIGN/OR_ASSIGN/'('/')'/'['/']'/'.'/','/'&'/'*'/'+'/'-'/'/'/'%'/'<'/'>'/'^'/'|'/'='/'?'/':'
    45 expression -> expression DIV_ASSIGN • expression, yyeof/PTR_OP/INC_OP/DEC_OP/LEFT_OP/RIGHT_OP/LE_OP/GE_OP/EQ_OP/NE_OP/AND_OP/OR_OP/MUL_ASSIGN/DIV_ASSIGN/MOD_ASSIGN/ADD_ASSIGN/SUB_ASSIGN/LEFT_ASSIGN/RIGHT_ASSIGN/AND_ASSIGN/XOR_ASSIGN/OR_ASSIGN/'('/')'/'['/']'/'.'/','/'&'/'*'/'+'/'-'/'/'/'%'/'<'/'>'/'^'/'|'/'='/'?'/':'
    46 expression -> • expression MOD_ASSIGN expression, yyeof/PTR_OP/INC_OP/DEC_OP/LEFT_OP/RIGHT_OP/LE_OP/GE_OP/EQ_OP/NE_OP/AND_OP/OR_OP/MUL_ASSIGN/DIV_ASSIGN/MOD_ASSIGN/ADD_ASSIGN/SUB_ASSIGN/LEFT_ASSIGN/RIGHT_ASSIGN/AND_ASSIGN/XOR_ASSIGN/OR_ASSIGN/'('/')'/'['/']'/'.'/','/'&'/'*'/'+'/'-'/'/'/'%'/'<'/'>'/'^'/'|'/'='/'?'/':'
    47 expression -> • expression ADD_ASSIGN expression, yyeof/PTR_OP/INC_OP/DEC_OP/LEFT_OP/RIGHT_OP/LE_OP/GE_OP/EQ_OP/NE_OP/AND_OP/OR_OP/MUL_ASSIGN/DIV_ASSIGN/MOD_ASSIGN/ADD_ASSIGN/SUB_ASSIGN/LEFT_ASSIGN/RIGHT_ASSIGN/AND_ASSIGN/XOR_ASSIGN/OR_ASSIGN/'('/')'/'['/']'/'.'/','/'&'/'*'/'+'/'-'/'/'/'%'/'<'/'>'/'^'/'|'/'='/'?'/':'
    48 expression -> • expression SUB_ASSIGN expression, yyeof/PTR_OP/INC_OP/DEC_OP/LEFT_OP/RIGHT_OP/LE_OP/GE_OP/EQ_OP/NE_OP/AND_OP/OR_OP/MUL_ASSIGN/DIV_ASSIGN/MOD_ASSIGN/ADD_ASSIGN/SUB_ASSIGN/LEFT_ASSIGN/RIGHT_ASSIGN/AND_ASSIGN/XOR_ASSIGN/OR_ASSIGN/'('/')'/'['/']'/'.'/','/'&'/'*'/'+'/'-'/'/'/'%'/'<'/'>'/'^'/'|'/'='/'?'/':'
    49 expression -> • expression LEFT_ASSIGN expression, yyeof/PTR_OP/INC_OP/DEC_OP/LEFT_OP/RIGHT_OP/LE_OP/GE_OP/EQ_OP/NE_OP/AND_OP/OR_OP/MUL_ASSIGN/DIV_ASSIGN/MOD_ASSIGN/ADD_ASSIGN/SUB_ASSIGN/LEFT_ASSIGN/RIGHT_ASSIGN/AND_ASSIGN/XOR_ASSIGN/OR_ASSIGN/'('/')'/'['/']'/'.'/','/'&'/'*'/'+'/'-'/'/'/'%'/'<'/'>'/'^'/'|'/'='/'?'/':'
    50 expression -> • expression RIGHT_ASSIGN expression, yyeof/PTR_OP/INC_OP/DEC_OP/LEFT_OP/RIGHT_OP/LE_OP/GE_OP/EQ_OP/NE_OP/AND_OP/OR_OP/MUL_ASSIGN/DIV_ASSIGN/MOD_ASSIGN/ADD_ASSIGN/SUB_ASSIGN/LEFT_ASSIGN/RIGHT_ASSIGN/AND_ASSIGN/XOR_ASSIGN/OR_ASSIGN/'('/')'/'['/']'/'.'/','/'&'/'*'/'+'/'-'/'/'/'%'/'<'/'>'/'^'/'|'/'='/'?'/':'
    51 expression -> • expression AND_ASSIGN expression, yyeof/PTR_OP/INC_OP/DEC_OP/LEFT_OP/RIGHT_OP/LE_OP/GE_OP/EQ_OP/NE_OP/AND_OP/OR_OP/MUL_ASSIGN/DIV_ASSIGN/MOD_ASSIGN/ADD_ASSIGN/SUB_ASSIGN/LEFT_ASSIGN/RIGHT_ASSIGN/AND_ASSIGN/XOR_ASSIGN/OR_ASSIGN/'('/')'/'['/']'/'.'/','/'&'/'*'/'+'/'-'/'/'/'%'/'<'/'>'/'^'/'|'/'='/'?'/':'
    52 expression -> • expression XOR_ASSIGN expression, yyeof/PTR_OP/INC_OP/DEC_OP/LEFT_OP/RIGHT_OP/LE_OP/GE_OP/EQ_OP/NE_OP/AND_OP/OR_OP/MUL_ASSIGN/DIV_ASSIGN/MOD_ASSIGN/ADD_ASSIGN/SUB_ASSIGN/LEFT_ASSIGN/RIGHT_ASSIGN/AND_ASSIGN/XOR_ASSIGN/OR_ASSIGN/'('/')'/'['/']'/'.'/','/'&'/'*'/'+'/'-'/'/'/'%'/'<'/'>'/'^'/'|'/'='/'?'/':'
    53 expression -> • expression OR_ASSIGN expression, yyeof/PTR_OP/INC_OP/DEC_OP/LEFT_OP/RIGHT_OP/LE_OP/GE_OP/EQ_OP/NE_OP/AND_OP/OR_OP/MUL_ASSIGN/DIV_ASSIGN/MOD_ASSIGN/ADD_ASSIGN/SUB_ASSIGN/LEFT_ASSIGN/RIGHT_ASSIGN/AND_ASSIGN/XOR_ASSIGN/OR_ASSIGN/'('/')'/'['/']'/'.'/','/'&'/'*'/'+'/'-'/'/'/'%'/'<'/'>'/'^'/'|'/'='/'?'/':'
    54 expression -> • expression ',' expression, yyeof/PTR_OP/INC_OP/DEC_OP/LEFT_OP/RIGHT_OP/LE_OP/GE_OP/EQ_OP/NE_OP/AND_OP/OR_OP/MUL_ASSIGN/DIV_ASSIGN/MOD_ASSIGN/ADD_ASSIGN/SUB_ASSIGN/LEFT_ASSIGN/RIGHT_ASSIGN/AND_ASSIGN/XOR_ASSIGN/OR_ASSIGN/'('/')'/'['/']'/'.'/','/'&'/'*'/'+'/'-'/'/'/'%'/'<'/'>'/'^'/'|'/'='/'?'/':'
    55 expression -> • expression '?' expression ':' expression, yyeof/PTR_OP/INC_OP/DEC_OP/LEFT_OP/RIGHT_OP/LE_OP/GE_OP/EQ_OP/NE_OP/AND_OP/OR_OP/MUL_ASSIGN/DIV_ASSIGN/MOD_ASSIGN/ADD_ASSIGN/SUB_ASSIGN/LEFT_ASSIGN/RIGHT_ASSIGN/AND_ASSIGN/XOR_ASSIGN/OR_ASSIGN/'('/')'/'['/']'/'.'/','/'&'/'*'/'+'/'-'/'/'/'%'/'<'/'>'/'^'/'|'/'='/'?'/':'

    IDENTIFIER shift, and go to state 1
    STRING_LITERAL shift, and go to state 2
    CONSTANT shift, and go to state 3
    SIZEOF shift, and go to state 4
    INC_OP shift, and go to state 5
    DEC_OP shift, and go to state 6
    '(' shift, and go to state 9
    '&' shift, and go to state 10
    '*' shift, and go to state 11
    '+' shift, and go to state 12
    '-' shift, and go to state 13
    '~' shift, and go to state 14
    '!' shift, and go to state 15

    expression go to state 76


State 33

    2 expression -> • IDENTIFIER, yyeof/PTR_OP/INC_OP/DEC_OP/LEFT_OP/RIGHT_OP/LE_OP/GE_OP/EQ_OP/NE_OP/AND_OP/OR_OP/MUL_ASSIGN/DIV_ASSIGN/MOD_ASSIGN/ADD_ASSIGN/SUB_ASSIGN/LEFT_ASSIGN/RIGHT_ASSIGN/AND_ASSIGN/XOR_ASSIGN/OR_ASSIGN/'('/')'/'['/']'/'.'/','/'&'/'*'/'+'/'-'/'/'/'%'/'<'/'>'/'^'/'|'/'='/'?'/':'
    3 expression -> • CONSTANT, yyeof/PTR_OP/INC_OP/DEC_OP/LEFT_OP/RIGHT_OP/LE_OP/GE_OP/EQ_OP/NE_OP/AND_OP/OR_OP/MUL_ASSIGN/DIV_ASSIGN/MOD_ASSIGN/ADD_ASSIGN/SUB_ASSIGN/LEFT_ASSIGN/RIGHT_ASSIGN/AND_ASSIGN/XOR_ASSIGN/OR_ASSIGN/'('/')'/'['/']'/'.'/','/'&'/'*'/'+'/'-'/'/'/'%'/'<'/'>'/'^'/'|'/'='/'?'/':'
    4 expression -> • STRING_LITERAL, yyeof/PTR_OP/INC_OP/DEC_OP/LEFT_OP/RIGHT_OP/LE_OP/GE_OP/EQ_OP/NE_OP/AND_OP/OR_OP/MUL_ASSIGN/DIV_ASSIGN/MOD_ASSIGN/ADD_ASSIGN/SUB_ASSIGN/LEFT_ASSIGN/RIGHT_ASSIGN/AND_ASSIGN/XOR_ASSIGN/OR_ASSIGN/'('/')'/'['/']'/'.'/','/'&'/'*'/'+'/'-'/'/'/'%'/'<'/'>'/'^'/'|'/'='/'?'/':'
    5 expression -> • '(' expression ')', yyeof/PTR_OP/INC_OP/DEC_OP/LEFT_OP/RIGHT_OP/LE_OP/GE_OP/EQ_OP/NE_OP/AND_OP/OR_OP/MUL_ASSIGN/DIV_ASSIGN/MOD_ASSIGN/ADD_ASSIGN/SUB_ASSIGN/LEFT_ASSIGN/RIGHT_ASSIGN/AND_ASSIGN/XOR_ASSIGN/OR_ASSIGN/'('/')'/'['/']'/'.'/','/'&'/'*'/'+'/'-'/'/'/'%'/'<'/'>'/'^'/'|'/'='/'?'/':'
    6 expression -> • expression '[' expression ']', yyeof/PTR_OP/INC_OP/DEC_OP/LEFT_OP/RIGHT_OP/LE_OP/GE_OP/EQ_OP/NE_OP/AND_OP/OR_OP/MUL_ASSIGN/DIV_ASSIGN/MOD_ASSIGN/ADD_ASSIGN/SUB_ASSIGN/LEFT_ASSIGN/RIGHT_ASSIGN/AND_ASSIGN/XOR_ASSIGN/OR_ASSIGN/'('/')'/'['/']'/'.'/','/'&'/'*'/'+'/'-'/'/'/'%'/'<'/'>'/'^'/'|'/'='/'?'/':'
    7 expression -> • expression '(' ')', yyeof/PTR_OP/INC_OP/DEC_OP/LEFT_OP/RIGHT_OP/LE_OP/GE_OP/EQ_OP/NE_OP/AND_OP/OR_OP/MUL_ASSIGN/DIV_ASSIGN/MOD_ASSIGN/ADD_ASSIGN/SUB_ASSIGN/LEFT_ASSIGN/RIGHT_ASSIGN/AND_ASSIGN/XOR_ASSIGN/OR_ASSIGN/'('/')'/'['/']'/'.'/','/'&'/'*'/'+'/'-'/'/'/'%'/'<'/'>'/'^'/'|'/'='/'?'/':'
    8 expression -> • expression '(' expression ')', yyeof/PTR_OP/INC_OP/DEC_OP/LEFT_OP/RIGHT_OP/LE_OP/GE_OP/EQ_OP/NE_OP/AND_OP/OR_OP/MUL_ASSIGN/DIV_ASSIGN/MOD_ASSIGN/ADD_ASSIGN/SUB_ASSIGN/LEFT_ASSIGN/RIGHT_ASSIGN/AND_ASSIGN/XOR_ASSIGN/OR_ASSIGN/'('/')'/'['/']'/'.'/','/'&'/'*'/'+'/'-'/'/'/'%'/'<'/'>'/'^'/'|'/'='/'?'/':'
    9 expression -> • expression '.' IDENTIFIER, yyeof/PTR_OP/INC_OP/DEC_OP/LEFT_OP/RIGHT_OP/LE_OP/GE_OP/EQ_OP/NE_OP/AND_OP/OR_OP/MUL_ASSIGN/DIV_ASSIGN/MOD_ASSIGN/ADD_ASSIGN/SUB_ASSIGN/LEFT_ASSIGN/RIGHT_ASSIGN/AND_ASSIGN/XOR_ASSIGN/OR_ASSIGN/'('/')'/'['/']'/'.'/','/'&'/'*'/'+'/'-'/'/'/'%'/'<'/'>'/'^'/'|'/'='/'?'/':'
    10 expression -> • expression PTR_OP IDENTIFIER, yyeof/PTR_OP/INC_OP/DEC_OP/LEFT_OP/RIGHT_OP/LE_OP/GE_OP/EQ_OP/NE_OP/AND_OP/OR_OP/MUL_ASSIGN/DIV_ASSIGN/MOD_ASSIGN/ADD_ASSIGN/SUB_ASSIGN/LEFT_ASSIGN/RIGHT_ASSIGN/AND_ASSIGN/XOR_ASSIGN/OR_ASSIGN/'('/')'/'['/']'/'.'/','/'&'/'*'/'+'/'-'/'/'/'%'/'<'/'>'/'^'/'|'/'='/'?'/':'
    11 expression -> • expression INC_OP, yyeof/PTR_OP/INC_OP/DEC_OP/LEFT_OP/RIGHT_OP/LE_OP/GE_OP/EQ_OP/NE_OP/AND_OP/OR_OP/MUL_ASSIGN/DIV_ASSIGN/MOD_ASSIGN/ADD_ASSIGN/SUB_ASSIGN/LEFT_ASSIGN/RIGHT_ASSIGN/AND_ASSIGN/XOR_ASSIGN/OR_ASSIGN/'('/')'/'['/']'/'.'/','/'&'/'*'/'+'/'-'/'/'/'%'/'<'/'>'/'^'/'|'/'='/'?'/':'
    12 expression -> • expression DEC_OP, yyeof/PTR_OP/INC_OP/DEC_OP/LEFT_OP/RIGHT_OP/LE_OP/GE_OP/EQ_OP/NE_OP/AND_OP/OR_OP/MUL_ASSIGN/DIV_ASSIGN/MOD_ASSIGN/ADD_ASSIGN/SUB_ASSIGN/LEFT_ASSIGN/RIGHT_ASSIGN/AND_ASSIGN/XOR_ASSIGN/OR_ASSIGN/'('/')'/'['/']'/'.'/','/'&'/'*'/'+'/'-'/'/'/'%'/'<'/'>'/'^'/'|'/'='/'?'/':'
    13 expression -> • expression ',' expression, yyeof/PTR_OP/INC_OP/DEC_OP/LEFT_OP/RIGHT_OP/LE_OP/GE_OP/EQ_OP/NE_OP/AND_OP/OR_OP/MUL_ASSIGN/DIV_ASSIGN/MOD_ASSIGN/ADD_ASSIGN/SUB_ASSIGN/LEFT_ASSIGN/RIGHT_ASSIGN/AND_ASSIGN/XOR_ASSIGN/OR_ASSIGN/'('/')'/'['/']'/'.'/','/'&'/'*'/'+'/'-'/'/'/'%'/'<'/'>'/'^'/'|'/'='/'?'/':'
    14 expression -> • INC_OP expression, yyeof/PTR_OP/INC_OP/DEC_OP/LEFT_OP/RIGHT_OP/LE_OP/GE_OP/EQ_OP/NE_OP/AND_OP/OR_OP/MUL_ASSIGN/DIV_ASSIGN/MOD_ASSIGN/ADD_ASSIGN/SUB_ASSIGN/LEFT_ASSIGN/RIGHT_ASSIGN/AND_ASSIGN/XOR_ASSIGN/OR_ASSIGN/'('/')'/'['/']'/'.'/','/'&'/'*'/'+'/'-'/'/'/'%'/'<'/'>'/'^'/'|'/'='/'?'/':'
    15 expression -> • DEC_OP expression, yyeof/PTR_OP/INC_OP/DEC_OP/LEFT_OP/RIGHT_OP/LE_OP/GE_OP/EQ_OP/NE_OP/AND_OP/OR_OP/MUL_ASSIGN/DIV_ASSIGN/MOD_ASSIGN/ADD_ASSIGN/SUB_ASSIGN/LEFT_ASSIGN/RIGHT_ASSIGN/AND_ASSIGN/XOR_ASSIGN/OR_ASSIGN/'('/')'/'['/']'/'.'/','/'&'/'*'/'+'/'-'/'/'/'%'/'<'/'>'/'^'/'|'/'='/'?'/':'
    16 expression -> • SIZEOF expression, yyeof/PTR_OP/INC_OP/DEC_OP/LEFT_OP/RIGHT_OP/LE_OP/GE_OP/EQ_OP/NE_OP/AND_OP/OR_OP/MUL_ASSIGN/DIV_ASSIGN/MOD_ASSIGN/ADD_ASSIGN/SUB_ASSIGN/LEFT_ASSIGN/RIGHT_ASSIGN/AND_ASSIGN/XOR_ASSIGN/OR_ASSIGN/'('/')'/'['/']'/'.'/','/'&'/'*'/'+'/'-'/'/'/'%'/'<'/'>'/'^'/'|'/'='/'?'/':'
    17 expression -> • SIZEOF '(' type_name ')', yyeof/PTR_OP/INC_OP/DEC_OP/LEFT_OP/RIGHT_OP/LE_OP/GE_OP/EQ_OP/NE_OP/AND_OP/OR_OP/MUL_ASSIGN/DIV_ASSIGN/MOD_ASSIGN/ADD_ASSIGN/SUB_ASSIGN/LEFT_ASSIGN/RIGHT_ASSIGN/AND_ASSIGN/XOR_ASSIGN/OR_ASSIGN/'('/')'/'['/']'/'.'/','/'&'/'*'/'+'/'-'/'/'/'%'/'<'/'>'/'^'/'|'/'='/'?'/':'
    18 expression -> • '(' type_name ')' expression, yyeof/PTR_OP/INC_OP/DEC_OP/LEFT_OP/RIGHT_OP/LE_OP/GE_OP/EQ_OP/NE_OP/AND_OP/OR_OP/MUL_ASSIGN/DIV_ASSIGN/MOD_ASSIGN/ADD_ASSIGN/SUB_ASSIGN/LEFT_ASSIGN/RIGHT_ASSIGN/AND_ASSIGN/XOR_ASSIGN/OR_ASSIGN/'('/')'/'['/']'/'.'/','/'&'/'*'/'+'/'-'/'/'/'%'/'<'/'>'/'^'/'|'/'='/'?'/':'
    19 expression -> • '&' expression, yyeof/PTR_OP/INC_OP/DEC_OP/LEFT_OP/RIGHT_OP/LE_OP/GE_OP/EQ_OP/NE_OP/AND_OP/OR_OP/MUL_ASSIGN/DIV_ASSIGN/MOD_ASSIGN/ADD_ASSIGN/SUB_ASSIGN/LEFT_ASSIGN/RIGHT_ASSIGN/AND_ASSIGN/XOR_ASSIGN/OR_ASSIGN/'('/')'/'['/']'/'.'/','/'&'/'*'/'+'/'-'/'/'/'%'/'<'/'>'/'^'/'|'/'='/'?'/':'
    20 expression -> • '*' expression, yyeof/PTR_OP/INC_OP/DEC_OP/LEFT_OP/RIGHT_OP/LE_OP/GE_OP/EQ_OP/NE_OP/AND_OP/OR_OP/MUL_ASSIGN/DIV_ASSIGN/MOD_ASSIGN/ADD_ASSIGN/SUB_ASSIGN/LEFT_ASSIGN/RIGHT_ASSIGN/AND_ASSIGN/XOR_ASSIGN/OR_ASSIGN/'('/')'/'['/']'/'.'/','/'&'/'*'/'+'/'-'/'/'/'%'/'<'/'>'/'^'/'|'/'='/'?'/':'
    21 expression -> • '+' expression, yyeof/PTR_OP/INC_OP/DEC_OP/LEFT_OP/RIGHT_OP/LE_OP/GE_OP/EQ_OP/NE_OP/AND_OP/OR_OP/MUL_ASSIGN/DIV_ASSIGN/MOD_ASSIGN/ADD_ASSIGN/SUB_ASSIGN/LEFT_ASSIGN/RIGHT_ASSIGN/AND_ASSIGN/XOR_ASSIGN/OR_ASSIGN/'('/')'/'['/']'/'.'/','/'&'/'*'/'+'/'-'/'/'/'%'/'<'/'>'/'^'/'|'/'='/'?'/':'
    22 expression -> • '-' expression, yyeof/PTR_OP/INC_OP/DEC_OP/LEFT_OP/RIGHT_OP/LE_OP/GE_OP/EQ_OP/NE_OP/AND_OP/OR_OP/MUL_ASSIGN/DIV_ASSIGN/MOD_ASSIGN/ADD_ASSIGN/SUB_ASSIGN/LEFT_ASSIGN/RIGHT_ASSIGN/AND_ASSIGN/XOR_ASSIGN/OR_ASSIGN/'('/')'/'['/']'/'.'/','/'&'/'*'/'+'/'-'/'/'/'%'/'<'/'>'/'^'/'|'/'='/'?'/':'
    23 expression -> • '~' expression, yyeof/PTR_OP/INC_OP/DEC_OP/LEFT_OP/RIGHT_OP/LE_OP/GE_OP/EQ_OP/NE_OP/AND_OP/OR_OP/MUL_ASSIGN/DIV_ASSIGN/MOD_ASSIGN/ADD_ASSIGN/SUB_ASSIGN/LEFT_ASSIGN/RIGHT_ASSIGN/AND_ASSIGN/XOR_ASSIGN/OR_ASSIGN/'('/')'/'['/']'/'.'/','/'&'/'*'/'+'/'-'/'/'/'%'/'<'/'>'/'^'/'|'/'='/'?'/':'
    24 expression -> • '!' expression, yyeof/PTR_OP/INC_OP/DEC_OP/LEFT_OP/RIGHT_OP/LE_OP/GE_OP/EQ_OP/NE_OP/AND_OP/OR_OP/MUL_ASSIGN/DIV_ASSIGN/MOD_ASSIGN/ADD_ASSIGN/SUB_ASSIGN/LEFT_ASSIGN/RIGHT_ASSIGN/AND_ASSIGN/XOR_ASSIGN/OR_ASSIGN/'('/')'/'['/']'/'.'/','/'&'/'*'/'+'/'-'/'/'/'%'/'<'/'>'/'^'/'|'/'='/'?'/':'
    25 expression -> • expression '+' expression, yyeof/PTR_OP/INC_OP/DEC_OP/LEFT_OP/RIGHT_OP/LE_OP/GE_OP/EQ_OP/NE_OP/AND_OP/OR_OP/MUL_ASSIGN/DIV_ASSIGN/MOD_ASSIGN/ADD_ASSIGN/SUB_ASSIGN/LEFT_ASSIGN/RIGHT_ASSIGN/AND_ASSIGN/XOR_ASSIGN/OR_ASSIGN/'('/')'/'['/']'/'.'/','/'&'/'*'/'+'/'-'/'/'/'%'/'<'/'>'/'^'/'|'/'='/'?'/':'
    26 expression -> • expression '-' expression, yyeof/PTR_OP/INC_OP/DEC_OP/LEFT_OP/RIGHT_OP/LE_OP/GE_OP/EQ_OP/NE_OP/AND_OP/OR_OP/MUL_ASSIGN/DIV_ASSIGN/MOD_ASSIGN/ADD_ASSIGN/SUB_ASSIGN/LEFT_ASSIGN/RIGHT_ASSIGN/AND_ASSIGN/XOR_ASSIGN/OR_ASSIGN/'('/')'/'['/']'/'.'/','/'&'/'*'/'+'/'-'/'/'/'%'/'<'/'>'/'^'/'|'/'='/'?'/':'
    27 expression -> • expression '*' expression, yyeof/PTR_OP/INC_OP/DEC_OP/LEFT_OP/RIGHT_OP/LE_OP/GE_OP/EQ_OP/NE_OP/AND_OP/OR_OP/MUL_ASSIGN/DIV_ASSIGN/MOD_ASSIGN/ADD_ASSIGN/SUB_ASSIGN/LEFT_ASSIGN/RIGHT_ASSIGN/AND_ASSIGN/XOR_ASSIGN/OR_ASSIGN/'('/')'/'['/']'/'.'/','/'&'/'*'/'+'/'-'/'/'/'%'/'<'/'>'/'^'/'|'/'='/'?'/':'
    28 expression -> • expression '/' expression, yyeof/PTR_OP/INC_OP/DEC_OP/LEFT_OP/RIGHT_OP/LE_OP/GE_OP/EQ_OP/NE_OP/AND_OP/OR_OP/MUL_ASSIGN/DIV_ASSIGN/MOD_ASSIGN/ADD_ASSIGN/SUB_ASSIGN/LEFT_ASSIGN/RIGHT_ASSIGN/AND_ASSIGN/XOR_ASSIGN/OR_ASSIGN/'('/')'/'['/']'/'.'/','/'&'/'*'/'+'/'-'/'/'/'%'/'<'/'>'/'^'/'|'/'='/'?'/':'
    29 expression -> • expression '%' expression, yyeof/PTR_OP/INC_OP/DEC_OP/LEFT_OP/RIGHT_OP/LE_OP/GE_OP/EQ_OP/NE_OP/AND_OP/OR_OP/MUL_ASSIGN/DIV_ASSIGN/MOD_ASSIGN/ADD_ASSIGN/SUB_ASSIGN/LEFT_ASSIGN/RIGHT_ASSIGN/AND_ASSIGN/XOR_ASSIGN/OR_ASSIGN/'('/')'/'['/']'/'.'/','/'&'/'*'/'+'/'-'/'/'/'%'/'<'/'>'/'^'/'|'/'='/'?'/':'
    30 expression -> • expression LEFT_OP expression, yyeof/PTR_OP/INC_OP/DEC_OP/LEFT_OP/RIGHT_OP/LE_OP/GE_OP/EQ_OP/NE_OP/AND_OP/OR_OP/MUL_ASSIGN/DIV_ASSIGN/MOD_ASSIGN/ADD_ASSIGN/SUB_ASSIGN/LEFT_ASSIGN/RIGHT_ASSIGN/AND_ASSIGN/XOR_ASSIGN/OR_ASSIGN/'('/')'/'['/']'/'.'/','/'&'/'*'/'+'/'-'/'/'/'%'/'<'/'>'/'^'/'|'/'='/'?'/':'
    31 expression -> • expression RIGHT_OP expression, yyeof/PTR_OP/INC_OP/DEC_OP/LEFT_OP/RIGHT_OP/LE_OP/GE_OP/EQ_OP/NE_OP/AND_OP/OR_OP/MUL_ASSIGN/DIV_ASSIGN/MOD_ASSIGN/ADD_ASSIGN/SUB_ASSIGN/LEFT_ASSIGN/RIGHT_ASSIGN/AND_ASSIGN/XOR_ASSIGN/OR_ASSIGN/'('/')'/'['/']'/'.'/','/'&'/'*'/'+'/'-'/'/'/'%'/'<'/'>'/'^'/'|'/'='/'?'/':'
    32 expression -> • expression '<' expression, yyeof/PTR_OP/INC_OP/DEC_OP/LEFT_OP/RIGHT_OP/LE_OP/GE_OP/EQ_OP/NE_OP/AND_OP/OR_OP/MUL_ASSIGN/DIV_ASSIGN/MOD_ASSIGN/ADD_ASSIGN/SUB_ASSIGN/LEFT_ASSIGN/RIGHT_ASSIGN/AND_ASSIGN/XOR_ASSIGN/OR_ASSIGN/'('/')'/'['/']'/'.'/','/'&'/'*'/'+'/'-'/'/'/'%'/'<'/'>'/'^'/'|'/'='/'?'/':'
    33 expression -> • expression '>' expression, yyeof/PTR_OP/INC_OP/DEC_OP/LEFT_OP/RIGHT_OP/LE_OP/GE_OP/EQ_OP/NE_OP/AND_OP/OR_OP/MUL_ASSIGN/DIV_ASSIGN/MOD_ASSIGN/ADD_ASSIGN/SUB_ASSIGN/LEFT_ASSIGN/RIGHT_ASSIGN/AND_ASSIGN/XOR_ASSIGN/OR_ASSIGN/'('/')'/'['/']'/'.'/','/'&'/'*'/'+'/'-'/'/'/'%'/'<'/'>'/'^'/'|'/'='/'?'/':'
    34 expression -> • expression LE_OP expression, yyeof/PTR_OP/INC_OP/DEC_OP/LEFT_OP/RIGHT_OP/LE_OP/GE_OP/EQ_OP/NE_OP/AND_OP/OR_OP/MUL_ASSIGN/DIV_ASSIGN/MOD_ASSIGN/ADD_ASSIGN/SUB_ASSIGN/LEFT_ASSIGN/RIGHT_ASSIGN/AND_ASSIGN/XOR_ASSIGN/OR_ASSIGN/'('/')'/'['/']'/'.'/','/'&'/'*'/'+'/'-'/'/'/'%'/'<'/'>'/'^'/'|'/'='/'?'/':'
    35 expression -> • expression GE_OP expression, yyeof/PTR_OP/INC_OP/DEC_OP/LEFT_OP/RIGHT_OP/LE_OP/GE_OP/EQ_OP/NE_OP/AND_OP/OR_OP/MUL_ASSIGN/DIV_ASSIGN/MOD_ASSIGN/ADD_ASSIGN/SUB_ASSIGN/LEFT_ASSIGN/RIGHT_ASSIGN/AND_ASSIGN/XOR_ASSIGN/OR_ASSIGN/'('/')'/'['/']'/'.'/','/'&'/'*'/'+'/'-'/'/'/'%'/'<'/'>'/'^'/'|'/'='/'?'/':'
    36 expression -> • expression EQ_OP expression, yyeof/PTR_OP/INC_OP/DEC_OP/LEFT_OP/RIGHT_OP/LE_OP/GE_OP/EQ_OP/NE_OP/AND_OP/OR_OP/MUL_ASSIGN/DIV_ASSIGN/MOD_ASSIGN/ADD_ASSIGN/SUB_ASSIGN/LEFT_ASSIGN/RIGHT_ASSIGN/AND_ASSIGN/XOR_ASSIGN/OR_ASSIGN/'('/')'/'['/']'/'.'/','/'&'/'*'/'+'/'-'/'/'/'%'/'<'/'>'/'^'/'|'/'='/'?'/':'
    37 expression -> • expression NE_OP expression, yyeof/PTR_OP/INC_OP/DEC_OP/LEFT_OP/RIGHT_OP/LE_OP/GE_OP/EQ_OP/NE_OP/AND_OP/OR_OP/MUL_ASSIGN/DIV_ASSIGN/MOD_ASSIGN/ADD_ASSIGN/SUB_ASSIGN/LEFT_ASSIGN/RIGHT_ASSIGN/AND_ASSIGN/XOR_ASSIGN/OR_ASSIGN/'('/')'/'['/']'/'.'/','/'&'/'*'/'+'/'-'/'/'/'%'/'<'/'>'/'^'/'|'/'='/'?'/':'
    38 expression -> • expression '&' expression, yyeof/PTR_OP/INC_OP/DEC_OP/LEFT_OP/RIGHT_OP/LE_OP/GE_OP/EQ_OP/NE_OP/AND_OP/OR_OP/MUL_ASSIGN/DIV_ASSIGN/MOD_ASSIGN/ADD_ASSIGN/SUB_ASSIGN/LEFT_ASSIGN/RIGHT_ASSIGN/AND_ASSIGN/XOR_ASSIGN/OR_ASSIGN/'('/')'/'['/']'/'.'/','/'&'/'*'/'+'/'-'/'/'/'%'/'<'/'>'/'^'/'|'/'='/'?'/':'
    39 expression -> • expression '^' expression, yyeof/PTR_OP/INC_OP/DEC_OP/LEFT_OP/RIGHT_OP/LE_OP/GE_OP/EQ_OP/NE_OP/AND_OP/OR_OP/MUL_ASSIGN/DIV_ASSIGN/MOD_ASSIGN/ADD_ASSIGN/SUB_ASSIGN/LEFT_ASSIGN/RIGHT_ASSIGN/AND_ASSIGN/XOR_ASSIGN/OR_ASSIGN/'('/')'/'['/']'/'.'/','/'&'/'*'/'+'/'-'/'/'/'%'/'<'/'>'/'^'/'|'/'='/'?'/':'
    40 expression -> • expression '|' expression, yyeof/PTR_OP/INC_OP/DEC_OP/LEFT_OP/RIGHT_OP/LE_OP/GE_OP/EQ_OP/NE_OP/AND_OP/OR_OP/MUL_ASSIGN/DIV_ASSIGN/MOD_ASSIGN/ADD_ASSIGN/SUB_ASSIGN/LEFT_ASSIGN/RIGHT_ASSIGN/AND_ASSIGN/XOR_ASSIGN/OR_ASSIGN/'('/')'/'['/']'/'.'/','/'&'/'*'/'+'/'-'/'/'/'%'/'<'/'>'/'^'/'|'/'='/'?'/':'
    41 expression -> • expression AND_OP expression, yyeof/PTR_OP/INC_OP/DEC_OP/LEFT_OP/RIGHT_OP/LE_OP/GE_OP/EQ_OP/NE_OP/AND_OP/OR_OP/MUL_ASSIGN/DIV_ASSIGN/MOD_ASSIGN/ADD_ASSIGN/SUB_ASSIGN/LEFT_ASSIGN/RIGHT_ASSIGN/AND_ASSIGN/XOR_ASSIGN/OR_ASSIGN/'('/')'/'['/']'/'.'/','/'&'/'*'/'+'/'-'/'/'/'%'/'<'/'>'/'^'/'|'/'='/'?'/':'
    42 expression -> • expression OR_OP expression, yyeof/PTR_OP/INC_OP/DEC_OP/LEFT_OP/RIGHT_OP/LE_OP/GE_OP/EQ_OP/NE_OP/AND_OP/OR_OP/MUL_ASSIGN/DIV_ASSIGN/MOD_ASSIGN/ADD_ASSIGN/SUB_ASSIGN/LEFT_ASSIGN/RIGHT_ASSIGN/AND_ASSIGN/XOR_ASSIGN/OR_ASSIGN/'('/')'/'['/']'/'.'/','/'&'/'*'/'+'/'-'/'/'/'%'/'<'/'>'/'^'/'|'/'='/'?'/':'
    43 expression -> • expression '=' expression, yyeof/PTR_OP/INC_OP/DEC_OP/LEFT_OP/RIGHT_OP/LE_OP/GE_OP/EQ_OP/NE_OP/AND_OP/OR_OP/MUL_ASSIGN/DIV_ASSIGN/MOD_ASSIGN/ADD_ASSIGN/SUB_ASSIGN/LEFT_ASSIGN/RIGHT_ASSIGN/AND_ASSIGN/XOR_ASSIGN/OR_ASSIGN/'('/')'/'['/']'/'.'/','/'&'/'*'/'+'/'-'/'/'/'%'/'<'/'>'/'^'/'|'/'='/'?'/':'
    44 expression -> • expression MUL_ASSIGN expression, yyeof/PTR_OP/INC_OP/DEC_OP/LEFT_OP/RIGHT_OP/LE_OP/GE_OP/EQ_OP/NE_OP/AND_OP/OR_OP/MUL_ASSIGN/DIV_ASSIGN/MOD_ASSIGN/ADD_ASSIGN/SUB_ASSIGN/LEFT_ASSIGN/RIGHT_ASSIGN/AND_ASSIGN/XOR_ASSIGN/OR_ASSIGN/'('/')'/'['/']'/'.'/','/'&'/'*'/'+'/'-'/'/'/'%'/'<'/'>'/'^'/'|'/'='/'?'/':'
    45 expression -> • expression DIV_ASSIGN expression, yyeof/PTR_OP/INC_OP/DEC_OP/LEFT_OP/RIGHT_OP/LE_OP/GE_OP/EQ_OP/NE_OP/AND_OP/OR_OP/MUL_ASSIGN/DIV_ASSIGN/MOD_ASSIGN/ADD_ASSIGN/SUB_ASSIGN/LEFT_ASSIGN/RIGHT_ASSIGN/AND_ASSIGN/XOR_ASSIGN/OR_ASSIGN/'('/')'/'['/']'/'.'/','/'&'/'*'/'+'/'-'/'/'/'%'/'<'/'>'/'^'/'|'/'='/'?'/':'
    46 expression -> • expression MOD_ASSIGN expression, yyeof/PTR_OP/INC_OP/DEC_OP/LEFT_OP/RIGHT_OP/LE_OP/GE_OP/EQ_OP/NE_OP/AND_OP/OR_OP/MUL_ASSIGN/DIV_ASSIGN/MOD_ASSIGN/ADD_ASSIGN/SUB_ASSIGN/LEFT_ASSIGN/RIGHT_ASSIGN/AND_ASSIGN/XOR_ASSIGN/OR_ASSIGN/'('/')'/'['/']'/'.'/','/'&'/'*'/'+'/'-'/'/'/'%'/'<'/'>'/'^'/'|'/'='/'?'/':'
    46 expression -> expression MOD_ASSIGN • expression, yyeof/PTR_OP/INC_OP/DEC_OP/LEFT_OP/RIGHT_OP/LE_OP/GE_OP/EQ_OP/NE_OP/AND_OP/OR_OP/MUL_ASSIGN/DIV_ASSIGN/MOD_ASSIGN/ADD_ASSIGN/SUB_ASSIGN/LEFT_ASSIGN/RIGHT_ASSIGN/AND_ASSIGN/XOR_ASSIGN/OR_ASSIGN/'('/')'/'['/']'/'.'/','/'&'/'*'/'+'/'-'/'/'/'%'/'<'/'>'/'^'/'|'/'='/'?'/':'
    47 expression -> • expression ADD_ASSIGN expression, yyeof/PTR_OP/INC_OP/DEC_OP/LEFT_OP/RIGHT_OP/LE_OP/GE_OP/EQ_OP/NE_OP/AND_OP/OR_OP/MUL_ASSIGN/DIV_ASSIGN/MOD_ASSIGN/ADD_ASSIGN/SUB_ASSIGN/LEFT_ASSIGN/RIGHT_ASSIGN/AND_ASSIGN/XOR_ASSIGN/OR_ASSIGN/'('/')'/'['/']'/'.'/','/'&'/'*'/'+'/'-'/'/'/'%'/'<'/'>'/'^'/'|'/'='/'?'/':'
    48 expression -> • expression SUB_ASSIGN expression, yyeof/PTR_OP/INC_OP/DEC_OP/LEFT_OP/RIGHT_OP/LE_OP/GE_OP/EQ_OP/NE_OP/AND_OP/OR_OP/MUL_ASSIGN/DIV_ASSIGN/MOD_ASSIGN/ADD_ASSIGN/SUB_ASSIGN/LEFT_ASSIGN/RIGHT_ASSIGN/AND_ASSIGN/XOR_ASSIGN/OR_ASSIGN/'('/')'/'['/']'/'.'/','/'&'/'*'/'+'/'-'/'/'/'%'/'<'/'>'/'^'/'|'/'='/'?'/':'
    49 expression -> • expression LEFT_ASSIGN expression, yyeof/PTR_OP/INC_OP/DEC_OP/LEFT_OP/RIGHT_OP/LE_OP/GE_OP/EQ_OP/NE_OP/AND_OP/OR_OP/MUL_ASSIGN/DIV_ASSIGN/MOD_ASSIGN/ADD_ASSIGN/SUB_ASSIGN/LEFT_ASSIGN/RIGHT_ASSIGN/AND_ASSIGN/XOR_ASSIGN/OR_ASSIGN/'('/')'/'['/']'/'.'/','/'&'/'*'/'+'/'-'/'/'/'%'/'<'/'>'/'^'/'|'/'='/'?'/':'
    50 expression -> • expression RIGHT_ASSIGN expression, yyeof/PTR_OP/INC_OP/DEC_OP/LEFT_OP/RIGHT_OP/LE_OP/GE_OP/EQ_OP/NE_OP/AND_OP/OR_OP/MUL_ASSIGN/DIV_ASSIGN/MOD_ASSIGN/ADD_ASSIGN/SUB_ASSIGN/LEFT_ASSIGN/RIGHT_ASSIGN/AND_ASSIGN/XOR_ASSIGN/OR_ASSIGN/'('/')'/'['/']'/'.'/','/'&'/'*'/'+'/'-'/'/'/'%'/'<'/'>'/'^'/'|'/'='/'?'/':'
    51 expression -> • expression AND_ASSIGN expression, yyeof/PTR_OP/INC_OP/DEC_OP/LEFT_OP/RIGHT_OP/LE_OP/GE_OP/EQ_OP/NE_OP/AND_OP/OR_OP/MUL_ASSIGN/DIV_ASSIGN/MOD_ASSIGN/ADD_ASSIGN/SUB_ASSIGN/LEFT_ASSIGN/RIGHT_ASSIGN/AND_ASSIGN/XOR_ASSIGN/OR_ASSIGN/'('/')'/'['/']'/'.'/','/'&'/'*'/'+'/'-'/'/'/'%'/'<'/'>'/'^'/'|'/'='/'?'/':'
    52 expression -> • expression XOR_ASSIGN expression, yyeof/PTR_OP/INC_OP/DEC_OP/LEFT_OP/RIGHT_OP/LE_OP/GE_OP/EQ_OP/NE_OP/AND_OP/OR_OP/MUL_ASSIGN/DIV_ASSIGN/MOD_ASSIGN/ADD_ASSIGN/SUB_ASSIGN/LEFT_ASSIGN/RIGHT_ASSIGN/AND_ASSIGN/XOR_ASSIGN/OR_ASSIGN/'('/')'/'['/']'/'.'/','/'&'/'*'/'+'/'-'/'/'/'%'/'<'/'>'/'^'/'|'/'='/'?'/':'
    53 expression -> • expression OR_ASSIGN expression, yyeof/PTR_OP/INC_OP/DEC_OP/LEFT_OP/RIGHT_OP/LE_OP/GE_OP/EQ_OP/NE_OP/AND_OP/OR_OP/MUL_ASSIGN/DIV_ASSIGN/MOD_ASSIGN/ADD_ASSIGN/SUB_ASSIGN/LEFT_ASSIGN/RIGHT_ASSIGN/AND_ASSIGN/XOR_ASSIGN/OR_ASSIGN/'('/')'/'['/']'/'.'/','/'&'/'*'/'+'/'-'/'/'/'%'/'<'/'>'/'^'/'|'/'='/'?'/':'
    54 expression -> • expression ',' expression, yyeof/PTR_OP/INC_OP/DEC_OP/LEFT_OP/RIGHT_OP/LE_OP/GE_OP/EQ_OP/NE_OP/AND_OP/OR_OP/MUL_ASSIGN/DIV_ASSIGN/MOD_ASSIGN/ADD_ASSIGN/SUB_ASSIGN/LEFT_ASSIGN/RIGHT_ASSIGN/AND_ASSIGN/XOR_ASSIGN/OR_ASSIGN/'('/')'/'['/']'/'.'/','/'&'/'*'/'+'/'-'/'/'/'%'/'<'/'>'/'^'/'|'/'='/'?'/':'
    55 expression -> • expression '?' expression ':' expression, yyeof/PTR_OP/INC_OP/DEC_OP/LEFT_OP/RIGHT_OP/LE_OP/GE_OP/EQ_OP/NE_OP/AND_OP/OR_OP/MUL_ASSIGN/DIV_ASSIGN/MOD_ASSIGN/ADD_ASSIGN/SUB_ASSIGN/LEFT_ASSIGN/RIGHT_ASSIGN/AND_ASSIGN/XOR_ASSIGN/OR_ASSIGN/'('/')'/'['/']'/'.'/','/'&'/'*'/'+'/'-'/'/'/'%'/'<'/'>'/'^'/'|'/'='/'?'/':'

    IDENTIFIER shift, and go to state 1
    STRING_LITERAL shift, and go to state 2
    CONSTANT shift, and go to state 3
    SIZEOF shift, and go to state 4
    INC_OP shift, and go to state 5
    DEC_OP shift, and go to state 6
    '(' shift, and go to state 9
    '&' shift, and go to state 10
    '*' shift, and go to state 11
    '+' shift, and go to state 12
    '-' shift, and go to state 13
    '~' shift, and go to state 14
    '!' shift, and go to state 15

    expression go to state 77


State 34

    2 expression -> • IDENTIFIER, yyeof/PTR_OP/INC_OP/DEC_OP/LEFT_OP/RIGHT_OP/LE_OP/GE_OP/EQ_OP/NE_OP/AND_OP/OR_OP/MUL_ASSIGN/DIV_ASSIGN/MOD_ASSIGN/ADD_ASSIGN/SUB_ASSIGN/LEFT_ASSIGN/RIGHT_ASSIGN/AND_ASSIGN/XOR_ASSIGN/OR_ASSIGN/'('/')'/'['/']'/'.'/','/'&'/'*'/'+'/'-'/'/'/'%'/'<'/'>'/'^'/'|'/'='/'?'/':'
    3 expression -> • CONSTANT, yyeof/PTR_OP/INC_OP/DEC_OP/LEFT_OP/RIGHT_OP/LE_OP/GE_OP/EQ_OP/NE_OP/AND_OP/OR_OP/MUL_ASSIGN/DIV_ASSIGN/MOD_ASSIGN/ADD_ASSIGN/SUB_ASSIGN/LEFT_ASSIGN/RIGHT_ASSIGN/AND_ASSIGN/XOR_ASSIGN/OR_ASSIGN/'('/')'/'['/']'/'.'/','/'&'/'*'/'+'/'-'/'/'/'%'/'<'/'>'/'^'/'|'/'='/'?'/':'
    4 expression -> • STRING_LITERAL, yyeof/PTR_OP/INC_OP/DEC_OP/LEFT_OP/RIGHT_OP/LE_OP/GE_OP/EQ_OP/NE_OP/AND_OP/OR_OP/MUL_ASSIGN/DIV_ASSIGN/MOD_ASSIGN/ADD_ASSIGN/SUB_ASSIGN/LEFT_ASSIGN/RIGHT_ASSIGN/AND_ASSIGN/XOR_ASSIGN/OR_ASSIGN/'('/')'/'['/']'/'.'/','/'&'/'*'/'+'/'-'/'/'/'%'/'<'/'>'/'^'/'|'/'='/'?'/':'
    5 expression -> • '(' expression ')', yyeof/PTR_OP/INC_OP/DEC_OP/LEFT_OP/RIGHT_OP/LE_OP/GE_OP/EQ_OP/NE_OP/AND_OP/OR_OP/MUL_ASSIGN/DIV_ASSIGN/MOD_ASSIGN/ADD_ASSIGN/SUB_ASSIGN/LEFT_ASSIGN/RIGHT_ASSIGN/AND_ASSIGN/XOR_ASSIGN/OR_ASSIGN/'('/')'/'['/']'/'.'/','/'&'/'*'/'+'/'-'/'/'/'%'/'<'/'>'/'^'/'|'/'='/'?'/':'
    6 expression -> • expression '[' expression ']', yyeof/PTR_OP/INC_OP/DEC_OP/LEFT_OP/RIGHT_OP/LE_OP/GE_OP/EQ_OP/NE_OP/AND_OP/OR_OP/MUL_ASSIGN/DIV_ASSIGN/MOD_ASSIGN/ADD_ASSIGN/SUB_ASSIGN/LEFT_ASSIGN/RIGHT_ASSIGN/AND_ASSIGN/XOR_ASSIGN/OR_ASSIGN/'('/')'/'['/']'/'.'/','/'&'/'*'/'+'/'-'/'/'/'%'/'<'/'>'/'^'/'|'/'='/'?'/':'
    7 expression -> • expression '(' ')', yyeof/PTR_OP/INC_OP/DEC_OP/LEFT_OP/RIGHT_OP/LE_OP/GE_OP/EQ_OP/NE_OP/AND_OP/OR_OP/MUL_ASSIGN/DIV_ASSIGN/MOD_ASSIGN/ADD_ASSIGN/SUB_ASSIGN/LEFT_ASSIGN/RIGHT_ASSIGN/AND_ASSIGN/XOR_ASSIGN/OR_ASSIGN/'('/')'/'['/']'/'.'/','/'&'/'*'/'+'/'-'/'/'/'%'/'<'/'>'/'^'/'|'/'='/'?'/':'
    8 expression -> • expression '(' expression ')', yyeof/PTR_OP/INC_OP/DEC_OP/LEFT_OP/RIGHT_OP/LE_OP/GE_OP/EQ_OP/NE_OP/AND_OP/OR_OP/MUL_ASSIGN/DIV_ASSIGN/MOD_ASSIGN/ADD_ASSIGN/SUB_ASSIGN/LEFT_ASSIGN/RIGHT_ASSIGN/AND_ASSIGN/XOR_ASSIGN/OR_ASSIGN/'('/')'/'['/']'/'.'/','/'&'/'*'/'+'/'-'/'/'/'%'/'<'/'>'/'^'/'|'/'='/'?'/':'
    9 expression -> • expression '.' IDENTIFIER, yyeof/PTR_OP/INC_OP/DEC_OP/LEFT_OP/RIGHT_OP/LE_OP/GE_OP/EQ_OP/NE_OP/AND_OP/OR_OP/MUL_ASSIGN/DIV_ASSIGN/MOD_ASSIGN/ADD_ASSIGN/SUB_ASSIGN/LEFT_ASSIGN/RIGHT_ASSIGN/AND_ASSIGN/XOR_ASSIGN/OR_ASSIGN/'('/')'/'['/']'/'.'/','/'&'/'*'/'+'/'-'/'/'/'%'/'<'/'>'/'^'/'|'/'='/'?'/':'
    10 expression -> • expression PTR_OP IDENTIFIER, yyeof/PTR_OP/INC_OP/DEC_OP/LEFT_OP/RIGHT_OP/LE_OP/GE_OP/EQ_OP/NE_OP/AND_OP/OR_OP/MUL_ASSIGN/DIV_ASSIGN/MOD_ASSIGN/ADD_ASSIGN/SUB_ASSIGN/LEFT_ASSIGN/RIGHT_ASSIGN/AND_ASSIGN/XOR_ASSIGN/OR_ASSIGN/'('/')'/'['/']'/'.'/','/'&'/'*'/'+'/'-'/'/'/'%'/'<'/'>'/'^'/'|'/'='/'?'/':'
    11 expression -> • expression INC_OP, yyeof/PTR_OP/INC_OP/DEC_OP/LEFT_OP/RIGHT_OP/LE_OP/GE_OP/EQ_OP/NE_OP/AND_OP/OR_OP/MUL_ASSIGN/DIV_ASSIGN/MOD_ASSIGN/ADD_ASSIGN/SUB_ASSIGN/LEFT_ASSIGN/RIGHT_ASSIGN/AND_ASSIGN/XOR_ASSIGN/OR_ASSIGN/'('/')'/'['/']'/'.'/','/'&'/'*'/'+'/'-'/'/'/'%'/'<'/'>'/'^'/'|'/'='/'?'/':'
    12 expression -> • expression DEC_OP, yyeof/PTR_OP/INC_OP/DEC_OP/LEFT_OP/RIGHT_OP/LE_OP/GE_OP/EQ_OP/NE_OP/AND_OP/OR_OP/MUL_ASSIGN/DIV_ASSIGN/MOD_ASSIGN/ADD_ASSIGN/SUB_ASSIGN/LEFT_ASSIGN/RIGHT_ASSIGN/AND_ASSIGN/XOR_ASSIGN/OR_ASSIGN/'('/')'/'['/']'/'.'/','/'&'/'*'/'+'/'-'/'/'/'%'/'<'/'>'/'^'/'|'/'='/'?'/':'
    13 expression -> • expression ',' expression, yyeof/PTR_OP/INC_OP/DEC_OP/LEFT_OP/RIGHT_OP/LE_OP/GE_OP/EQ_OP/NE_OP/AND_OP/OR_OP/MUL_ASSIGN/DIV_ASSIGN/MOD_ASSIGN/ADD_ASSIGN/SUB_ASSIGN/LEFT_ASSIGN/RIGHT_ASSIGN/AND_ASSIGN/XOR_ASSIGN/OR_ASSIGN/'('/')'/'['/']'/'.'/','/'&'/'*'/'+'/'-'/'/'/'%'/'<'/'>'/'^'/'|'/'='/'?'/':'
    14 expression -> • INC_OP expression, yyeof/PTR_OP/INC_OP/DEC_OP/LEFT_OP/RIGHT_OP/LE_OP/GE_OP/EQ_OP/NE_OP/AND_OP/OR_OP/MUL_ASSIGN/DIV_ASSIGN/MOD_ASSIGN/ADD_ASSIGN/SUB_ASSIGN/LEFT_ASSIGN/RIGHT_ASSIGN/AND_ASSIGN/XOR_ASSIGN/OR_ASSIGN/'('/')'/'['/']'/'.'/','/'&'/'*'/'+'/'-'/'/'/'%'/'<'/'>'/'^'/'|'/'='/'?'/':'
    15 expression -> • DEC_OP expression, yyeof/PTR_OP/INC_OP/DEC_OP/LEFT_OP/RIGHT_OP/LE_OP/GE_OP/EQ_OP/NE_OP/AND_OP/OR_OP/MUL_ASSIGN/DIV_ASSIGN/MOD_ASSIGN/ADD_ASSIGN/SUB_ASSIGN/LEFT_ASSIGN/RIGHT_ASSIGN/AND_ASSIGN/XOR_ASSIGN/OR_ASSIGN/'('/')'/'['/']'/'.'/','/'&'/'*'/'+'/'-'/'/'/'%'/'<'/'>'/'^'/'|'/'='/'?'/':'
    16 expression -> • SIZEOF expression, yyeof/PTR_OP/INC_OP/DEC_OP/LEFT_OP/RIGHT_OP/LE_OP/GE_OP/EQ_OP/NE_OP/AND_OP/OR_OP/MUL_ASSIGN/DIV_ASSIGN/MOD_ASSIGN/ADD_ASSIGN/SUB_ASSIGN/LEFT_ASSIGN/RIGHT_ASSIGN/AND_ASSIGN/XOR_ASSIGN/OR_ASSIGN/'('/')'/'['/']'/'.'/','/'&'/'*'/'+'/'-'/'/'/'%'/'<'/'>'/'^'/'|'/'='/'?'/':'
    17 expression -> • SIZEOF '(' type_name ')', yyeof/PTR_OP/INC_OP/DEC_OP/LEFT_OP/RIGHT_OP/LE_OP/GE_OP/EQ_OP/NE_OP/AND_OP/OR_OP/MUL_ASSIGN/DIV_ASSIGN/MOD_ASSIGN/ADD_ASSIGN/SUB_ASSIGN/LEFT_ASSIGN/RIGHT_ASSIGN/AND_ASSIGN/XOR_ASSIGN/OR_ASSIGN/'('/')'/'['/']'/'.'/','/'&'/'*'/'+'/'-'/'/'/'%'/'<'/'>'/'^'/'|'/'='/'?'/':'
    18 expression -> • '(' type_name ')' expression, yyeof/PTR_OP/INC_OP/DEC_OP/LEFT_OP/RIGHT_OP/LE_OP/GE_OP/EQ_OP/NE_OP/AND_OP/OR_OP/MUL_ASSIGN/DIV_ASSIGN/MOD_ASSIGN/ADD_ASSIGN/SUB_ASSIGN/LEFT_ASSIGN/RIGHT_ASSIGN/AND_ASSIGN/XOR_ASSIGN/OR_ASSIGN/'('/')'/'['/']'/'.'/','/'&'/'*'/'+'/'-'/'/'/'%'/'<'/'>'/'^'/'|'/'='/'?'/':'
    19 expression -> • '&' expression, yyeof/PTR_OP/INC_OP/DEC_OP/LEFT_OP/RIGHT_OP/LE_OP/GE_OP/EQ_OP/NE_OP/AND_OP/OR_OP/MUL_ASSIGN/DIV_ASSIGN/MOD_ASSIGN/ADD_ASSIGN/SUB_ASSIGN/LEFT_ASSIGN/RIGHT_ASSIGN/AND_ASSIGN/XOR_ASSIGN/OR_ASSIGN/'('/')'/'['/']'/'.'/','/'&'/'*'/'+'/'-'/'/'/'%'/'<'/'>'/'^'/'|'/'='/'?'/':'
    20 expression -> • '*' expression, yyeof/PTR_OP/INC_OP/DEC_OP/LEFT_OP/RIGHT_OP/LE_OP/GE_OP/EQ_OP/NE_OP/AND_OP/OR_OP/MUL_ASSIGN/DIV_ASSIGN/MOD_ASSIGN/ADD_ASSIGN/SUB_ASSIGN/LEFT_ASSIGN/RIGHT_ASSIGN/AND_ASSIGN/XOR_ASSIGN/OR_ASSIGN/'('/')'/'['/']'/'.'/','/'&'/'*'/'+'/'-'/'/'/'%'/'<'/'>'/'^'/'|'/'='/'?'/':'
    21 expression -> • '+' expression, yyeof/PTR_OP/INC_OP/DEC_OP/LEFT_OP/RIGHT_OP/LE_OP/GE_OP/EQ_OP/NE_OP/AND_OP/OR_OP/MUL_ASSIGN/DIV_ASSIGN/MOD_ASSIGN/ADD_ASSIGN/SUB_ASSIGN/LEFT_ASSIGN/RIGHT_ASSIGN/AND_ASSIGN/XOR_ASSIGN/OR_ASSIGN/'('/')'/'['/']'/'.'/','/'&'/'*'/'+'/'-'/'/'/'%'/'<'/'>'/'^'/'|'/'='/'?'/':'
    22 expression -> • '-' expression, yyeof/PTR_OP/INC_OP/DEC_OP/LEFT_OP/RIGHT_OP/LE_OP/GE_OP/EQ_OP/NE_OP/AND_OP/OR_OP/MUL_ASSIGN/DIV_ASSIGN/MOD_ASSIGN/ADD_ASSIGN/SUB_ASSIGN/LEFT_ASSIGN/RIGHT_ASSIGN/AND_ASSIGN/XOR_ASSIGN/OR_ASSIGN/'('/')'/'['/']'/'.'/','/'&'/'*'/'+'/'-'/'/'/'%'/'<'/'>'/'^'/'|'/'='/'?'/':'
    23 expression -> • '~' expression, yyeof/PTR_OP/INC_OP/DEC_OP/LEFT_OP/RIGHT_OP/LE_OP/GE_OP/EQ_OP/NE_OP/AND_OP/OR_OP/MUL_ASSIGN/DIV_ASSIGN/MOD_ASSIGN/ADD_ASSIGN/SUB_ASSIGN/LEFT_ASSIGN/RIGHT_ASSIGN/AND_ASSIGN/XOR_ASSIGN/OR_ASSIGN/'('/')'/'['/']'/'.'/','/'&'/'*'/'+'/'-'/'/'/'%'/'<'/'>'/'^'/'|'/'='/'?'/':'
    24 expression -> • '!' expression, yyeof/PTR_OP/INC_OP/DEC_OP/LEFT_OP/RIGHT_OP/LE_OP/GE_OP/EQ_OP/NE_OP/AND_OP/OR_OP/MUL_ASSIGN/DIV_ASSIGN/MOD_ASSIGN/ADD_ASSIGN/SUB_ASSIGN/LEFT_ASSIGN/RIGHT_ASSIGN/AND_ASSIGN/XOR_ASSIGN/OR_ASSIGN/'('/')'/'['/']'/'.'/','/'&'/'*'/'+'/'-'/'/'/'%'/'<'/'>'/'^'/'|'/'='/'?'/':'
    25 expression -> • expression '+' expression, yyeof/PTR_OP/INC_OP/DEC_OP/LEFT_OP/RIGHT_OP/LE_OP/GE_OP/EQ_OP/NE_OP/AND_OP/OR_OP/MUL_ASSIGN/DIV_ASSIGN/MOD_ASSIGN/ADD_ASSIGN/SUB_ASSIGN/LEFT_ASSIGN/RIGHT_ASSIGN/AND_ASSIGN/XOR_ASSIGN/OR_ASSIGN/'('/')'/'['/']'/'.'/','/'&'/'*'/'+'/'-'/'/'/'%'/'<'/'>'/'^'/'|'/'='/'?'/':'
    26 expression -> • expression '-' expression, yyeof/PTR_OP/INC_OP/DEC_OP/LEFT_OP/RIGHT_OP/LE_OP/GE_OP/EQ_OP/NE_OP/AND_OP/OR_OP/MUL_ASSIGN/DIV_ASSIGN/MOD_ASSIGN/ADD_ASSIGN/SUB_ASSIGN/LEFT_ASSIGN/RIGHT_ASSIGN/AND_ASSIGN/XOR_ASSIGN/OR_ASSIGN/'('/')'/'['/']'/'.'/','/'&'/'*'/'+'/'-'/'/'/'%'/'<'/'>'/'^'/'|'/'='/'?'/':'
    27 expression -> • expression '*' expression, yyeof/PTR_OP/INC_OP/DEC_OP/LEFT_OP/RIGHT_OP/LE_OP/GE_OP/EQ_OP/NE_OP/AND_OP/OR_OP/MUL_ASSIGN/DIV_ASSIGN/MOD_ASSIGN/ADD_ASSIGN/SUB_ASSIGN/LEFT_ASSIGN/RIGHT_ASSIGN/AND_ASSIGN/XOR_ASSIGN/OR_ASSIGN/'('/')'/'['/']'/'.'/','/'&'/'*'/'+'/'-'/'/'/'%'/'<'/'>'/'^'/'|'/'='/'?'/':'
    28 expression -> • expression '/' expression, yyeof/PTR_OP/INC_OP/DEC_OP/LEFT_OP/RIGHT_OP/LE_OP/GE_OP/EQ_OP/NE_OP/AND_OP/OR_OP/MUL_ASSIGN/DIV_ASSIGN/MOD_ASSIGN/ADD_ASSIGN/SUB_ASSIGN/LEFT_ASSIGN/RIGHT_ASSIGN/AND_ASSIGN/XOR_ASSIGN/OR_ASSIGN/'('/')'/'['/']'/'.'/','/'&'/'*'/'+'/'-'/'/'/'%'/'<'/'>'/'^'/'|'/'='/'?'/':'
    29 expression -> • expression '%' expression, yyeof/PTR_OP/INC_OP/DEC_OP/LEFT_OP/RIGHT_OP/LE_OP/GE_OP/EQ_OP/NE_OP/AND_OP/OR_OP/MUL_ASSIGN/DIV_ASSIGN/MOD_ASSIGN/ADD_ASSIGN/SUB_ASSIGN/LEFT_ASSIGN/RIGHT_ASSIGN/AND_ASSIGN/XOR_ASSIGN/OR_ASSIGN/'('/')'/'['/']'/'.'/','/'&'/'*'/'+'/'-'/'/'/'%'/'<'/'>'/'^'/'|'/'='/'?'/':'
    30 expression -> • expression LEFT_OP expression, yyeof/PTR_OP/INC_OP/DEC_OP/LEFT_OP/RIGHT_OP/LE_OP/GE_OP/EQ_OP/NE_OP/AND_OP/OR_OP/MUL_ASSIGN/DIV_ASSIGN/MOD_ASSIGN/ADD_ASSIGN/SUB_ASSIGN/LEFT_ASSIGN/RIGHT_ASSIGN/AND_ASSIGN/XOR_ASSIGN/OR_ASSIGN/'('/')'/'['/']'/'.'/','/'&'/'*'/'+'/'-'/'/'/'%'/'<'/'>'/'^'/'|'/'='/'?'/':'
    31 expression -> • expression RIGHT_OP expression, yyeof/PTR_OP/INC_OP/DEC_OP/LEFT_OP/RIGHT_OP/LE_OP/GE_OP/EQ_OP/NE_OP/AND_OP/OR_OP/MUL_ASSIGN/DIV_ASSIGN/MOD_ASSIGN/ADD_ASSIGN/SUB_ASSIGN/LEFT_ASSIGN/RIGHT_ASSIGN/AND_ASSIGN/XOR_ASSIGN/OR_ASSIGN/'('/')'/'['/']'/'.'/','/'&'/'*'/'+'/'-'/'/'/'%'/'<'/'>'/'^'/'|'/'='/'?'/':'
    32 expression -> • expression '<' expression, yyeof/PTR_OP/INC_OP/DEC_OP/LEFT_OP/RIGHT_OP/LE_OP/GE_OP/EQ_OP/NE_OP/AND_OP/OR_OP/MUL_ASSIGN/DIV_ASSIGN/MOD_ASSIGN/ADD_ASSIGN/SUB_ASSIGN/LEFT_ASSIGN/RIGHT_ASSIGN/AND_ASSIGN/XOR_ASSIGN/OR_ASSIGN/'('/')'/'['/']'/'.'/','/'&'/'*'/'+'/'-'/'/'/'%'/'<'/'>'/'^'/'|'/'='/'?'/':'
    33 expression -> • expression '>' expression, yyeof/PTR_OP/INC_OP/DEC_OP/LEFT_OP/RIGHT_OP/LE_OP/GE_OP/EQ_OP/NE_OP/AND_OP/OR_OP/MUL_ASSIGN/DIV_ASSIGN/MOD_ASSIGN/ADD_ASSIGN/SUB_ASSIGN/LEFT_ASSIGN/RIGHT_ASSIGN/AND_ASSIGN/XOR_ASSIGN/OR_ASSIGN/'('/')'/'['/']'/'.'/','/'&'/'*'/'+'/'-'/'/'/'%'/'<'/'>'/'^'/'|'/'='/'?'/':'
    34 expression -> • expression LE_OP expression, yyeof/PTR_OP/INC_OP/DEC_OP/LEFT_OP/RIGHT_OP/LE_OP/GE_OP/EQ_OP/NE_OP/AND_OP/OR_OP/MUL_ASSIGN/DIV_ASSIGN/MOD_ASSIGN/ADD_ASSIGN/SUB_ASSIGN/LEFT_ASSIGN/RIGHT_ASSIGN/AND_ASSIGN/XOR_ASSIGN/OR_ASSIGN/'('/')'/'['/']'/'.'/','/'&'/'*'/'+'/'-'/'/'/'%'/'<'/'>'/'^'/'|'/'='/'?'/':'
    35 expression -> • expression GE_OP expression, yyeof/PTR_OP/INC_OP/DEC_OP/LEFT_OP/RIGHT_OP/LE_OP/GE_OP/EQ_OP/NE_OP/AND_OP/OR_OP/MUL_ASSIGN/DIV_ASSIGN/MOD_ASSIGN/ADD_ASSIGN/SUB_ASSIGN/LEFT_ASSIGN/RIGHT_ASSIGN/AND_ASSIGN/XOR_ASSIGN/OR_ASSIGN/'('/')'/'['/']'/'.'/','/'&'/'*'/'+'/'-'/'/'/'%'/'<'/'>'/'^'/'|'/'='/'?'/':'
    36 expression -> • expression EQ_OP expression, yyeof/PTR_OP/INC_OP/DEC_OP/LEFT_OP/RIGHT_OP/LE_OP/GE_OP/EQ_OP/NE_OP/AND_OP/OR_OP/MUL_ASSIGN/DIV_ASSIGN/MOD_ASSIGN/ADD_ASSIGN/SUB_ASSIGN/LEFT_ASSIGN/RIGHT_ASSIGN/AND_ASSIGN/XOR_ASSIGN/OR_ASSIGN/'('/')'/'['/']'/'.'/','/'&'/'*'/'+'/'-'/'/'/'%'/'<'/'>'/'^'/'|'/'='/'?'/':'
    37 expression -> • expression NE_OP expression, yyeof/PTR_OP/INC_OP/DEC_OP/LEFT_OP/RIGHT_OP/LE_OP/GE_OP/EQ_OP/NE_OP/AND_OP/OR_OP/MUL_ASSIGN/DIV_ASSIGN/MOD_ASSIGN/ADD_ASSIGN/SUB_ASSIGN/LEFT_ASSIGN/RIGHT_ASSIGN/AND_ASSIGN/XOR_ASSIGN/OR_ASSIGN/'('/')'/'['/']'/'.'/','/'&'/'*'/'+'/'-'/'/'/'%'/'<'/'>'/'^'/'|'/'='/'?'/':'
    38 expression -> • expression '&' expression, yyeof/PTR_OP/INC_OP/DEC_OP/LEFT_OP/RIGHT_OP/LE_OP/GE_OP/EQ_OP/NE_OP/AND_OP/OR_OP/MUL_ASSIGN/DIV_ASSIGN/MOD_ASSIGN/ADD_ASSIGN/SUB_ASSIGN/LEFT_ASSIGN/RIGHT_ASSIGN/AND_ASSIGN/XOR_ASSIGN/OR_ASSIGN/'('/')'/'['/']'/'.'/','/'&'/'*'/'+'/'-'/'/'/'%'/'<'/'>'/'^'/'|'/'='/'?'/':'
    39 expression -> • expression '^' expression, yyeof/PTR_OP/INC_OP/DEC_OP/LEFT_OP/RIGHT_OP/LE_OP/GE_OP/EQ_OP/NE_OP/AND_OP/OR_OP/MUL_ASSIGN/DIV_ASSIGN/MOD_ASSIGN/ADD_ASSIGN/SUB_ASSIGN/LEFT_ASSIGN/RIGHT_ASSIGN/AND_ASSIGN/XOR_ASSIGN/OR_ASSIGN/'('/')'/'['/']'/'.'/','/'&'/'*'/'+'/'-'/'/'/'%'/'<'/'>'/'^'/'|'/'='/'?'/':'
    40 expression -> • expression '|' expression, yyeof/PTR_OP/INC_OP/DEC_OP/LEFT_OP/RIGHT_OP/LE_OP/GE_OP/EQ_OP/NE_OP/AND_OP/OR_OP/MUL_ASSIGN/DIV_ASSIGN/MOD_ASSIGN/ADD_ASSIGN/SUB_ASSIGN/LEFT_ASSIGN/RIGHT_ASSIGN/AND_ASSIGN/XOR_ASSIGN/OR_ASSIGN/'('/')'/'['/']'/'.'/','/'&'/'*'/'+'/'-'/'/'/'%'/'<'/'>'/'^'/'|'/'='/'?'/':'
    41 expression -> • expression AND_OP expression, yyeof/PTR_OP/INC_OP/DEC_OP/LEFT_OP/RIGHT_OP/LE_OP/GE_OP/EQ_OP/NE_OP/AND_OP/OR_OP/MUL_ASSIGN/DIV_ASSIGN/MOD_ASSIGN/ADD_ASSIGN/SUB_ASSIGN/LEFT_ASSIGN/RIGHT_ASSIGN/AND_ASSIGN/XOR_ASSIGN/OR_ASSIGN/'('/')'/'['/']'/'.'/','/'&'/'*'/'+'/'-'/'/'/'%'/'<'/'>'/'^'/'|'/'='/'?'/':'
    42 expression -> • expression OR_OP expression, yyeof/PTR_OP/INC_OP/DEC_OP/LEFT_OP/RIGHT_OP/LE_OP/GE_OP/EQ_OP/NE_OP/AND_OP/OR_OP/MUL_ASSIGN/DIV_ASSIGN/MOD_ASSIGN/ADD_ASSIGN/SUB_ASSIGN/LEFT_ASSIGN/RIGHT_ASSIGN/AND_ASSIGN/XOR_ASSIGN/OR_ASSIGN/'('/')'/'['/']'/'.'/','/'&'/'*'/'+'/'-'/'/'/'%'/'<'/'>'/'^'/'|'/'='/'?'/':'
    43 expression -> • expression '=' expression, yyeof/PTR_OP/INC_OP/DEC_OP/LEFT_OP/RIGHT_OP/LE_OP/GE_OP/EQ_OP/NE_OP/AND_OP/OR_OP/MUL_ASSIGN/DIV_ASSIGN/MOD_ASSIGN/ADD_ASSIGN/SUB_ASSIGN/LEFT_ASSIGN/RIGHT_ASSIGN/AND_ASSIGN/XOR_ASSIGN/OR_ASSIGN/'('/')'/'['/']'/'.'/','/'&'/'*'/'+'/'-'/'/'/'%'/'<'/'>'/'^'/'|'/'='/'?'/':'
    44 expression -> • expression MUL_ASSIGN expression, yyeof/PTR_OP/INC_OP/DEC_OP/LEFT_OP/RIGHT_OP/LE_OP/GE_OP/EQ_OP/NE_OP/AND_OP/OR_OP/MUL_ASSIGN/DIV_ASSIGN/MOD_ASSIGN/ADD_ASSIGN/SUB_ASSIGN/LEFT_ASSIGN/RIGHT_ASSIGN/AND_ASSIGN/XOR_ASSIGN/OR_ASSIGN/'('/')'/'['/']'/'.'/','/'&'/'*'/'+'/'-'/'/'/'%'/'<'/'>'/'^'/'|'/'='/'?'/':'
    45 expression -> • expression DIV_ASSIGN expression, yyeof/PTR_OP/INC_OP/DEC_OP/LEFT_OP/RIGHT_OP/LE_OP/GE_OP/EQ_OP/NE_OP/AND_OP/OR_OP/MUL_ASSIGN/DIV_ASSIGN/MOD_ASSIGN/ADD_ASSIGN/SUB_ASSIGN/LEFT_ASSIGN/RIGHT_ASSIGN/AND_ASSIGN/XOR_ASSIGN/OR_ASSIGN/'('/')'/'['/']'/'.'/','/'&'/'*'/'+'/'-'/'/'/'%'/'<'/'>'/'^'/'|'/'='/'?'/':'
    46 expression -> • expression MOD_ASSIGN expression, yyeof/PTR_OP/INC_OP/DEC_OP/LEFT_OP/RIGHT_OP/LE_OP/GE_OP/EQ_OP/NE_OP/AND_OP/OR_OP/MUL_ASSIGN/DIV_ASSIGN/MOD_ASSIGN/ADD_ASSIGN/SUB_ASSIGN/LEFT_ASSIGN/RIGHT_ASSIGN/AND_ASSIGN/XOR_ASSIGN/OR_ASSIGN/'('/')'/'['/']'/'.'/','/'&'/'*'/'+'/'-'/'/'/'%'/'<'/'>'/'^'/'|'/'='/'?'/':'
    47 expression -> • expression ADD_ASSIGN expression, yyeof/PTR_OP/INC_OP/DEC_OP/LEFT_OP/RIGHT_OP/LE_OP/GE_OP/EQ_OP/NE_OP/AND_OP/OR_OP/MUL_ASSIGN/DIV_ASSIGN/MOD_ASSIGN/ADD_ASSIGN/SUB_ASSIGN/LEFT_ASSIGN/RIGHT_ASSIGN/AND_ASSIGN/XOR_ASSIGN/OR_ASSIGN/'('/')'/'['/']'/'.'/','/'&'/'*'/'+'/'-'/'/'/'%'/'<'/'>'/'^'/'|'/'='/'?'/':'
    47 expression -> expression ADD_ASSIGN • expression, yyeof/PTR_OP/INC_OP/DEC_OP/LEFT_OP/RIGHT_OP/LE_OP/GE_OP/EQ_OP/NE_OP/AND_OP/OR_OP/MUL_ASSIGN/DIV_ASSIGN/MOD_ASSIGN/ADD_ASSIGN/SUB_ASSIGN/LEFT_ASSIGN/RIGHT_ASSIGN/AND_ASSIGN/XOR_ASSIGN/OR_ASSIGN/'('/')'/'['/']'/'.'/','/'&'/'*'/'+'/'-'/'/'/'%'/'<'/'>'/'^'/'|'/'='/'?'/':'
    48 expression -> • expression SUB_ASSIGN expression, yyeof/PTR_OP/INC_OP/DEC_OP/LEFT_OP/RIGHT_OP/LE_OP/GE_OP/EQ_OP/NE_OP/AND_OP/OR_OP/MUL_ASSIGN/DIV_ASSIGN/MOD_ASSIGN/ADD_ASSIGN/SUB_ASSIGN/LEFT_ASSIGN/RIGHT_ASSIGN/AND_ASSIGN/XOR_ASSIGN/OR_ASSIGN/'('/')'/'['/']'/'.'/','/'&'/'*'/'+'/'-'/'/'/'%'/'<'/'>'/'^'/'|'/'='/'?'/':'
    49 expression -> • expression LEFT_ASSIGN expression, yyeof/PTR_OP/INC_OP/DEC_OP/LEFT_OP/RIGHT_OP/LE_OP/GE_OP/EQ_OP/NE_OP/AND_OP/OR_OP/MUL_ASSIGN/DIV_ASSIGN/MOD_ASSIGN/ADD_ASSIGN/SUB_ASSIGN/LEFT_ASSIGN/RIGHT_ASSIGN/AND_ASSIGN/XOR_ASSIGN/OR_ASSIGN/'('/')'/'['/']'/'.'/','/'&'/'*'/'+'/'-'/'/'/'%'/'<'/'>'/'^'/'|'/'='/'?'/':'
    50 expression -> • expression RIGHT_ASSIGN expression, yyeof/PTR_OP/INC_OP/DEC_OP/LEFT_OP/RIGHT_OP/LE_OP/GE_OP/EQ_OP/NE_OP/AND_OP/OR_OP/MUL_ASSIGN/DIV_ASSIGN/MOD_ASSIGN/ADD_ASSIGN/SUB_ASSIGN/LEFT_ASSIGN/RIGHT_ASSIGN/AND_ASSIGN/XOR_ASSIGN/OR_ASSIGN/'('/')'/'['/']'/'.'/','/'&'/'*'/'+'/'-'/'/'/'%'/'<'/'>'/'^'/'|'/'='/'?'/':'
    51 expression -> • expression AND_ASSIGN expression, yyeof/PTR_OP/INC_OP/DEC_OP/LEFT_OP/RIGHT_OP/LE_OP/GE_OP/EQ_OP/NE_OP/AND_OP/OR_OP/MUL_ASSIGN/DIV_ASSIGN/MOD_ASSIGN/ADD_ASSIGN/SUB_ASSIGN/LEFT_ASSIGN/RIGHT_ASSIGN/AND_ASSIGN/XOR_ASSIGN/OR_ASSIGN/'('/')'/'['/']'/'.'/','/'&'/'*'/'+'/'-'/'/'/'%'/'<'/'>'/'^'/'|'/'='/'?'/':'
    52 expression -> • expression XOR_ASSIGN expression, yyeof/PTR_OP/INC_OP/DEC_OP/LEFT_OP/RIGHT_OP/LE_OP/GE_OP/EQ_OP/NE_OP/AND_OP/OR_OP/MUL_ASSIGN/DIV_ASSIGN/MOD_ASSIGN/ADD_ASSIGN/SUB_ASSIGN/LEFT_ASSIGN/RIGHT_ASSIGN/AND_ASSIGN/XOR_ASSIGN/OR_ASSIGN/'('/')'/'['/']'/'.'/','/'&'/'*'/'+'/'-'/'/'/'%'/'<'/'>'/'^'/'|'/'='/'?'/':'
    53 expression -> • expression OR_ASSIGN expression, yyeof/PTR_OP/INC_OP/DEC_OP/LEFT_OP/RIGHT_OP/LE_OP/GE_OP/EQ_OP/NE_OP/AND_OP/OR_OP/MUL_ASSIGN/DIV_ASSIGN/MOD_ASSIGN/ADD_ASSIGN/SUB_ASSIGN/LEFT_ASSIGN/RIGHT_ASSIGN/AND_ASSIGN/XOR_ASSIGN/OR_ASSIGN/'('/')'/'['/']'/'.'/','/'&'/'*'/'+'/'-'/'/'/'%'/'<'/'>'/'^'/'|'/'='/'?'/':'
    54 expression -> • expression ',' expression, yyeof/PTR_OP/INC_OP/DEC_OP/LEFT_OP/RIGHT_OP/LE_OP/GE_OP/EQ_OP/NE_OP/AND_OP/OR_OP/MUL_ASSIGN/DIV_ASSIGN/MOD_ASSIGN/ADD_ASSIGN/SUB_ASSIGN/LEFT_ASSIGN/RIGHT_ASSIGN/AND_ASSIGN/XOR_ASSIGN/OR_ASSIGN/'('/')'/'['/']'/'.'/','/'&'/'*'/'+'/'-'/'/'/'%'/'<'/'>'/'^'/'|'/'='/'?'/':'
    55 expression -> • expression '?' expression ':' expression, yyeof/PTR_OP/INC_OP/DEC_OP/LEFT_OP/RIGHT_OP/LE_OP/GE_OP/EQ_OP/NE_OP/AND_OP/OR_OP/MUL_ASSIGN/DIV_ASSIGN/MOD_ASSIGN/ADD_ASSIGN/SUB_ASSIGN/LEFT_ASSIGN/RIGHT_ASSIGN/AND_ASSIGN/XOR_ASSIGN/OR_ASSIGN/'('/')'/'['/']'/'.'/','/'&'/'*'/'+'/'-'/'/'/'%'/'<'/'>'/'^'/'|'/'='/'?'/':'

    IDENTIFIER shift, and go to state 1
    STRING_LITERAL shift, and go to state 2
    CONSTANT shift, and go to state 3
    SIZEOF shift, and go to state 4
    INC_OP shift, and go to state 5
    DEC_OP shift, and go to state 6
    '(' shift, and go to state 9
    '&' shift, and go to state 10
    '*' shift, and go to state 11
    '+' shift, and go to state 12
    '-' shift, and go to state 13
    '~' shift, and go to state 14
    '!' shift, and go to state 15

    expression go to state 78


State 35

    2 expression -> • IDENTIFIER, yyeof/PTR_OP/INC_OP/DEC_OP/LEFT_OP/RIGHT_OP/LE_OP/GE_OP/EQ_OP/NE_OP/AND_OP/OR_OP/MUL_ASSIGN/DIV_ASSIGN/MOD_ASSIGN/ADD_ASSIGN/SUB_ASSIGN/LEFT_ASSIGN/RIGHT_ASSIGN/AND_ASSIGN/XOR_ASSIGN/OR_ASSIGN/'('/')'/'['/']'/'.'/','/'&'/'*'/'+'/'-'/'/'/'%'/'<'/'>'/'^'/'|'/'='/'?'/':'
    3 expression -> • CONSTANT, yyeof/PTR_OP/INC_OP/DEC_OP/LEFT_OP/RIGHT_OP/LE_OP/GE_OP/EQ_OP/NE_OP/AND_OP/OR_OP/MUL_ASSIGN/DIV_ASSIGN/MOD_ASSIGN/ADD_ASSIGN/SUB_ASSIGN/LEFT_ASSIGN/RIGHT_ASSIGN/AND_ASSIGN/XOR_ASSIGN/OR_ASSIGN/'('/')'/'['/']'/'.'/','/'&'/'*'/'+'/'-'/'/'/'%'/'<'/'>'/'^'/'|'/'='/'?'/':'
    4 expression -> • STRING_LITERAL, yyeof/PTR_OP/INC_OP/DEC_OP/LEFT_OP/RIGHT_OP/LE_OP/GE_OP/EQ_OP/NE_OP/AND_OP/OR_OP/MUL_ASSIGN/DIV_ASSIGN/MOD_ASSIGN/ADD_ASSIGN/SUB_ASSIGN/LEFT_ASSIGN/RIGHT_ASSIGN/AND_ASSIGN/XOR_ASSIGN/OR_ASSIGN/'('/')'/'['/']'/'.'/','/'&'/'*'/'+'/'-'/'/'/'%'/'<'/'>'/'^'/'|'/'='/'?'/':'
    5 expression -> • '(' expression ')', yyeof/PTR_OP/INC_OP/DEC_OP/LEFT_OP/RIGHT_OP/LE_OP/GE_OP/EQ_OP/NE_OP/AND_OP/OR_OP/MUL_ASSIGN/DIV_ASSIGN/MOD_ASSIGN/ADD_ASSIGN/SUB_ASSIGN/LEFT_ASSIGN/RIGHT_ASSIGN/AND_ASSIGN/XOR_ASSIGN/OR_ASSIGN/'('/')'/'['/']'/'.'/','/'&'/'*'/'+'/'-'/'/'/'%'/'<'/'>'/'^'/'|'/'='/'?'/':'
    6 expression -> • expression '[' expression ']', yyeof/PTR_OP/INC_OP/DEC_OP/LEFT_OP/RIGHT_OP/LE_OP/GE_OP/EQ_OP/NE_OP/AND_OP/OR_OP/MUL_ASSIGN/DIV_ASSIGN/MOD_ASSIGN/ADD_ASSIGN/SUB_ASSIGN/LEFT_ASSIGN/RIGHT_ASSIGN/AND_ASSIGN/XOR_ASSIGN/OR_ASSIGN/'('/')'/'['/']'/'.'/','/'&'/'*'/'+'/'-'/'/'/'%'/'<'/'>'/'^'/'|'/'='/'?'/':'
    7 expression -> • expression '(' ')', yyeof/PTR_OP/INC_OP/DEC_OP/LEFT_OP/RIGHT_OP/LE_OP/GE_OP/EQ_OP/NE_OP/AND_OP/OR_OP/MUL_ASSIGN/DIV_ASSIGN/MOD_ASSIGN/ADD_ASSIGN/SUB_ASSIGN/LEFT_ASSIGN/RIGHT_ASSIGN/AND_ASSIGN/XOR_ASSIGN/OR_ASSIGN/'('/')'/'['/']'/'.'/','/'&'/'*'/'+'/'-'/'/'/'%'/'<'/'>'/'^'/'|'/'='/'?'/':'
    8 expression -> • expression '(' expression ')', yyeof/PTR_OP/INC_OP/DEC_OP/LEFT_OP/RIGHT_OP/LE_OP/GE_OP/EQ_OP/NE_OP/AND_OP/OR_OP/MUL_ASSIGN/DIV_ASSIGN/MOD_ASSIGN/ADD_ASSIGN/SUB_ASSIGN/LEFT_ASSIGN/RIGHT_ASSIGN/AND_ASSIGN/XOR_ASSIGN/OR_ASSIGN/'('/')'/'['/']'/'.'/','/'&'/'*'/'+'/'-'/'/'/'%'/'<'/'>'/'^'/'|'/'='/'?'/':'
    9 expression -> • expression '.' IDENTIFIER, yyeof/PTR_OP/INC_OP/DEC_OP/LEFT_OP/RIGHT_OP/LE_OP/GE_OP/EQ_OP/NE_OP/AND_OP/OR_OP/MUL_ASSIGN/DIV_ASSIGN/MOD_ASSIGN/ADD_ASSIGN/SUB_ASSIGN/LEFT_ASSIGN/RIGHT_ASSIGN/AND_ASSIGN/XOR_ASSIGN/OR_ASSIGN/'('/')'/'['/']'/'.'/','/'&'/'*'/'+'/'-'/'/'/'%'/'<'/'>'/'^'/'|'/'='/'?'/':'
    10 expression -> • expression PTR_OP IDENTIFIER, yyeof/PTR_OP/INC_OP/DEC_OP/LEFT_OP/RIGHT_OP/LE_OP/GE_OP/EQ_OP/NE_OP/AND_OP/OR_OP/MUL_ASSIGN/DIV_ASSIGN/MOD_ASSIGN/ADD_ASSIGN/SUB_ASSIGN/LEFT_ASSIGN/RIGHT_ASSIGN/AND_ASSIGN/XOR_ASSIGN/OR_ASSIGN/'('/')'/'['/']'/'.'/','/'&'/'*'/'+'/'-'/'/'/'%'/'<'/'>'/'^'/'|'/'='/'?'/':'
    11 expression -> • expression INC_OP, yyeof/PTR_OP/INC_OP/DEC_OP/LEFT_OP/RIGHT_OP/LE_OP/GE_OP/EQ_OP/NE_OP/AND_OP/OR_OP/MUL_ASSIGN/DIV_ASSIGN/MOD_ASSIGN/ADD_ASSIGN/SUB_ASSIGN/LEFT_ASSIGN/RIGHT_ASSIGN/AND_ASSIGN/XOR_ASSIGN/OR_ASSIGN/'('/')'/'['/']'/'.'/','/'&'/'*'/'+'/'-'/'/'/'%'/'<'/'>'/'^'/'|'/'='/'?'/':'
    12 expression -> • expression DEC_OP, yyeof/PTR_OP/INC_OP/DEC_OP/LEFT_OP/RIGHT_OP/LE_OP/GE_OP/EQ_OP/NE_OP/AND_OP/OR_OP/MUL_ASSIGN/DIV_ASSIGN/MOD_ASSIGN/ADD_ASSIGN/SUB_ASSIGN/LEFT_ASSIGN/RIGHT_ASSIGN/AND_ASSIGN/XOR_ASSIGN/OR_ASSIGN/'('/')'/'['/']'/'.'/','/'&'/'*'/'+'/'-'/'/'/'%'/'<'/'>'/'^'/'|'/'='/'?'/':'
    13 expression -> • expression ',' expression, yyeof/PTR_OP/INC_OP/DEC_OP/LEFT_OP/RIGHT_OP/LE_OP/GE_OP/EQ_OP/NE_OP/AND_OP/OR_OP/MUL_ASSIGN/DIV_ASSIGN/MOD_ASSIGN/ADD_ASSIGN/SUB_ASSIGN/LEFT_ASSIGN/RIGHT_ASSIGN/AND_ASSIGN/XOR_ASSIGN/OR_ASSIGN/'('/')'/'['/']'/'.'/','/'&'/'*'/'+'/'-'/'/'/'%'/'<'/'>'/'^'/'|'/'='/'?'/':'
    14 expression -> • INC_OP expression, yyeof/PTR_OP/INC_OP/DEC_OP/LEFT_OP/RIGHT_OP/LE_OP/GE_OP/EQ_OP/NE_OP/AND_OP/OR_OP/MUL_ASSIGN/DIV_ASSIGN/MOD_ASSIGN/ADD_ASSIGN/SUB_ASSIGN/LEFT_ASSIGN/RIGHT_ASSIGN/AND_ASSIGN/XOR_ASSIGN/OR_ASSIGN/'('/')'/'['/']'/'.'/','/'&'/'*'/'+'/'-'/'/'/'%'/'<'/'>'/'^'/'|'/'='/'?'/':'
    15 expression -> • DEC_OP expression, yyeof/PTR_OP/INC_OP/DEC_OP/LEFT_OP/RIGHT_OP/LE_OP/GE_OP/EQ_OP/NE_OP/AND_OP/OR_OP/MUL_ASSIGN/DIV_ASSIGN/MOD_ASSIGN/ADD_ASSIGN/SUB_ASSIGN/LEFT_ASSIGN/RIGHT_ASSIGN/AND_ASSIGN/XOR_ASSIGN/OR_ASSIGN/'('/')'/'['/']'/'.'/','/'&'/'*'/'+'/'-'/'/'/'%'/'<'/'>'/'^'/'|'/'='/'?'/':'
    16 expression -> • SIZEOF expression, yyeof/PTR_OP/INC_OP/DEC_OP/LEFT_OP/RIGHT_OP/LE_OP/GE_OP/EQ_OP/NE_OP/AND_OP/OR_OP/MUL_ASSIGN/DIV_ASSIGN/MOD_ASSIGN/ADD_ASSIGN/SUB_ASSIGN/LEFT_ASSIGN/RIGHT_ASSIGN/AND_ASSIGN/XOR_ASSIGN/OR_ASSIGN/'('/')'/'['/']'/'.'/','/'&'/'*'/'+'/'-'/'/'/'%'/'<'/'>'/'^'/'|'/'='/'?'/':'
    17 expression -> • SIZEOF '(' type_name ')', yyeof/PTR_OP/INC_OP/DEC_OP/LEFT_OP/RIGHT_OP/LE_OP/GE_OP/EQ_OP/NE_OP/AND_OP/OR_OP/MUL_ASSIGN/DIV_ASSIGN/MOD_ASSIGN/ADD_ASSIGN/SUB_ASSIGN/LEFT_ASSIGN/RIGHT_ASSIGN/AND_ASSIGN/XOR_ASSIGN/OR_ASSIGN/'('/')'/'['/']'/'.'/','/'&'/'*'/'+'/'-'/'/'/'%'/'<'/'>'/'^'/'|'/'='/'?'/':'
    18 expression -> • '(' type_name ')' expression, yyeof/PTR_OP/INC_OP/DEC_OP/LEFT_OP/RIGHT_OP/LE_OP/GE_OP/EQ_OP/NE_OP/AND_OP/OR_OP/MUL_ASSIGN/DIV_ASSIGN/MOD_ASSIGN/ADD_ASSIGN/SUB_ASSIGN/LEFT_ASSIGN/RIGHT_ASSIGN/AND_ASSIGN/XOR_ASSIGN/OR_ASSIGN/'('/')'/'['/']'/'.'/','/'&'/'*'/'+'/'-'/'/'/'%'/'<'/'>'/'^'/'|'/'='/'?'/':'
    19 expression -> • '&' expression, yyeof/PTR_OP/INC_OP/DEC_OP/LEFT_OP/RIGHT_OP/LE_OP/GE_OP/EQ_OP/NE_OP/AND_OP/OR_OP/MUL_ASSIGN/DIV_ASSIGN/MOD_ASSIGN/ADD_ASSIGN/SUB_ASSIGN/LEFT_ASSIGN/RIGHT_ASSIGN/AND_ASSIGN/XOR_ASSIGN/OR_ASSIGN/'('/')'/'['/']'/'.'/','/'&'/'*'/'+'/'-'/'/'/'%'/'<'/'>'/'^'/'|'/'='/'?'/':'
    20 expression -> • '*' expression, yyeof/PTR_OP/INC_OP/DEC_OP/LEFT_OP/RIGHT_OP/LE_OP/GE_OP/EQ_OP/NE_OP/AND_OP/OR_OP/MUL_ASSIGN/DIV_ASSIGN/MOD_ASSIGN/ADD_ASSIGN/SUB_ASSIGN/LEFT_ASSIGN/RIGHT_ASSIGN/AND_ASSIGN/XOR_ASSIGN/OR_ASSIGN/'('/')'/'['/']'/'.'/','/'&'/'*'/'+'/'-'/'/'/'%'/'<'/'>'/'^'/'|'/'='/'?'/':'
    21 expression -> • '+' expression, yyeof/PTR_OP/INC_OP/DEC_OP/LEFT_OP/RIGHT_OP/LE_OP/GE_OP/EQ_OP/NE_OP/AND_OP/OR_OP/MUL_ASSIGN/DIV_ASSIGN/MOD_ASSIGN/ADD_ASSIGN/SUB_ASSIGN/LEFT_ASSIGN/RIGHT_ASSIGN/AND_ASSIGN/XOR_ASSIGN/OR_ASSIGN/'('/')'/'['/']'/'.'/','/'&'/'*'/'+'/'-'/'/'/'%'/'<'/'>'/'^'/'|'/'='/'?'/':'
    22 expression -> • '-' expression, yyeof/PTR_OP/INC_OP/DEC_OP/LEFT_OP/RIGHT_OP/LE_OP/GE_OP/EQ_OP/NE_OP/AND_OP/OR_OP/MUL_ASSIGN/DIV_ASSIGN/MOD_ASSIGN/ADD_ASSIGN/SUB_ASSIGN/LEFT_ASSIGN/RIGHT_ASSIGN/AND_ASSIGN/XOR_ASSIGN/OR_ASSIGN/'('/')'/'['/']'/'.'/','/'&'/'*'/'+'/'-'/'/'/'%'/'<'/'>'/'^'/'|'/'='/'?'/':'
    23 expression -> • '~' expression, yyeof/PTR_OP/INC_OP/DEC_OP/LEFT_OP/RIGHT_OP/LE_OP/GE_OP/EQ_OP/NE_OP/AND_OP/OR_OP/MUL_ASSIGN/DIV_ASSIGN/MOD_ASSIGN/ADD_ASSIGN/SUB_ASSIGN/LEFT_ASSIGN/RIGHT_ASSIGN/AND_ASSIGN/XOR_ASSIGN/OR_ASSIGN/'('/')'/'['/']'/'.'/','/'&'/'*'/'+'/'-'/'/'/'%'/'<'/'>'/'^'/'|'/'='/'?'/':'
    24 expression -> • '!' expression, yyeof/PTR_OP/INC_OP/DEC_OP/LEFT_OP/RIGHT_OP/LE_OP/GE_OP/EQ_OP/NE_OP/AND_OP/OR_OP/MUL_ASSIGN/DIV_ASSIGN/MOD_ASSIGN/ADD_ASSIGN/SUB_ASSIGN/LEFT_ASSIGN/RIGHT_ASSIGN/AND_ASSIGN/XOR_ASSIGN/OR_ASSIGN/'('/')'/'['/']'/'.'/','/'&'/'*'/'+'/'-'/'/'/'%'/'<'/'>'/'^'/'|'/'='/'?'/':'
    25 expression -> • expression '+' expression, yyeof/PTR_OP/INC_OP/DEC_OP/LEFT_OP/RIGHT_OP/LE_OP/GE_OP/EQ_OP/NE_OP/AND_OP/OR_OP/MUL_ASSIGN/DIV_ASSIGN/MOD_ASSIGN/ADD_ASSIGN/SUB_ASSIGN/LEFT_ASSIGN/RIGHT_ASSIGN/AND_ASSIGN/XOR_ASSIGN/OR_ASSIGN/'('/')'/'['/']'/'.'/','/'&'/'*'/'+'/'-'/'/'/'%'/'<'/'>'/'^'/'|'/'='/'?'/':'
    26 expression -> • expression '-' expression, yyeof/PTR_OP/INC_OP/DEC_OP/LEFT_OP/RIGHT_OP/LE_OP/GE_OP/EQ_OP/NE_OP/AND_OP/OR_OP/MUL_ASSIGN/DIV_ASSIGN/MOD_ASSIGN/ADD_ASSIGN/SUB_ASSIGN/LEFT_ASSIGN/RIGHT_ASSIGN/AND_ASSIGN/XOR_ASSIGN/OR_ASSIGN/'('/')'/'['/']'/'.'/','/'&'/'*'/'+'/'-'/'/'/'%'/'<'/'>'/'^'/'|'/'='/'?'/':'
    27 expression -> • expression '*' expression, yyeof/PTR_OP/INC_OP/DEC_OP/LEFT_OP/RIGHT_OP/LE_OP/GE_OP/EQ_OP/NE_OP/AND_OP/OR_OP/MUL_ASSIGN/DIV_ASSIGN/MOD_ASSIGN/ADD_ASSIGN/SUB_ASSIGN/LEFT_ASSIGN/RIGHT_ASSIGN/AND_ASSIGN/XOR_ASSIGN/OR_ASSIGN/'('/')'/'['/']'/'.'/','/'&'/'*'/'+'/'-'/'/'/'%'/'<'/'>'/'^'/'|'/'='/'?'/':'
    28 expression -> • expression '/' expression, yyeof/PTR_OP/INC_OP/DEC_OP/LEFT_OP/RIGHT_OP/LE_OP/GE_OP/EQ_OP/NE_OP/AND_OP/OR_OP/MUL_ASSIGN/DIV_ASSIGN/MOD_ASSIGN/ADD_ASSIGN/SUB_ASSIGN/LEFT_ASSIGN/RIGHT_ASSIGN/AND_ASSIGN/XOR_ASSIGN/OR_ASSIGN/'('/')'/'['/']'/'.'/','/'&'/'*'/'+'/'-'/'/'/'%'/'<'/'>'/'^'/'|'/'='/'?'/':'
    29 expression -> • expression '%' expression, yyeof/PTR_OP/INC_OP/DEC_OP/LEFT_OP/RIGHT_OP/LE_OP/GE_OP/EQ_OP/NE_OP/AND_OP/OR_OP/MUL_ASSIGN/DIV_ASSIGN/MOD_ASSIGN/ADD_ASSIGN/SUB_ASSIGN/LEFT_ASSIGN/RIGHT_ASSIGN/AND_ASSIGN/XOR_ASSIGN/OR_ASSIGN/'('/')'/'['/']'/'.'/','/'&'/'*'/'+'/'-'/'/'/'%'/'<'/'>'/'^'/'|'/'='/'?'/':'
    30 expression -> • expression LEFT_OP expression, yyeof/PTR_OP/INC_OP/DEC_OP/LEFT_OP/RIGHT_OP/LE_OP/GE_OP/EQ_OP/NE_OP/AND_OP/OR_OP/MUL_ASSIGN/DIV_ASSIGN/MOD_ASSIGN/ADD_ASSIGN/SUB_ASSIGN/LEFT_ASSIGN/RIGHT_ASSIGN/AND_ASSIGN/XOR_ASSIGN/OR_ASSIGN/'('/')'/'['/']'/'.'/','/'&'/'*'/'+'/'-'/'/'/'%'/'<'/'>'/'^'/'|'/'='/'?'/':'
    31 expression -> • expression RIGHT_OP expression, yyeof/PTR_OP/INC_OP/DEC_OP/LEFT_OP/RIGHT_OP/LE_OP/GE_OP/EQ_OP/NE_OP/AND_OP/OR_OP/MUL_ASSIGN/DIV_ASSIGN/MOD_ASSIGN/ADD_ASSIGN/SUB_ASSIGN/LEFT_ASSIGN/RIGHT_ASSIGN/AND_ASSIGN/XOR_ASSIGN/OR_ASSIGN/'('/')'/'['/']'/'.'/','/'&'/'*'/'+'/'-'/'/'/'%'/'<'/'>'/'^'/'|'/'='/'?'/':'
    32 expression -> • expression '<' expression, yyeof/PTR_OP/INC_OP/DEC_OP/LEFT_OP/RIGHT_OP/LE_OP/GE_OP/EQ_OP/NE_OP/AND_OP/OR_OP/MUL_ASSIGN/DIV_ASSIGN/MOD_ASSIGN/ADD_ASSIGN/SUB_ASSIGN/LEFT_ASSIGN/RIGHT_ASSIGN/AND_ASSIGN/XOR_ASSIGN/OR_ASSIGN/'('/')'/'['/']'/'.'/','/'&'/'*'/'+'/'-'/'/'/'%'/'<'/'>'/'^'/'|'/'='/'?'/':'
    33 expression -> • expression '>' expression, yyeof/PTR_OP/INC_OP/DEC_OP/LEFT_OP/RIGHT_OP/LE_OP/GE_OP/EQ_OP/NE_OP/AND_OP/OR_OP/MUL_ASSIGN/DIV_ASSIGN/MOD_ASSIGN/ADD_ASSIGN/SUB_ASSIGN/LEFT_ASSIGN/RIGHT_ASSIGN/AND_ASSIGN/XOR_ASSIGN/OR_ASSIGN/'('/')'/'['/']'/'.'/','/'&'/'*'/'+'/'-'/'/'/'%'/'<'/'>'/'^'/'|'/'='/'?'/':'
    34 expression -> • expression LE_OP expression, yyeof/PTR_OP/INC_OP/DEC_OP/LEFT_OP/RIGHT_OP/LE_OP/GE_OP/EQ_OP/NE_OP/AND_OP/OR_OP/MUL_ASSIGN/DIV_ASSIGN/MOD_ASSIGN/ADD_ASSIGN/SUB_ASSIGN/LEFT_ASSIGN/RIGHT_ASSIGN/AND_ASSIGN/XOR_ASSIGN/OR_ASSIGN/'('/')'/'['/']'/'.'/','/'&'/'*'/'+'/'-'/'/'/'%'/'<'/'>'/'^'/'|'/'='/'?'/':'
    35 expression -> • expression GE_OP expression, yyeof/PTR_OP/INC_OP/DEC_OP/LEFT_OP/RIGHT_OP/LE_OP/GE_OP/EQ_OP/NE_OP/AND_OP/OR_OP/MUL_ASSIGN/DIV_ASSIGN/MOD_ASSIGN/ADD_ASSIGN/SUB_ASSIGN/LEFT_ASSIGN/RIGHT_ASSIGN/AND_ASSIGN/XOR_ASSIGN/OR_ASSIGN/'('/')'/'['/']'/'.'/','/'&'/'*'/'+'/'-'/'/'/'%'/'<'/'>'/'^'/'|'/'='/'?'/':'
    36 expression -> • expression EQ_OP expression, yyeof/PTR_OP/INC_OP/DEC_OP/LEFT_OP/RIGHT_OP/LE_OP/GE_OP/EQ_OP/NE_OP/AND_OP/OR_OP/MUL_ASSIGN/DIV_ASSIGN/MOD_ASSIGN/ADD_ASSIGN/SUB_ASSIGN/LEFT_ASSIGN/RIGHT_ASSIGN/AND_ASSIGN/XOR_ASSIGN/OR_ASSIGN/'('/')'/'['/']'/'.'/','/'&'/'*'/'+'/'-'/'/'/'%'/'<'/'>'/'^'/'|'/'='/'?'/':'
    37 expression -> • expression NE_OP expression, yyeof/PTR_OP/INC_OP/DEC_OP/LEFT_OP/RIGHT_OP/LE_OP/GE_OP/EQ_OP/NE_OP/AND_OP/OR_OP/MUL_ASSIGN/DIV_ASSIGN/MOD_ASSIGN/ADD_ASSIGN/SUB_ASSIGN/LEFT_ASSIGN/RIGHT_ASSIGN/AND_ASSIGN/XOR_ASSIGN/OR_ASSIGN/'('/')'/'['/']'/'.'/','/'&'/'*'/'+'/'-'/'/'/'%'/'<'/'>'/'^'/'|'/'='/'?'/':'
    38 expression -> • expression '&' expression, yyeof/PTR_OP/INC_OP/DEC_OP/LEFT_OP/RIGHT_OP/LE_OP/GE_OP/EQ_OP/NE_OP/AND_OP/OR_OP/MUL_ASSIGN/DIV_ASSIGN/MOD_ASSIGN/ADD_ASSIGN/SUB_ASSIGN/LEFT_ASSIGN/RIGHT_ASSIGN/AND_ASSIGN/XOR_ASSIGN/OR_ASSIGN/'('/')'/'['/']'/'.'/','/'&'/'*'/'+'/'-'/'/'/'%'/'<'/'>'/'^'/'|'/'='/'?'/':'
    39 expression -> • expression '^' expression, yyeof/PTR_OP/INC_OP/DEC_OP/LEFT_OP/RIGHT_OP/LE_OP/GE_OP/EQ_OP/NE_OP/AND_OP/OR_OP/MUL_ASSIGN/DIV_ASSIGN/MOD_ASSIGN/ADD_ASSIGN/SUB_ASSIGN/LEFT_ASSIGN/RIGHT_ASSIGN/AND_ASSIGN/XOR_ASSIGN/OR_ASSIGN/'('/')'/'['/']'/'.'/','/'&'/'*'/'+'/'-'/'/'/'%'/'<'/'>'/'^'/'|'/'='/'?'/':'
    40 expression -> • expression '|' expression, yyeof/PTR_OP/INC_OP/DEC_OP/LEFT_OP/RIGHT_OP/LE_OP/GE_OP/EQ_OP/NE_OP/AND_OP/OR_OP/MUL_ASSIGN/DIV_ASSIGN/MOD_ASSIGN/ADD_ASSIGN/SUB_ASSIGN/LEFT_ASSIGN/RIGHT_ASSIGN/AND_ASSIGN/XOR_ASSIGN/OR_ASSIGN/'('/')'/'['/']'/'.'/','/'&'/'*'/'+'/'-'/'/'/'%'/'<'/'>'/'^'/'|'/'='/'?'/':'
    41 expression -> • expression AND_OP expression, yyeof/PTR_OP/INC_OP/DEC_OP/LEFT_OP/RIGHT_OP/LE_OP/GE_OP/EQ_OP/NE_OP/AND_OP/OR_OP/MUL_ASSIGN/DIV_ASSIGN/MOD_ASSIGN/ADD_ASSIGN/SUB_ASSIGN/LEFT_ASSIGN/RIGHT_ASSIGN/AND_ASSIGN/XOR_ASSIGN/OR_ASSIGN/'('/')'/'['/']'/'.'/','/'&'/'*'/'+'/'-'/'/'/'%'/'<'/'>'/'^'/'|'/'='/'?'/':'
    42 expression -> • expression OR_OP expression, yyeof/PTR_OP/INC_OP/DEC_OP/LEFT_OP/RIGHT_OP/LE_OP/GE_OP/EQ_OP/NE_OP/AND_OP/OR_OP/MUL_ASSIGN/DIV_ASSIGN/MOD_ASSIGN/ADD_ASSIGN/SUB_ASSIGN/LEFT_ASSIGN/RIGHT_ASSIGN/AND_ASSIGN/XOR_ASSIGN/OR_ASSIGN/'('/')'/'['/']'/'.'/','/'&'/'*'/'+'/'-'/'/'/'%'/'<'/'>'/'^'/'|'/'='/'?'/':'
    43 expression -> • expression '=' expression, yyeof/PTR_OP/INC_OP/DEC_OP/LEFT_OP/RIGHT_OP/LE_OP/GE_OP/EQ_OP/NE_OP/AND_OP/OR_OP/MUL_ASSIGN/DIV_ASSIGN/MOD_ASSIGN/ADD_ASSIGN/SUB_ASSIGN/LEFT_ASSIGN/RIGHT_ASSIGN/AND_ASSIGN/XOR_ASSIGN/OR_ASSIGN/'('/')'/'['/']'/'.'/','/'&'/'*'/'+'/'-'/'/'/'%'/'<'/'>'/'^'/'|'/'='/'?'/':'
    44 expression -> • expression MUL_ASSIGN expression, yyeof/PTR_OP/INC_OP/DEC_OP/LEFT_OP/RIGHT_OP/LE_OP/GE_OP/EQ_OP/NE_OP/AND_OP/OR_OP/MUL_ASSIGN/DIV_ASSIGN/MOD_ASSIGN/ADD_ASSIGN/SUB_ASSIGN/LEFT_ASSIGN/RIGHT_ASSIGN/AND_ASSIGN/XOR_ASSIGN/OR_ASSIGN/'('/')'/'['/']'/'.'/','/'&'/'*'/'+'/'-'/'/'/'%'/'<'/'>'/'^'/'|'/'='/'?'/':'
    45 expression -> • expression DIV_ASSIGN expression, yyeof/PTR_OP/INC_OP/DEC_OP/LEFT_OP/RIGHT_OP/LE_OP/GE_OP/EQ_OP/NE_OP/AND_OP/OR_OP/MUL_ASSIGN/DIV_ASSIGN/MOD_ASSIGN/ADD_ASSIGN/SUB_ASSIGN/LEFT_ASSIGN/RIGHT_ASSIGN/AND_ASSIGN/XOR_ASSIGN/OR_ASSIGN/'('/')'/'['/']'/'.'/','/'&'/'*'/'+'/'-'/'/'/'%'/'<'/'>'/'^'/'|'/'='/'?'/':'
    46 expression -> • expression MOD_ASSIGN expression, yyeof/PTR_OP/INC_OP/DEC_OP/LEFT_OP/RIGHT_OP/LE_OP/GE_OP/EQ_OP/NE_OP/AND_OP/OR_OP/MUL_ASSIGN/DIV_ASSIGN/MOD_ASSIGN/ADD_ASSIGN/SUB_ASSIGN/LEFT_ASSIGN/RIGHT_ASSIGN/AND_ASSIGN/XOR_ASSIGN/OR_ASSIGN/'('/')'/'['/']'/'.'/','/'&'/'*'/'+'/'-'/'/'/'%'/'<'/'>'/'^'/'|'/'='/'?'/':'
    47 expression -> • expression ADD_ASSIGN expression, yyeof/PTR_OP/INC_OP/DEC_OP/LEFT_OP/RIGHT_OP/LE_OP/GE_OP/EQ_OP/NE_OP/AND_OP/OR_OP/MUL_ASSIGN/DIV_ASSIGN/MOD_ASSIGN/ADD_ASSIGN/SUB_ASSIGN/LEFT_ASSIGN/RIGHT_ASSIGN/AND_ASSIGN/XOR_ASSIGN/OR_ASSIGN/'('/')'/'['/']'/'.'/','/'&'/'*'/'+'/'-'/'/'/'%'/'<'/'>'/'^'/'|'/'='/'?'/':'
    48 expression -> • expression SUB_ASSIGN expression, yyeof/PTR_OP/INC_OP/DEC_OP/LEFT_OP/RIGHT_OP/LE_OP/GE_OP/EQ_OP/NE_OP/AND_OP/OR_OP/MUL_ASSIGN/DIV_ASSIGN/MOD_ASSIGN/ADD_ASSIGN/SUB_ASSIGN/LEFT_ASSIGN/RIGHT_ASSIGN/AND_ASSIGN/XOR_ASSIGN/OR_ASSIGN/'('/')'/'['/']'/'.'/','/'&'/'*'/'+'/'-'/'/'/'%'/'<'/'>'/'^'/'|'/'='/'?'/':'
    48 expression -> expression SUB_ASSIGN • expression, yyeof/PTR_OP/INC_OP/DEC_OP/LEFT_OP/RIGHT_OP/LE_OP/GE_OP/EQ_OP/NE_OP/AND_OP/OR_OP/MUL_ASSIGN/DIV_ASSIGN/MOD_ASSIGN/ADD_ASSIGN/SUB_ASSIGN/LEFT_ASSIGN/RIGHT_ASSIGN/AND_ASSIGN/XOR_ASSIGN/OR_ASSIGN/'('/')'/'['/']'/'.'/','/'&'/'*'/'+'/'-'/'/'/'%'/'<'/'>'/'^'/'|'/'='/'?'/':'
    49 expression -> • expression LEFT_ASSIGN expression, yyeof/PTR_OP/INC_OP/DEC_OP/LEFT_OP/RIGHT_OP/LE_OP/GE_OP/EQ_OP/NE_OP/AND_OP/OR_OP/MUL_ASSIGN/DIV_ASSIGN/MOD_ASSIGN/ADD_ASSIGN/SUB_ASSIGN/LEFT_ASSIGN/RIGHT_ASSIGN/AND_ASSIGN/XOR_ASSIGN/OR_ASSIGN/'('/')'/'['/']'/'.'/','/'&'/'*'/'+'/'-'/'/'/'%'/'<'/'>'/'^'/'|'/'='/'?'/':'
    50 expression -> • expression RIGHT_ASSIGN expression, yyeof/PTR_OP/INC_OP/DEC_OP/LEFT_OP/RIGHT_OP/LE_OP/GE_OP/EQ_OP/NE_OP/AND_OP/OR_OP/MUL_ASSIGN/DIV_ASSIGN/MOD_ASSIGN/ADD_ASSIGN/SUB_ASSIGN/LEFT_ASSIGN/RIGHT_ASSIGN/AND_ASSIGN/XOR_ASSIGN/OR_ASSIGN/'('/')'/'['/']'/'.'/','/'&'/'*'/'+'/'-'/'/'/'%'/'<'/'>'/'^'/'|'/'='/'?'/':'
    51 expression -> • expression AND_ASSIGN expression, yyeof/PTR_OP/INC_OP/DEC_OP/LEFT_OP/RIGHT_OP/LE_OP/GE_OP/EQ_OP/NE_OP/AND_OP/OR_OP/MUL_ASSIGN/DIV_ASSIGN/MOD_ASSIGN/ADD_ASSIGN/SUB_ASSIGN/LEFT_ASSIGN/RIGHT_ASSIGN/AND_ASSIGN/XOR_ASSIGN/OR_ASSIGN/'('/')'/'['/']'/'.'/','/'&'/'*'/'+'/'-'/'/'/'%'/'<'/'>'/'^'/'|'/'='/'?'/':'
    52 expression -> • expression XOR_ASSIGN expression, yyeof/PTR_OP/INC_OP/DEC_OP/LEFT_OP/RIGHT_OP/LE_OP/GE_OP/EQ_OP/NE_OP/AND_OP/OR_OP/MUL_ASSIGN/DIV_ASSIGN/MOD_ASSIGN/ADD_ASSIGN/SUB_ASSIGN/LEFT_ASSIGN/RIGHT_ASSIGN/AND_ASSIGN/XOR_ASSIGN/OR_ASSIGN/'('/')'/'['/']'/'.'/','/'&'/'*'/'+'/'-'/'/'/'%'/'<'/'>'/'^'/'|'/'='/'?'/':'
    53 expression -> • expression OR_ASSIGN expression, yyeof/PTR_OP/INC_OP/DEC_OP/LEFT_OP/RIGHT_OP/LE_OP/GE_OP/EQ_OP/NE_OP/AND_OP/OR_OP/MUL_ASSIGN/DIV_ASSIGN/MOD_ASSIGN/ADD_ASSIGN/SUB_ASSIGN/LEFT_ASSIGN/RIGHT_ASSIGN/AND_ASSIGN/XOR_ASSIGN/OR_ASSIGN/'('/')'/'['/']'/'.'/','/'&'/'*'/'+'/'-'/'/'/'%'/'<'/'>'/'^'/'|'/'='/'?'/':'
    54 expression -> • expression ',' expression, yyeof/PTR_OP/INC_OP/DEC_OP/LEFT_OP/RIGHT_OP/LE_OP/GE_OP/EQ_OP/NE_OP/AND_OP/OR_OP/MUL_ASSIGN/DIV_ASSIGN/MOD_ASSIGN/ADD_ASSIGN/SUB_ASSIGN/LEFT_ASSIGN/RIGHT_ASSIGN/AND_ASSIGN/XOR_ASSIGN/OR_ASSIGN/'('/')'/'['/']'/'.'/','/'&'/'*'/'+'/'-'/'/'/'%'/'<'/'>'/'^'/'|'/'='/'?'/':'
    55 expression -> • expression '?' expression ':' expression, yyeof/PTR_OP/INC_OP/DEC_OP/LEFT_OP/RIGHT_OP/LE_OP/GE_OP/EQ_OP/NE_OP/AND_OP/OR_OP/MUL_ASSIGN/DIV_ASSIGN/MOD_ASSIGN/ADD_ASSIGN/SUB_ASSIGN/LEFT_ASSIGN/RIGHT_ASSIGN/AND_ASSIGN/XOR_ASSIGN/OR_ASSIGN/'('/')'/'['/']'/'.'/','/'&'/'*'/'+'/'-'/'/'/'%'/'<'/'>'/'^'/'|'/'='/'?'/':'

    IDENTIFIER shift, and go to state 1
    STRING_LITERAL shift, and go to state 2
    CONSTANT shift, and go to state 3
    SIZEOF shift, and go to state 4
    INC_OP shift, and go to state 5
    DEC_OP shift, and go to state 6
    '(' shift, and go to state 9
    '&' shift, and go to state 10
    '*' shift, and go to state 11
    '+' shift, and go to state 12
    '-' shift, and go to state 13
    '~' shift, and go to state 14
    '!' shift, and go to state 15

    expression go to state 79


State 36

    2 expression -> • IDENTIFIER, yyeof/PTR_OP/INC_OP/DEC_OP/LEFT_OP/RIGHT_OP/LE_OP/GE_OP/EQ_OP/NE_OP/AND_OP/OR_OP/MUL_ASSIGN/DIV_ASSIGN/MOD_ASSIGN/ADD_ASSIGN/SUB_ASSIGN/LEFT_ASSIGN/RIGHT_ASSIGN/AND_ASSIGN/XOR_ASSIGN/OR_ASSIGN/'('/')'/'['/']'/'.'/','/'&'/'*'/'+'/'-'/'/'/'%'/'<'/'>'/'^'/'|'/'='/'?'/':'
    3 expression -> • CONSTANT, yyeof/PTR_OP/INC_OP/DEC_OP/LEFT_OP/RIGHT_OP/LE_OP/GE_OP/EQ_OP/NE_OP/AND_OP/OR_OP/MUL_ASSIGN/DIV_ASSIGN/MOD_ASSIGN/ADD_ASSIGN/SUB_ASSIGN/LEFT_ASSIGN/RIGHT_ASSIGN/AND_ASSIGN/XOR_ASSIGN/OR_ASSIGN/'('/')'/'['/']'/'.'/','/'&'/'*'/'+'/'-'/'/'/'%'/'<'/'>'/'^'/'|'/'='/'?'/':'
    4 expression -> • STRING_LITERAL, yyeof/PTR_OP/INC_OP/DEC_OP/LEFT_OP/RIGHT_OP/LE_OP/GE_OP/EQ_OP/NE_OP/AND_OP/OR_OP/MUL_ASSIGN/DIV_ASSIGN/MOD_ASSIGN/ADD_ASSIGN/SUB_ASSIGN/LEFT_ASSIGN/RIGHT_ASSIGN/AND_ASSIGN/XOR_ASSIGN/OR_ASSIGN/'('/')'/'['/']'/'.'/','/'&'/'*'/'+'/'-'/'/'/'%'/'<'/'>'/'^'/'|'/'='/'?'/':'
    5 expression -> • '(' expression ')', yyeof/PTR_OP/INC_OP/DEC_OP/LEFT_OP/RIGHT_OP/LE_OP/GE_OP/EQ_OP/NE_OP/AND_OP/OR_OP/MUL_ASSIGN/DIV_ASSIGN/MOD_ASSIGN/ADD_ASSIGN/SUB_ASSIGN/LEFT_ASSIGN/RIGHT_ASSIGN/AND_ASSIGN/XOR_ASSIGN/OR_ASSIGN/'('/')'/'['/']'/'.'/','/'&'/'*'/'+'/'-'/'/'/'%'/'<'/'>'/'^'/'|'/'='/'?'/':'
    6 expression -> • expression '[' expression ']', yyeof/PTR_OP/INC_OP/DEC_OP/LEFT_OP/RIGHT_OP/LE_OP/GE_OP/EQ_OP/NE_OP/AND_OP/OR_OP/MUL_ASSIGN/DIV_ASSIGN/MOD_ASSIGN/ADD_ASSIGN/SUB_ASSIGN/LEFT_ASSIGN/RIGHT_ASSIGN/AND_ASSIGN/XOR_ASSIGN/OR_ASSIGN/'('/')'/'['/']'/'.'/','/'&'/'*'/'+'/'-'/'/'/'%'/'<'/'>'/'^'/'|'/'='/'?'/':'
    7 expression -> • expression '(' ')', yyeof/PTR_OP/INC_OP/DEC_OP/LEFT_OP/RIGHT_OP/LE_OP/GE_OP/EQ_OP/NE_OP/AND_OP/OR_OP/MUL_ASSIGN/DIV_ASSIGN/MOD_ASSIGN/ADD_ASSIGN/SUB_ASSIGN/LEFT_ASSIGN/RIGHT_ASSIGN/AND_ASSIGN/XOR_ASSIGN/OR_ASSIGN/'('/')'/'['/']'/'.'/','/'&'/'*'/'+'/'-'/'/'/'%'/'<'/'>'/'^'/'|'/'='/'?'/':'
    8 expression -> • expression '(' expression ')', yyeof/PTR_OP/INC_OP/DEC_OP/LEFT_OP/RIGHT_OP/LE_OP/GE_OP/EQ_OP/NE_OP/AND_OP/OR_OP/MUL_ASSIGN/DIV_ASSIGN/MOD_ASSIGN/ADD_ASSIGN/SUB_ASSIGN/LEFT_ASSIGN/RIGHT_ASSIGN/AND_ASSIGN/XOR_ASSIGN/OR_ASSIGN/'('/')'/'['/']'/'.'/','/'&'/'*'/'+'/'-'/'/'/'%'/'<'/'>'/'^'/'|'/'='/'?'/':'
    9 expression -> • expression '.' IDENTIFIER, yyeof/PTR_OP/INC_OP/DEC_OP/LEFT_OP/RIGHT_OP/LE_OP/GE_OP/EQ_OP/NE_OP/AND_OP/OR_OP/MUL_ASSIGN/DIV_ASSIGN/MOD_ASSIGN/ADD_ASSIGN/SUB_ASSIGN/LEFT_ASSIGN/RIGHT_ASSIGN/AND_ASSIGN/XOR_ASSIGN/OR_ASSIGN/'('/')'/'['/']'/'.'/','/'&'/'*'/'+'/'-'/'/'/'%'/'<'/'>'/'^'/'|'/'='/'?'/':'
    10 expression -> • expression PTR_OP IDENTIFIER, yyeof/PTR_OP/INC_OP/DEC_OP/LEFT_OP/RIGHT_OP/LE_OP/GE_OP/EQ_OP/NE_OP/AND_OP/OR_OP/MUL_ASSIGN/DIV_ASSIGN/MOD_ASSIGN/ADD_ASSIGN/SUB_ASSIGN/LEFT_ASSIGN/RIGHT_ASSIGN/AND_ASSIGN/XOR_ASSIGN/OR_ASSIGN/'('/')'/'['/']'/'.'/','/'&'/'*'/'+'/'-'/'/'/'%'/'<'/'>'/'^'/'|'/'='/'?'/':'
    11 expression -> • expression INC_OP, yyeof/PTR_OP/INC_OP/DEC_OP/LEFT_OP/RIGHT_OP/LE_OP/GE_OP/EQ_OP/NE_OP/AND_OP/OR_OP/MUL_ASSIGN/DIV_ASSIGN/MOD_ASSIGN/ADD_ASSIGN/SUB_ASSIGN/LEFT_ASSIGN/RIGHT_ASSIGN/AND_ASSIGN/XOR_ASSIGN/OR_ASSIGN/'('/')'/'['/']'/'.'/','/'&'/'*'/'+'/'-'/'/'/'%'/'<'/'>'/'^'/'|'/'='/'?'/':'
    12 expression -> • expression DEC_OP, yyeof/PTR_OP/INC_OP/DEC_OP/LEFT_OP/RIGHT_OP/LE_OP/GE_OP/EQ_OP/NE_OP/AND_OP/OR_OP/MUL_ASSIGN/DIV_ASSIGN/MOD_ASSIGN/ADD_ASSIGN/SUB_ASSIGN/LEFT_ASSIGN/RIGHT_ASSIGN/AND_ASSIGN/XOR_ASSIGN/OR_ASSIGN/'('/')'/'['/']'/'.'/','/'&'/'*'/'+'/'-'/'/'/'%'/'<'/'>'/'^'/'|'/'='/'?'/':'
    13 expression -> • expression ',' expression, yyeof/PTR_OP/INC_OP/DEC_OP/LEFT_OP/RIGHT_OP/LE_OP/GE_OP/EQ_OP/NE_OP/AND_OP/OR_OP/MUL_ASSIGN/DIV_ASSIGN/MOD_ASSIGN/ADD_ASSIGN/SUB_ASSIGN/LEFT_ASSIGN/RIGHT_ASSIGN/AND_ASSIGN/XOR_ASSIGN/OR_ASSIGN/'('/')'/'['/']'/'.'/','/'&'/'*'/'+'/'-'/'/'/'%'/'<'/'>'/'^'/'|'/'='/'?'/':'
    14 expression -> • INC_OP expression, yyeof/PTR_OP/INC_OP/DEC_OP/LEFT_OP/RIGHT_OP/LE_OP/GE_OP/EQ_OP/NE_OP/AND_OP/OR_OP/MUL_ASSIGN/DIV_ASSIGN/MOD_ASSIGN/ADD_ASSIGN/SUB_ASSIGN/LEFT_ASSIGN/RIGHT_ASSIGN/AND_ASSIGN/XOR_ASSIGN/OR_ASSIGN/'('/')'/'['/']'/'.'/','/'&'/'*'/'+'/'-'/'/'/'%'/'<'/'>'/'^'/'|'/'='/'?'/':'
    15 expression -> • DEC_OP expression, yyeof/PTR_OP/INC_OP/DEC_OP/LEFT_OP/RIGHT_OP/LE_OP/GE_OP/EQ_OP/NE_OP/AND_OP/OR_OP/MUL_ASSIGN/DIV_ASSIGN/MOD_ASSIGN/ADD_ASSIGN/SUB_ASSIGN/LEFT_ASSIGN/RIGHT_ASSIGN/AND_ASSIGN/XOR_ASSIGN/OR_ASSIGN/'('/')'/'['/']'/'.'/','/'&'/'*'/'+'/'-'/'/'/'%'/'<'/'>'/'^'/'|'/'='/'?'/':'
    16 expression -> • SIZEOF expression, yyeof/PTR_OP/INC_OP/DEC_OP/LEFT_OP/RIGHT_OP/LE_OP/GE_OP/EQ_OP/NE_OP/AND_OP/OR_OP/MUL_ASSIGN/DIV_ASSIGN/MOD_ASSIGN/ADD_ASSIGN/SUB_ASSIGN/LEFT_ASSIGN/RIGHT_ASSIGN/AND_ASSIGN/XOR_ASSIGN/OR_ASSIGN/'('/')'/'['/']'/'.'/','/'&'/'*'/'+'/'-'/'/'/'%'/'<'/'>'/'^'/'|'/'='/'?'/':'
    17 expression -> • SIZEOF '(' type_name ')', yyeof/PTR_OP/INC_OP/DEC_OP/LEFT_OP/RIGHT_OP/LE_OP/GE_OP/EQ_OP/NE_OP/AND_OP/OR_OP/MUL_ASSIGN/DIV_ASSIGN/MOD_ASSIGN/ADD_ASSIGN/SUB_ASSIGN/LEFT_ASSIGN/RIGHT_ASSIGN/AND_ASSIGN/XOR_ASSIGN/OR_ASSIGN/'('/')'/'['/']'/'.'/','/'&'/'*'/'+'/'-'/'/'/'%'/'<'/'>'/'^'/'|'/'='/'?'/':'
    18 expression -> • '(' type_name ')' expression, yyeof/PTR_OP/INC_OP/DEC_OP/LEFT_OP/RIGHT_OP/LE_OP/GE_OP/EQ_OP/NE_OP/AND_OP/OR_OP/MUL_ASSIGN/DIV_ASSIGN/MOD_ASSIGN/ADD_ASSIGN/SUB_ASSIGN/LEFT_ASSIGN/RIGHT_ASSIGN/AND_ASSIGN/XOR_ASSIGN/OR_ASSIGN/'('/')'/'['/']'/'.'/','/'&'/'*'/'+'/'-'/'/'/'%'/'<'/'>'/'^'/'|'/'='/'?'/':'
    19 expression -> • '&' expression, yyeof/PTR_OP/INC_OP/DEC_OP/LEFT_OP/RIGHT_OP/LE_OP/GE_OP/EQ_OP/NE_OP/AND_OP/OR_OP/MUL_ASSIGN/DIV_ASSIGN/MOD_ASSIGN/ADD_ASSIGN/SUB_ASSIGN/LEFT_ASSIGN/RIGHT_ASSIGN/AND_ASSIGN/XOR_ASSIGN/OR_ASSIGN/'('/')'/'['/']'/'.'/','/'&'/'*'/'+'/'-'/'/'/'%'/'<'/'>'/'^'/'|'/'='/'?'/':'
    20 expression -> • '*' expression, yyeof/PTR_OP/INC_OP/DEC_OP/LEFT_OP/RIGHT_OP/LE_OP/GE_OP/EQ_OP/NE_OP/AND_OP/OR_OP/MUL_ASSIGN/DIV_ASSIGN/MOD_ASSIGN/ADD_ASSIGN/SUB_ASSIGN/LEFT_ASSIGN/RIGHT_ASSIGN/AND_ASSIGN/XOR_ASSIGN/OR_ASSIGN/'('/')'/'['/']'/'.'/','/'&'/'*'/'+'/'-'/'/'/'%'/'<'/'>'/'^'/'|'/'='/'?'/':'
    21 expression -> • '+' expression, yyeof/PTR_OP/INC_OP/DEC_OP/LEFT_OP/RIGHT_OP/LE_OP/GE_OP/EQ_OP/NE_OP/AND_OP/OR_OP/MUL_ASSIGN/DIV_ASSIGN/MOD_ASSIGN/ADD_ASSIGN/SUB_ASSIGN/LEFT_ASSIGN/RIGHT_ASSIGN/AND_ASSIGN/XOR_ASSIGN/OR_ASSIGN/'('/')'/'['/']'/'.'/','/'&'/'*'/'+'/'-'/'/'/'%'/'<'/'>'/'^'/'|'/'='/'?'/':'
    22 expression -> • '-' expression, yyeof/PTR_OP/INC_OP/DEC_OP/LEFT_OP/RIGHT_OP/LE_OP/GE_OP/EQ_OP/NE_OP/AND_OP/OR_OP/MUL_ASSIGN/DIV_ASSIGN/MOD_ASSIGN/ADD_ASSIGN/SUB_ASSIGN/LEFT_ASSIGN/RIGHT_ASSIGN/AND_ASSIGN/XOR_ASSIGN/OR_ASSIGN/'('/')'/'['/']'/'.'/','/'&'/'*'/'+'/'-'/'/'/'%'/'<'/'>'/'^'/'|'/'='/'?'/':'
    23 expression -> • '~' expression, yyeof/PTR_OP/INC_OP/DEC_OP/LEFT_OP/RIGHT_OP/LE_OP/GE_OP/EQ_OP/NE_OP/AND_OP/OR_OP/MUL_ASSIGN/DIV_ASSIGN/MOD_ASSIGN/ADD_ASSIGN/SUB_ASSIGN/LEFT_ASSIGN/RIGHT_ASSIGN/AND_ASSIGN/XOR_ASSIGN/OR_ASSIGN/'('/')'/'['/']'/'.'/','/'&'/'*'/'+'/'-'/'/'/'%'/'<'/'>'/'^'/'|'/'='/'?'/':'
    24 expression -> • '!' expression, yyeof/PTR_OP/INC_OP/DEC_OP/LEFT_OP/RIGHT_OP/LE_OP/GE_OP/EQ_OP/NE_OP/AND_OP/OR_OP/MUL_ASSIGN/DIV_ASSIGN/MOD_ASSIGN/ADD_ASSIGN/SUB_ASSIGN/LEFT_ASSIGN/RIGHT_ASSIGN/AND_ASSIGN/XOR_ASSIGN/OR_ASSIGN/'('/')'/'['/']'/'.'/','/'&'/'*'/'+'/'-'/'/'/'%'/'<'/'>'/'^'/'|'/'='/'?'/':'
    25 expression -> • expression '+' expression, yyeof/PTR_OP/INC_OP/DEC_OP/LEFT_OP/RIGHT_OP/LE_OP/GE_OP/EQ_OP/NE_OP/AND_OP/OR_OP/MUL_ASSIGN/DIV_ASSIGN/MOD_ASSIGN/ADD_ASSIGN/SUB_ASSIGN/LEFT_ASSIGN/RIGHT_ASSIGN/AND_ASSIGN/XOR_ASSIGN/OR_ASSIGN/'('/')'/'['/']'/'.'/','/'&'/'*'/'+'/'-'/'/'/'%'/'<'/'>'/'^'/'|'/'='/'?'/':'
    26 expression -> • expression '-' expression, yyeof/PTR_OP/INC_OP/DEC_OP/LEFT_OP/RIGHT_OP/LE_OP/GE_OP/EQ_OP/NE_OP/AND_OP/OR_OP/MUL_ASSIGN/DIV_ASSIGN/MOD_ASSIGN/ADD_ASSIGN/SUB_ASSIGN/LEFT_ASSIGN/RIGHT_ASSIGN/AND_ASSIGN/XOR_ASSIGN/OR_ASSIGN/'('/')'/'['/']'/'.'/','/'&'/'*'/'+'/'-'/'/'/'%'/'<'/'>'/'^'/'|'/'='/'?'/':'
    27 expression -> • expression '*' expression, yyeof/PTR_OP/INC_OP/DEC_OP/LEFT_OP/RIGHT_OP/LE_OP/GE_OP/EQ_OP/NE_OP/AND_OP/OR_OP/MUL_ASSIGN/DIV_ASSIGN/MOD_ASSIGN/ADD_ASSIGN/SUB_ASSIGN/LEFT_ASSIGN/RIGHT_ASSIGN/AND_ASSIGN/XOR_ASSIGN/OR_ASSIGN/'('/')'/'['/']'/'.'/','/'&'/'*'/'+'/'-'/'/'/'%'/'<'/'>'/'^'/'|'/'='/'?'/':'
    28 expression -> • expression '/' expression, yyeof/PTR_OP/INC_OP/DEC_OP/LEFT_OP/RIGHT_OP/LE_OP/GE_OP/EQ_OP/NE_OP/AND_OP/OR_OP/MUL_ASSIGN/DIV_ASSIGN/MOD_ASSIGN/ADD_ASSIGN/SUB_ASSIGN/LEFT_ASSIGN/RIGHT_ASSIGN/AND_ASSIGN/XOR_ASSIGN/OR_ASSIGN/'('/')'/'['/']'/'.'/','/'&'/'*'/'+'/'-'/'/'/'%'/'<'/'>'/'^'/'|'/'='/'?'/':'
    29 expression -> • expression '%' expression, yyeof/PTR_OP/INC_OP/DEC_OP/LEFT_OP/RIGHT_OP/LE_OP/GE_OP/EQ_OP/NE_OP/AND_OP/OR_OP/MUL_ASSIGN/DIV_ASSIGN/MOD_ASSIGN/ADD_ASSIGN/SUB_ASSIGN/LEFT_ASSIGN/RIGHT_ASSIGN/AND_ASSIGN/XOR_ASSIGN/OR_ASSIGN/'('/')'/'['/']'/'.'/','/'&'/'*'/'+'/'-'/'/'/'%'/'<'/'>'/'^'/'|'/'='/'?'/':'
    30 expression -> • expression LEFT_OP expression, yyeof/PTR_OP/INC_OP/DEC_OP/LEFT_OP/RIGHT_OP/LE_OP/GE_OP/EQ_OP/NE_OP/AND_OP/OR_OP/MUL_ASSIGN/DIV_ASSIGN/MOD_ASSIGN/ADD_ASSIGN/SUB_ASSIGN/LEFT_ASSIGN/RIGHT_ASSIGN/AND_ASSIGN/XOR_ASSIGN/OR_ASSIGN/'('/')'/'['/']'/'.'/','/'&'/'*'/'+'/'-'/'/'/'%'/'<'/'>'/'^'/'|'/'='/'?'/':'
    31 expression -> • expression RIGHT_OP expression, yyeof/PTR_OP/INC_OP/DEC_OP/LEFT_OP/RIGHT_OP/LE_OP/GE_OP/EQ_OP/NE_OP/AND_OP/OR_OP/MUL_ASSIGN/DIV_ASSIGN/MOD_ASSIGN/ADD_ASSIGN/SUB_ASSIGN/LEFT_ASSIGN/RIGHT_ASSIGN/AND_ASSIGN/XOR_ASSIGN/OR_ASSIGN/'('/')'/'['/']'/'.'/','/'&'/'*'/'+'/'-'/'/'/'%'/'<'/'>'/'^'/'|'/'='/'?'/':'
    32 expression -> • expression '<' expression, yyeof/PTR_OP/INC_OP/DEC_OP/LEFT_OP/RIGHT_OP/LE_OP/GE_OP/EQ_OP/NE_OP/AND_OP/OR_OP/MUL_ASSIGN/DIV_ASSIGN/MOD_ASSIGN/ADD_ASSIGN/SUB_ASSIGN/LEFT_ASSIGN/RIGHT_ASSIGN/AND_ASSIGN/XOR_ASSIGN/OR_ASSIGN/'('/')'/'['/']'/'.'/','/'&'/'*'/'+'/'-'/'/'/'%'/'<'/'>'/'^'/'|'/'='/'?'/':'
    33 expression -> • expression '>' expression, yyeof/PTR_OP/INC_OP/DEC_OP/LEFT_OP/RIGHT_OP/LE_OP/GE_OP/EQ_OP/NE_OP/AND_OP/OR_OP/MUL_ASSIGN/DIV_ASSIGN/MOD_ASSIGN/ADD_ASSIGN/SUB_ASSIGN/LEFT_ASSIGN/RIGHT_ASSIGN/AND_ASSIGN/XOR_ASSIGN/OR_ASSIGN/'('/')'/'['/']'/'.'/','/'&'/'*'/'+'/'-'/'/'/'%'/'<'/'>'/'^'/'|'/'='/'?'/':'
    34 expression -> • expression LE_OP expression, yyeof/PTR_OP/INC_OP/DEC_OP/LEFT_OP/RIGHT_OP/LE_OP/GE_OP/EQ_OP/NE_OP/AND_OP/OR_OP/MUL_ASSIGN/DIV_ASSIGN/MOD_ASSIGN/ADD_ASSIGN/SUB_ASSIGN/LEFT_ASSIGN/RIGHT_ASSIGN/AND_ASSIGN/XOR_ASSIGN/OR_ASSIGN/'('/')'/'['/']'/'.'/','/'&'/'*'/'+'/'-'/'/'/'%'/'<'/'>'/'^'/'|'/'='/'?'/':'
    35 expression -> • expression GE_OP expression, yyeof/PTR_OP/INC_OP/DEC_OP/LEFT_OP/RIGHT_OP/LE_OP/GE_OP/EQ_OP/NE_OP/AND_OP/OR_OP/MUL_ASSIGN/DIV_ASSIGN/MOD_ASSIGN/ADD_ASSIGN/SUB_ASSIGN/LEFT_ASSIGN/RIGHT_ASSIGN/AND_ASSIGN/XOR_ASSIGN/OR_ASSIGN/'('/')'/'['/']'/'.'/','/'&'/'*'/'+'/'-'/'/'/'%'/'<'/'>'/'^'/'|'/'='/'?'/':'
    36 expression -> • expression EQ_OP expression, yyeof/PTR_OP/INC_OP/DEC_OP/LEFT_OP/RIGHT_OP/LE_OP/GE_OP/EQ_OP/NE_OP/AND_OP/OR_OP/MUL_ASSIGN/DIV_ASSIGN/MOD_ASSIGN/ADD_ASSIGN/SUB_ASSIGN/LEFT_ASSIGN/RIGHT_ASSIGN/AND_ASSIGN/XOR_ASSIGN/OR_ASSIGN/'('/')'/'['/']'/'.'/','/'&'/'*'/'+'/'-'/'/'/'%'/'<'/'>'/'^'/'|'/'='/'?'/':'
    37 expression -> • expression NE_OP expression, yyeof/PTR_OP/INC_OP/DEC_OP/LEFT_OP/RIGHT_OP/LE_OP/GE_OP/EQ_OP/NE_OP/AND_OP/OR_OP/MUL_ASSIGN/DIV_ASSIGN/MOD_ASSIGN/ADD_ASSIGN/SUB_ASSIGN/LEFT_ASSIGN/RIGHT_ASSIGN/AND_ASSIGN/XOR_ASSIGN/OR_ASSIGN/'('/')'/'['/']'/'.'/','/'&'/'*'/'+'/'-'/'/'/'%'/'<'/'>'/'^'/'|'/'='/'?'/':'
    38 expression -> • expression '&' expression, yyeof/PTR_OP/INC_OP/DEC_OP/LEFT_OP/RIGHT_OP/LE_OP/GE_OP/EQ_OP/NE_OP/AND_OP/OR_OP/MUL_ASSIGN/DIV_ASSIGN/MOD_ASSIGN/ADD_ASSIGN/SUB_ASSIGN/LEFT_ASSIGN/RIGHT_ASSIGN/AND_ASSIGN/XOR_ASSIGN/OR_ASSIGN/'('/')'/'['/']'/'.'/','/'&'/'*'/'+'/'-'/'/'/'%'/'<'/'>'/'^'/'|'/'='/'?'/':'
    39 expression -> • expression '^' expression, yyeof/PTR_OP/INC_OP/DEC_OP/LEFT_OP/RIGHT_OP/LE_OP/GE_OP/EQ_OP/NE_OP/AND_OP/OR_OP/MUL_ASSIGN/DIV_ASSIGN/MOD_ASSIGN/ADD_ASSIGN/SUB_ASSIGN/LEFT_ASSIGN/RIGHT_ASSIGN/AND_ASSIGN/XOR_ASSIGN/OR_ASSIGN/'('/')'/'['/']'/'.'/','/'&'/'*'/'+'/'-'/'/'/'%'/'<'/'>'/'^'/'|'/'='/'?'/':'
    40 expression -> • expression '|' expression, yyeof/PTR_OP/INC_OP/DEC_OP/LEFT_OP/RIGHT_OP/LE_OP/GE_OP/EQ_OP/NE_OP/AND_OP/OR_OP/MUL_ASSIGN/DIV_ASSIGN/MOD_ASSIGN/ADD_ASSIGN/SUB_ASSIGN/LEFT_ASSIGN/RIGHT_ASSIGN/AND_ASSIGN/XOR_ASSIGN/OR_ASSIGN/'('/')'/'['/']'/'.'/','/'&'/'*'/'+'/'-'/'/'/'%'/'<'/'>'/'^'/'|'/'='/'?'/':'
    41 expression -> • expression AND_OP expression, yyeof/PTR_OP/INC_OP/DEC_OP/LEFT_OP/RIGHT_OP/LE_OP/GE_OP/EQ_OP/NE_OP/AND_OP/OR_OP/MUL_ASSIGN/DIV_ASSIGN/MOD_ASSIGN/ADD_ASSIGN/SUB_ASSIGN/LEFT_ASSIGN/RIGHT_ASSIGN/AND_ASSIGN/XOR_ASSIGN/OR_ASSIGN/'('/')'/'['/']'/'.'/','/'&'/'*'/'+'/'-'/'/'/'%'/'<'/'>'/'^'/'|'/'='/'?'/':'
    42 expression -> • expression OR_OP expression, yyeof/PTR_OP/INC_OP/DEC_OP/LEFT_OP/RIGHT_OP/LE_OP/GE_OP/EQ_OP/NE_OP/AND_OP/OR_OP/MUL_ASSIGN/DIV_ASSIGN/MOD_ASSIGN/ADD_ASSIGN/SUB_ASSIGN/LEFT_ASSIGN/RIGHT_ASSIGN/AND_ASSIGN/XOR_ASSIGN/OR_ASSIGN/'('/')'/'['/']'/'.'/','/'&'/'*'/'+'/'-'/'/'/'%'/'<'/'>'/'^'/'|'/'='/'?'/':'
    43 expression -> • expression '=' expression, yyeof/PTR_OP/INC_OP/DEC_OP/LEFT_OP/RIGHT_OP/LE_OP/GE_OP/EQ_OP/NE_OP/AND_OP/OR_OP/MUL_ASSIGN/DIV_ASSIGN/MOD_ASSIGN/ADD_ASSIGN/SUB_ASSIGN/LEFT_ASSIGN/RIGHT_ASSIGN/AND_ASSIGN/XOR_ASSIGN/OR_ASSIGN/'('/')'/'['/']'/'.'/','/'&'/'*'/'+'/'-'/'/'/'%'/'<'/'>'/'^'/'|'/'='/'?'/':'
    44 expression -> • expression MUL_ASSIGN expression, yyeof/PTR_OP/INC_OP/DEC_OP/LEFT_OP/RIGHT_OP/LE_OP/GE_OP/EQ_OP/NE_OP/AND_OP/OR_OP/MUL_ASSIGN/DIV_ASSIGN/MOD_ASSIGN/ADD_ASSIGN/SUB_ASSIGN/LEFT_ASSIGN/RIGHT_ASSIGN/AND_ASSIGN/XOR_ASSIGN/OR_ASSIGN/'('/')'/'['/']'/'.'/','/'&'/'*'/'+'/'-'/'/'/'%'/'<'/'>'/'^'/'|'/'='/'?'/':'
    45 expression -> • expression DIV_ASSIGN expression, yyeof/PTR_OP/INC_OP/DEC_OP/LEFT_OP/RIGHT_OP/LE_OP/GE_OP/EQ_OP/NE_OP/AND_OP/OR_OP/MUL_ASSIGN/DIV_ASSIGN/MOD_ASSIGN/ADD_ASSIGN/SUB_ASSIGN/LEFT_ASSIGN/RIGHT_ASSIGN/AND_ASSIGN/XOR_ASSIGN/OR_ASSIGN/'('/')'/'['/']'/'.'/','/'&'/'*'/'+'/'-'/'/'/'%'/'<'/'>'/'^'/'|'/'='/'?'/':'
    46 expression -> • expression MOD_ASSIGN expression, yyeof/PTR_OP/INC_OP/DEC_OP/LEFT_OP/RIGHT_OP/LE_OP/GE_OP/EQ_OP/NE_OP/AND_OP/OR_OP/MUL_ASSIGN/DIV_ASSIGN/MOD_ASSIGN/ADD_ASSIGN/SUB_ASSIGN/LEFT_ASSIGN/RIGHT_ASSIGN/AND_ASSIGN/XOR_ASSIGN/OR_ASSIGN/'('/')'/'['/']'/'.'/','/'&'/'*'/'+'/'-'/'/'/'%'/'<'/'>'/'^'/'|'/'='/'?'/':'
    47 expression -> • expression ADD_ASSIGN expression, yyeof/PTR_OP/INC_OP/DEC_OP/LEFT_OP/RIGHT_OP/LE_OP/GE_OP/EQ_OP/NE_OP/AND_OP/OR_OP/MUL_ASSIGN/DIV_ASSIGN/MOD_ASSIGN/ADD_ASSIGN/SUB_ASSIGN/LEFT_ASSIGN/RIGHT_ASSIGN/AND_ASSIGN/XOR_ASSIGN/OR_ASSIGN/'('/')'/'['/']'/'.'/','/'&'/'*'/'+'/'-'/'/'/'%'/'<'/'>'/'^'/'|'/'='/'?'/':'
    48 expression -> • expression SUB_ASSIGN expression, yyeof/PTR_OP/INC_OP/DEC_OP/LEFT_OP/RIGHT_OP/LE_OP/GE_OP/EQ_OP/NE_OP/AND_OP/OR_OP/MUL_ASSIGN/DIV_ASSIGN/MOD_ASSIGN/ADD_ASSIGN/SUB_ASSIGN/LEFT_ASSIGN/RIGHT_ASSIGN/AND_ASSIGN/XOR_ASSIGN/OR_ASSIGN/'('/')'/'['/']'/'.'/','/'&'/'*'/'+'/'-'/'/'/'%'/'<'/'>'/'^'/'|'/'='/'?'/':'
    49 expression -> • expression LEFT_ASSIGN expression, yyeof/PTR_OP/INC_OP/DEC_OP/LEFT_OP/RIGHT_OP/LE_OP/GE_OP/EQ_OP/NE_OP/AND_OP/OR_OP/MUL_ASSIGN/DIV_ASSIGN/MOD_ASSIGN/ADD_ASSIGN/SUB_ASSIGN/LEFT_ASSIGN/RIGHT_ASSIGN/AND_ASSIGN/XOR_ASSIGN/OR_ASSIGN/'('/')'/'['/']'/'.'/','/'&'/'*'/'+'/'-'/'/'/'%'/'<'/'>'/'^'/'|'/'='/'?'/':'
    49 expression -> expression LEFT_ASSIGN • expression, yyeof/PTR_OP/INC_OP/DEC_OP/LEFT_OP/RIGHT_OP/LE_OP/GE_OP/EQ_OP/NE_OP/AND_OP/OR_OP/MUL_ASSIGN/DIV_ASSIGN/MOD_ASSIGN/ADD_ASSIGN/SUB_ASSIGN/LEFT_ASSIGN/RIGHT_ASSIGN/AND_ASSIGN/XOR_ASSIGN/OR_ASSIGN/'('/')'/'['/']'/'.'/','/'&'/'*'/'+'/'-'/'/'/'%'/'<'/'>'/'^'/'|'/'='/'?'/':'
    50 expression -> • expression RIGHT_ASSIGN expression, yyeof/PTR_OP/INC_OP/DEC_OP/LEFT_OP/RIGHT_OP/LE_OP/GE_OP/EQ_OP/NE_OP/AND_OP/OR_OP/MUL_ASSIGN/DIV_ASSIGN/MOD_ASSIGN/ADD_ASSIGN/SUB_ASSIGN/LEFT_ASSIGN/RIGHT_ASSIGN/AND_ASSIGN/XOR_ASSIGN/OR_ASSIGN/'('/')'/'['/']'/'.'/','/'&'/'*'/'+'/'-'/'/'/'%'/'<'/'>'/'^'/'|'/'='/'?'/':'
    51 expression -> • expression AND_ASSIGN expression, yyeof/PTR_OP/INC_OP/DEC_OP/LEFT_OP/RIGHT_OP/LE_OP/GE_OP/EQ_OP/NE_OP/AND_OP/OR_OP/MUL_ASSIGN/DIV_ASSIGN/MOD_ASSIGN/ADD_ASSIGN/SUB_ASSIGN/LEFT_ASSIGN/RIGHT_ASSIGN/AND_ASSIGN/XOR_ASSIGN/OR_ASSIGN/'('/')'/'['/']'/'.'/','/'&'/'*'/'+'/'-'/'/'/'%'/'<'/'>'/'^'/'|'/'='/'?'/':'
    52 expression -> • expression XOR_ASSIGN expression, yyeof/PTR_OP/INC_OP/DEC_OP/LEFT_OP/RIGHT_OP/LE_OP/GE_OP/EQ_OP/NE_OP/AND_OP/OR_OP/MUL_ASSIGN/DIV_ASSIGN/MOD_ASSIGN/ADD_ASSIGN/SUB_ASSIGN/LEFT_ASSIGN/RIGHT_ASSIGN/AND_ASSIGN/XOR_ASSIGN/OR_ASSIGN/'('/')'/'['/']'/'.'/','/'&'/'*'/'+'/'-'/'/'/'%'/'<'/'>'/'^'/'|'/'='/'?'/':'
    53 expression -> • expression OR_ASSIGN expression, yyeof/PTR_OP/INC_OP/DEC_OP/LEFT_OP/RIGHT_OP/LE_OP/GE_OP/EQ_OP/NE_OP/AND_OP/OR_OP/MUL_ASSIGN/DIV_ASSIGN/MOD_ASSIGN/ADD_ASSIGN/SUB_ASSIGN/LEFT_ASSIGN/RIGHT_ASSIGN/AND_ASSIGN/XOR_ASSIGN/OR_ASSIGN/'('/')'/'['/']'/'.'/','/'&'/'*'/'+'/'-'/'/'/'%'/'<'/'>'/'^'/'|'/'='/'?'/':'
    54 expression -> • expression ',' expression, yyeof/PTR_OP/INC_OP/DEC_OP/LEFT_OP/RIGHT_OP/LE_OP/GE_OP/EQ_OP/NE_OP/AND_OP/OR_OP/MUL_ASSIGN/DIV_ASSIGN/MOD_ASSIGN/ADD_ASSIGN/SUB_ASSIGN/LEFT_ASSIGN/RIGHT_ASSIGN/AND_ASSIGN/XOR_ASSIGN/OR_ASSIGN/'('/')'/'['/']'/'.'/','/'&'/'*'/'+'/'-'/'/'/'%'/'<'/'>'/'^'/'|'/'='/'?'/':'
    55 expression -> • expression '?' expression ':' expression, yyeof/PTR_OP/INC_OP/DEC_OP/LEFT_OP/RIGHT_OP/LE_OP/GE_OP/EQ_OP/NE_OP/AND_OP/OR_OP/MUL_ASSIGN/DIV_ASSIGN/MOD_ASSIGN/ADD_ASSIGN/SUB_ASSIGN/LEFT_ASSIGN/RIGHT_ASSIGN/AND_ASSIGN/XOR_ASSIGN/OR_ASSIGN/'('/')'/'['/']'/'.'/','/'&'/'*'/'+'/'-'/'/'/'%'/'<'/'>'/'^'/'|'/'='/'?'/':'

    IDENTIFIER shift, and go to state 1
    STRING_LITERAL shift, and go to state 2
    CONSTANT shift, and go to state 3
    SIZEOF shift, and go to state 4
    INC_OP shift, and go to state 5
    DEC_OP shift, and go to state 6
    '(' shift, and go to state 9
    '&' shift, and go to state 10
    '*' shift, and go to state 11
    '+' shift, and go to state 12
    '-' shift, and go to state 13
    '~' shift, and go to state 14
    '!' shift, and go to state 15

    expression go to state 80


State 37

    2 expression -> • IDENTIFIER, yyeof/PTR_OP/INC_OP/DEC_OP/LEFT_OP/RIGHT_OP/LE_OP/GE_OP/EQ_OP/NE_OP/AND_OP/OR_OP/MUL_ASSIGN/DIV_ASSIGN/MOD_ASSIGN/ADD_ASSIGN/SUB_ASSIGN/LEFT_ASSIGN/RIGHT_ASSIGN/AND_ASSIGN/XOR_ASSIGN/OR_ASSIGN/'('/')'/'['/']'/'.'/','/'&'/'*'/'+'/'-'/'/'/'%'/'<'/'>'/'^'/'|'/'='/'?'/':'
    3 expression -> • CONSTANT, yyeof/PTR_OP/INC_OP/DEC_OP/LEFT_OP/RIGHT_OP/LE_OP/GE_OP/EQ_OP/NE_OP/AND_OP/OR_OP/MUL_ASSIGN/DIV_ASSIGN/MOD_ASSIGN/ADD_ASSIGN/SUB_ASSIGN/LEFT_ASSIGN/RIGHT_ASSIGN/AND_ASSIGN/XOR_ASSIGN/OR_ASSIGN/'('/')'/'['/']'/'.'/','/'&'/'*'/'+'/'-'/'/'/'%'/'<'/'>'/'^'/'|'/'='/'?'/':'
    4 expression -> • STRING_LITERAL, yyeof/PTR_OP/INC_OP/DEC_OP/LEFT_OP/RIGHT_OP/LE_OP/GE_OP/EQ_OP/NE_OP/AND_OP/OR_OP/MUL_ASSIGN/DIV_ASSIGN/MOD_ASSIGN/ADD_ASSIGN/SUB_ASSIGN/LEFT_ASSIGN/RIGHT_ASSIGN/AND_ASSIGN/XOR_ASSIGN/OR_ASSIGN/'('/')'/'['/']'/'.'/','/'&'/'*'/'+'/'-'/'/'/'%'/'<'/'>'/'^'/'|'/'='/'?'/':'
    5 expression -> • '(' expression ')', yyeof/PTR_OP/INC_OP/DEC_OP/LEFT_OP/RIGHT_OP/LE_OP/GE_OP/EQ_OP/NE_OP/AND_OP/OR_OP/MUL_ASSIGN/DIV_ASSIGN/MOD_ASSIGN/ADD_ASSIGN/SUB_ASSIGN/LEFT_ASSIGN/RIGHT_ASSIGN/AND_ASSIGN/XOR_ASSIGN/OR_ASSIGN/'('/')'/'['/']'/'.'/','/'&'/'*'/'+'/'-'/'/'/'%'/'<'/'>'/'^'/'|'/'='/'?'/':'
    6 expression -> • expression '[' expression ']', yyeof/PTR_OP/INC_OP/DEC_OP/LEFT_OP/RIGHT_OP/LE_OP/GE_OP/EQ_OP/NE_OP/AND_OP/OR_OP/MUL_ASSIGN/DIV_ASSIGN/MOD_ASSIGN/ADD_ASSIGN/SUB_ASSIGN/LEFT_ASSIGN/RIGHT_ASSIGN/AND_ASSIGN/XOR_ASSIGN/OR_ASSIGN/'('/')'/'['/']'/'.'/','/'&'/'*'/'+'/'-'/'/'/'%'/'<'/'>'/'^'/'|'/'='/'?'/':'
    7 expression -> • expression '(' ')', yyeof/PTR_OP/INC_OP/DEC_OP/LEFT_OP/RIGHT_OP/LE_OP/GE_OP/EQ_OP/NE_OP/AND_OP/OR_OP/MUL_ASSIGN/DIV_ASSIGN/MOD_ASSIGN/ADD_ASSIGN/SUB_ASSIGN/LEFT_ASSIGN/RIGHT_ASSIGN/AND_ASSIGN/XOR_ASSIGN/OR_ASSIGN/'('/')'/'['/']'/'.'/','/'&'/'*'/'+'/'-'/'/'/'%'/'<'/'>'/'^'/'|'/'='/'?'/':'
    8 expression -> • expression '(' expression ')', yyeof/PTR_OP/INC_OP/DEC_OP/LEFT_OP/RIGHT_OP/LE_OP/GE_OP/EQ_OP/NE_OP/AND_OP/OR_OP/MUL_ASSIGN/DIV_ASSIGN/MOD_ASSIGN/ADD_ASSIGN/SUB_ASSIGN/LEFT_ASSIGN/RIGHT_ASSIGN/AND_ASSIGN/XOR_ASSIGN/OR_ASSIGN/'('/')'/'['/']'/'.'/','/'&'/'*'/'+'/'-'/'/'/'%'/'<'/'>'/'^'/'|'/'='/'?'/':'
    9 expression -> • expression '.' IDENTIFIER, yyeof/PTR_OP/INC_OP/DEC_OP/LEFT_OP/RIGHT_OP/LE_OP/GE_OP/EQ_OP/NE_OP/AND_OP/OR_OP/MUL_ASSIGN/DIV_ASSIGN/MOD_ASSIGN/ADD_ASSIGN/SUB_ASSIGN/LEFT_ASSIGN/RIGHT_ASSIGN/AND_ASSIGN/XOR_ASSIGN/OR_ASSIGN/'('/')'/'['/']'/'.'/','/'&'/'*'/'+'/'-'/'/'/'%'/'<'/'>'/'^'/'|'/'='/'?'/':'
    10 expression -> • expression PTR_OP IDENTIFIER, yyeof/PTR_OP/INC_OP/DEC_OP/LEFT_OP/RIGHT_OP/LE_OP/GE_OP/EQ_OP/NE_OP/AND_OP/OR_OP/MUL_ASSIGN/DIV_ASSIGN/MOD_ASSIGN/ADD_ASSIGN/SUB_ASSIGN/LEFT_ASSIGN/RIGHT_ASSIGN/AND_ASSIGN/XOR_ASSIGN/OR_ASSIGN/'('/')'/'['/']'/'.'/','/'&'/'*'/'+'/'-'/'/'/'%'/'<'/'>'/'^'/'|'/'='/'?'/':'
    11 expression -> • expression INC_OP, yyeof/PTR_OP/INC_OP/DEC_OP/LEFT_OP/RIGHT_OP/LE_OP/GE_OP/EQ_OP/NE_OP/AND_OP/OR_OP/MUL_ASSIGN/DIV_ASSIGN/MOD_ASSIGN/ADD_ASSIGN/SUB_ASSIGN/LEFT_ASSIGN/RIGHT_ASSIGN/AND_ASSIGN/XOR_ASSIGN/OR_ASSIGN/'('/')'/'['/']'/'.'/','/'&'/'*'/'+'/'-'/'/'/'%'/'<'/'>'/'^'/'|'/'='/'?'/':'
    12 expression -> • expression DEC_OP, yyeof/PTR_OP/INC_OP/DEC_OP/LEFT_OP/RIGHT_OP/LE_OP/GE_OP/EQ_OP/NE_OP/AND_OP/OR_OP/MUL_ASSIGN/DIV_ASSIGN/MOD_ASSIGN/ADD_ASSIGN/SUB_ASSIGN/LEFT_ASSIGN/RIGHT_ASSIGN/AND_ASSIGN/XOR_ASSIGN/OR_ASSIGN/'('/')'/'['/']'/'.'/','/'&'/'*'/'+'/'-'/'/'/'%'/'<'/'>'/'^'/'|'/'='/'?'/':'
    13 expression -> • expression ',' expression, yyeof/PTR_OP/INC_OP/DEC_OP/LEFT_OP/RIGHT_OP/LE_OP/GE_OP/EQ_OP/NE_OP/AND_OP/OR_OP/MUL_ASSIGN/DIV_ASSIGN/MOD_ASSIGN/ADD_ASSIGN/SUB_ASSIGN/LEFT_ASSIGN/RIGHT_ASSIGN/AND_ASSIGN/XOR_ASSIGN/OR_ASSIGN/'('/')'/'['/']'/'.'/','/'&'/'*'/'+'/'-'/'/'/'%'/'<'/'>'/'^'/'|'/'='/'?'/':'
    14 expression -> • INC_OP expression, yyeof/PTR_OP/INC_OP/DEC_OP/LEFT_OP/RIGHT_OP/LE_OP/GE_OP/EQ_OP/NE_OP/AND_OP/OR_OP/MUL_ASSIGN/DIV_ASSIGN/MOD_ASSIGN/ADD_ASSIGN/SUB_ASSIGN/LEFT_ASSIGN/RIGHT_ASSIGN/AND_ASSIGN/XOR_ASSIGN/OR_ASSIGN/'('/')'/'['/']'/'.'/','/'&'/'*'/'+'/'-'/'/'/'%'/'<'/'>'/'^'/'|'/'='/'?'/':'
    15 expression -> • DEC_OP expression, yyeof/PTR_OP/INC_OP/DEC_OP/LEFT_OP/RIGHT_OP/LE_OP/GE_OP/EQ_OP/NE_OP/AND_OP/OR_OP/MUL_ASSIGN/DIV_ASSIGN/MOD_ASSIGN/ADD_ASSIGN/SUB_ASSIGN/LEFT_ASSIGN/RIGHT_ASSIGN/AND_ASSIGN/XOR_ASSIGN/OR_ASSIGN/'('/')'/'['/']'/'.'/','/'&'/'*'/'+'/'-'/'/'/'%'/'<'/'>'/'^'/'|'/'='/'?'/':'
    16 expression -> • SIZEOF expression, yyeof/PTR_OP/INC_OP/DEC_OP/LEFT_OP/RIGHT_OP/LE_OP/GE_OP/EQ_OP/NE_OP/AND_OP/OR_OP/MUL_ASSIGN/DIV_ASSIGN/MOD_ASSIGN/ADD_ASSIGN/SUB_ASSIGN/LEFT_ASSIGN/RIGHT_ASSIGN/AND_ASSIGN/XOR_ASSIGN/OR_ASSIGN/'('/')'/'['/']'/'.'/','/'&'/'*'/'+'/'-'/'/'/'%'/'<'/'>'/'^'/'|'/'='/'?'/':'
    17 expression -> • SIZEOF '(' type_name ')', yyeof/PTR_OP/INC_OP/DEC_OP/LEFT_OP/RIGHT_OP/LE_OP/GE_OP/EQ_OP/NE_OP/AND_OP/OR_OP/MUL_ASSIGN/DIV_ASSIGN/MOD_ASSIGN/ADD_ASSIGN/SUB_ASSIGN/LEFT_ASSIGN/RIGHT_ASSIGN/AND_ASSIGN/XOR_ASSIGN/OR_ASSIGN/'('/')'/'['/']'/'.'/','/'&'/'*'/'+'/'-'/'/'/'%'/'<'/'>'/'^'/'|'/'='/'?'/':'
    18 expression -> • '(' type_name ')' expression, yyeof/PTR_OP/INC_OP/DEC_OP/LEFT_OP/RIGHT_OP/LE_OP/GE_OP/EQ_OP/NE_OP/AND_OP/OR_OP/MUL_ASSIGN/DIV_ASSIGN/MOD_ASSIGN/ADD_ASSIGN/SUB_ASSIGN/LEFT_ASSIGN/RIGHT_ASSIGN/AND_ASSIGN/XOR_ASSIGN/OR_ASSIGN/'('/')'/'['/']'/'.'/','/'&'/'*'/'+'/'-'/'/'/'%'/'<'/'>'/'^'/'|'/'='/'?'/':'
    19 expression -> • '&' expression, yyeof/PTR_OP/INC_OP/DEC_OP/LEFT_OP/RIGHT_OP/LE_OP/GE_OP/EQ_OP/NE_OP/AND_OP/OR_OP/MUL_ASSIGN/DIV_ASSIGN/MOD_ASSIGN/ADD_ASSIGN/SUB_ASSIGN/LEFT_ASSIGN/RIGHT_ASSIGN/AND_ASSIGN/XOR_ASSIGN/OR_ASSIGN/'('/')'/'['/']'/'.'/','/'&'/'*'/'+'/'-'/'/'/'%'/'<'/'>'/'^'/'|'/'='/'?'/':'
    20 expression -> • '*' expression, yyeof/PTR_OP/INC_OP/DEC_OP/LEFT_OP/RIGHT_OP/LE_OP/GE_OP/EQ_OP/NE_OP/AND_OP/OR_OP/MUL_ASSIGN/DIV_ASSIGN/MOD_ASSIGN/ADD_ASSIGN/SUB_ASSIGN/LEFT_ASSIGN/RIGHT_ASSIGN/AND_ASSIGN/XOR_ASSIGN/OR_ASSIGN/'('/')'/'['/']'/'.'/','/'&'/'*'/'+'/'-'/'/'/'%'/'<'/'>'/'^'/'|'/'='/'?'/':'
    21 expression -> • '+' expression, yyeof/PTR_OP/INC_OP/DEC_OP/LEFT_OP/RIGHT_OP/LE_OP/GE_OP/EQ_OP/NE_OP/AND_OP/OR_OP/MUL_ASSIGN/DIV_ASSIGN/MOD_ASSIGN/ADD_ASSIGN/SUB_ASSIGN/LEFT_ASSIGN/RIGHT_ASSIGN/AND_ASSIGN/XOR_ASSIGN/OR_ASSIGN/'('/')'/'['/']'/'.'/','/'&'/'*'/'+'/'-'/'/'/'%'/'<'/'>'/'^'/'|'/'='/'?'/':'
    22 expression -> • '-' expression, yyeof/PTR_OP/INC_OP/DEC_OP/LEFT_OP/RIGHT_OP/LE_OP/GE_OP/EQ_OP/NE_OP/AND_OP/OR_OP/MUL_ASSIGN/DIV_ASSIGN/MOD_ASSIGN/ADD_ASSIGN/SUB_ASSIGN/LEFT_ASSIGN/RIGHT_ASSIGN/AND_ASSIGN/XOR_ASSIGN/OR_ASSIGN/'('/')'/'['/']'/'.'/','/'&'/'*'/'+'/'-'/'/'/'%'/'<'/'>'/'^'/'|'/'='/'?'/':'
    23 expression -> • '~' expression, yyeof/PTR_OP/INC_OP/DEC_OP/LEFT_OP/RIGHT_OP/LE_OP/GE_OP/EQ_OP/NE_OP/AND_OP/OR_OP/MUL_ASSIGN/DIV_ASSIGN/MOD_ASSIGN/ADD_ASSIGN/SUB_ASSIGN/LEFT_ASSIGN/RIGHT_ASSIGN/AND_ASSIGN/XOR_ASSIGN/OR_ASSIGN/'('/')'/'['/']'/'.'/','/'&'/'*'/'+'/'-'/'/'/'%'/'<'/'>'/'^'/'|'/'='/'?'/':'
    24 expression -> • '!' expression, yyeof/PTR_OP/INC_OP/DEC_OP/LEFT_OP/RIGHT_OP/LE_OP/GE_OP/EQ_OP/NE_OP/AND_OP/OR_OP/MUL_ASSIGN/DIV_ASSIGN/MOD_ASSIGN/ADD_ASSIGN/SUB_ASSIGN/LEFT_ASSIGN/RIGHT_ASSIGN/AND_ASSIGN/XOR_ASSIGN/OR_ASSIGN/'('/')'/'['/']'/'.'/','/'&'/'*'/'+'/'-'/'/'/'%'/'<'/'>'/'^'/'|'/'='/'?'/':'
    25 expression -> • expression '+' expression, yyeof/PTR_OP/INC_OP/DEC_OP/LEFT_OP/RIGHT_OP/LE_OP/GE_OP/EQ_OP/NE_OP/AND_OP/OR_OP/MUL_ASSIGN/DIV_ASSIGN/MOD_ASSIGN/ADD_ASSIGN/SUB_ASSIGN/LEFT_ASSIGN/RIGHT_ASSIGN/AND_ASSIGN/XOR_ASSIGN/OR_ASSIGN/'('/')'/'['/']'/'.'/','/'&'/'*'/'+'/'-'/'/'/'%'/'<'/'>'/'^'/'|'/'='/'?'/':'
    26 expression -> • expression '-' expression, yyeof/PTR_OP/INC_OP/DEC_OP/LEFT_OP/RIGHT_OP/LE_OP/GE_OP/EQ_OP/NE_OP/AND_OP/OR_OP/MUL_ASSIGN/DIV_ASSIGN/MOD_ASSIGN/ADD_ASSIGN/SUB_ASSIGN/LEFT_ASSIGN/RIGHT_ASSIGN/AND_ASSIGN/XOR_ASSIGN/OR_ASSIGN/'('/')'/'['/']'/'.'/','/'&'/'*'/'+'/'-'/'/'/'%'/'<'/'>'/'^'/'|'/'='/'?'/':'
    27 expression -> • expression '*' expression, yyeof/PTR_OP/INC_OP/DEC_OP/LEFT_OP/RIGHT_OP/LE_OP/GE_OP/EQ_OP/NE_OP/AND_OP/OR_OP/MUL_ASSIGN/DIV_ASSIGN/MOD_ASSIGN/ADD_ASSIGN/SUB_ASSIGN/LEFT_ASSIGN/RIGHT_ASSIGN/AND_ASSIGN/XOR_ASSIGN/OR_ASSIGN/'('/')'/'['/']'/'.'/','/'&'/'*'/'+'/'-'/'/'/'%'/'<'/'>'/'^'/'|'/'='/'?'/':'
    28 expression -> • expression '/' expression, yyeof/PTR_OP/INC_OP/DEC_OP/LEFT_OP/RIGHT_OP/LE_OP/GE_OP/EQ_OP/NE_OP/AND_OP/OR_OP/MUL_ASSIGN/DIV_ASSIGN/MOD_ASSIGN/ADD_ASSIGN/SUB_ASSIGN/LEFT_ASSIGN/RIGHT_ASSIGN/AND_ASSIGN/XOR_ASSIGN/OR_ASSIGN/'('/')'/'['/']'/'.'/','/'&'/'*'/'+'/'-'/'/'/'%'/'<'/'>'/'^'/'|'/'='/'?'/':'
    29 expression -> • expression '%' expression, yyeof/PTR_OP/INC_OP/DEC_OP/LEFT_OP/RIGHT_OP/LE_OP/GE_OP/EQ_OP/NE_OP/AND_OP/OR_OP/MUL_ASSIGN/DIV_ASSIGN/MOD_ASSIGN/ADD_ASSIGN/SUB_ASSIGN/LEFT_ASSIGN/RIGHT_ASSIGN/AND_ASSIGN/XOR_ASSIGN/OR_ASSIGN/'('/')'/'['/']'/'.'/','/'&'/'*'/'+'/'-'/'/'/'%'/'<'/'>'/'^'/'|'/'='/'?'/':'
    30 expression -> • expression LEFT_OP expression, yyeof/PTR_OP/INC_OP/DEC_OP/LEFT_OP/RIGHT_OP/LE_OP/GE_OP/EQ_OP/NE_OP/AND_OP/OR_OP/MUL_ASSIGN/DIV_ASSIGN/MOD_ASSIGN/ADD_ASSIGN/SUB_ASSIGN/LEFT_ASSIGN/RIGHT_ASSIGN/AND_ASSIGN/XOR_ASSIGN/OR_ASSIGN/'('/')'/'['/']'/'.'/','/'&'/'*'/'+'/'-'/'/'/'%'/'<'/'>'/'^'/'|'/'='/'?'/':'
    31 expression -> • expression RIGHT_OP expression, yyeof/PTR_OP/INC_OP/DEC_OP/LEFT_OP/RIGHT_OP/LE_OP/GE_OP/EQ_OP/NE_OP/AND_OP/OR_OP/MUL_ASSIGN/DIV_ASSIGN/MOD_ASSIGN/ADD_ASSIGN/SUB_ASSIGN/LEFT_ASSIGN/RIGHT_ASSIGN/AND_ASSIGN/XOR_ASSIGN/OR_ASSIGN/'('/')'/'['/']'/'.'/','/'&'/'*'/'+'/'-'/'/'/'%'/'<'/'>'/'^'/'|'/'='/'?'/':'
    32 expression -> • expression '<' expression, yyeof/PTR_OP/INC_OP/DEC_OP/LEFT_OP/RIGHT_OP/LE_OP/GE_OP/EQ_OP/NE_OP/AND_OP/OR_OP/MUL_ASSIGN/DIV_ASSIGN/MOD_ASSIGN/ADD_ASSIGN/SUB_ASSIGN/LEFT_ASSIGN/RIGHT_ASSIGN/AND_ASSIGN/XOR_ASSIGN/OR_ASSIGN/'('/')'/'['/']'/'.'/','/'&'/'*'/'+'/'-'/'/'/'%'/'<'/'>'/'^'/'|'/'='/'?'/':'
    33 expression -> • expression '>' expression, yyeof/PTR_OP/INC_OP/DEC_OP/LEFT_OP/RIGHT_OP/LE_OP/GE_OP/EQ_OP/NE_OP/AND_OP/OR_OP/MUL_ASSIGN/DIV_ASSIGN/MOD_ASSIGN/ADD_ASSIGN/SUB_ASSIGN/LEFT_ASSIGN/RIGHT_ASSIGN/AND_ASSIGN/XOR_ASSIGN/OR_ASSIGN/'('/')'/'['/']'/'.'/','/'&'/'*'/'+'/'-'/'/'/'%'/'<'/'>'/'^'/'|'/'='/'?'/':'
    34 expression -> • expression LE_OP expression, yyeof/PTR_OP/INC_OP/DEC_OP/LEFT_OP/RIGHT_OP/LE_OP/GE_OP/EQ_OP/NE_OP/AND_OP/OR_OP/MUL_ASSIGN/DIV_ASSIGN/MOD_ASSIGN/ADD_ASSIGN/SUB_ASSIGN/LEFT_ASSIGN/RIGHT_ASSIGN/AND_ASSIGN/XOR_ASSIGN/OR_ASSIGN/'('/')'/'['/']'/'.'/','/'&'/'*'/'+'/'-'/'/'/'%'/'<'/'>'/'^'/'|'/'='/'?'/':'
    35 expression -> • expression GE_OP expression, yyeof/PTR_OP/INC_OP/DEC_OP/LEFT_OP/RIGHT_OP/LE_OP/GE_OP/EQ_OP/NE_OP/AND_OP/OR_OP/MUL_ASSIGN/DIV_ASSIGN/MOD_ASSIGN/ADD_ASSIGN/SUB_ASSIGN/LEFT_ASSIGN/RIGHT_ASSIGN/AND_ASSIGN/XOR_ASSIGN/OR_ASSIGN/'('/')'/'['/']'/'.'/','/'&'/'*'/'+'/'-'/'/'/'%'/'<'/'>'/'^'/'|'/'='/'?'/':'
    36 expression -> • expression EQ_OP expression, yyeof/PTR_OP/INC_OP/DEC_OP/LEFT_OP/RIGHT_OP/LE_OP/GE_OP/EQ_OP/NE_OP/AND_OP/OR_OP/MUL_ASSIGN/DIV_ASSIGN/MOD_ASSIGN/ADD_ASSIGN/SUB_ASSIGN/LEFT_ASSIGN/RIGHT_ASSIGN/AND_ASSIGN/XOR_ASSIGN/OR_ASSIGN/'('/')'/'['/']'/'.'/','/'&'/'*'/'+'/'-'/'/'/'%'/'<'/'>'/'^'/'|'/'='/'?'/':'
    37 expression -> • expression NE_OP expression, yyeof/PTR_OP/INC_OP/DEC_OP/LEFT_OP/RIGHT_OP/LE_OP/GE_OP/EQ_OP/NE_OP/AND_OP/OR_OP/MUL_ASSIGN/DIV_ASSIGN/MOD_ASSIGN/ADD_ASSIGN/SUB_ASSIGN/LEFT_ASSIGN/RIGHT_ASSIGN/AND_ASSIGN/XOR_ASSIGN/OR_ASSIGN/'('/')'/'['/']'/'.'/','/'&'/'*'/'+'/'-'/'/'/'%'/'<'/'>'/'^'/'|'/'='/'?'/':'
    38 expression -> • expression '&' expression, yyeof/PTR_OP/INC_OP/DEC_OP/LEFT_OP/RIGHT_OP/LE_OP/GE_OP/EQ_OP/NE_OP/AND_OP/OR_OP/MUL_ASSIGN/DIV_ASSIGN/MOD_ASSIGN/ADD_ASSIGN/SUB_ASSIGN/LEFT_ASSIGN/RIGHT_ASSIGN/AND_ASSIGN/XOR_ASSIGN/OR_ASSIGN/'('/')'/'['/']'/'.'/','/'&'/'*'/'+'/'-'/'/'/'%'/'<'/'>'/'^'/'|'/'='/'?'/':'
    39 expression -> • expression '^' expression, yyeof/PTR_OP/INC_OP/DEC_OP/LEFT_OP/RIGHT_OP/LE_OP/GE_OP/EQ_OP/NE_OP/AND_OP/OR_OP/MUL_ASSIGN/DIV_ASSIGN/MOD_ASSIGN/ADD_ASSIGN/SUB_ASSIGN/LEFT_ASSIGN/RIGHT_ASSIGN/AND_ASSIGN/XOR_ASSIGN/OR_ASSIGN/'('/')'/'['/']'/'.'/','/'&'/'*'/'+'/'-'/'/'/'%'/'<'/'>'/'^'/'|'/'='/'?'/':'
    40 expression -> • expression '|' expression, yyeof/PTR_OP/INC_OP/DEC_OP/LEFT_OP/RIGHT_OP/LE_OP/GE_OP/EQ_OP/NE_OP/AND_OP/OR_OP/MUL_ASSIGN/DIV_ASSIGN/MOD_ASSIGN/ADD_ASSIGN/SUB_ASSIGN/LEFT_ASSIGN/RIGHT_ASSIGN/AND_ASSIGN/XOR_ASSIGN/OR_ASSIGN/'('/')'/'['/']'/'.'/','/'&'/'*'/'+'/'-'/'/'/'%'/'<'/'>'/'^'/'|'/'='/'?'/':'
    41 expression -> • expression AND_OP expression, yyeof/PTR_OP/INC_OP/DEC_OP/LEFT_OP/RIGHT_OP/LE_OP/GE_OP/EQ_OP/NE_OP/AND_OP/OR_OP/MUL_ASSIGN/DIV_ASSIGN/MOD_ASSIGN/ADD_ASSIGN/SUB_ASSIGN/LEFT_ASSIGN/RIGHT_ASSIGN/AND_ASSIGN/XOR_ASSIGN/OR_ASSIGN/'('/')'/'['/']'/'.'/','/'&'/'*'/'+'/'-'/'/'/'%'/'<'/'>'/'^'/'|'/'='/'?'/':'
    42 expression -> • expression OR_OP expression, yyeof/PTR_OP/INC_OP/DEC_OP/LEFT_OP/RIGHT_OP/LE_OP/GE_OP/EQ_OP/NE_OP/AND_OP/OR_OP/MUL_ASSIGN/DIV_ASSIGN/MOD_ASSIGN/ADD_ASSIGN/SUB_ASSIGN/LEFT_ASSIGN/RIGHT_ASSIGN/AND_ASSIGN/XOR_ASSIGN/OR_ASSIGN/'('/')'/'['/']'/'.'/','/'&'/'*'/'+'/'-'/'/'/'%'/'<'/'>'/'^'/'|'/'='/'?'/':'
    43 expression -> • expression '=' expression, yyeof/PTR_OP/INC_OP/DEC_OP/LEFT_OP/RIGHT_OP/LE_OP/GE_OP/EQ_OP/NE_OP/AND_OP/OR_OP/MUL_ASSIGN/DIV_ASSIGN/MOD_ASSIGN/ADD_ASSIGN/SUB_ASSIGN/LEFT_ASSIGN/RIGHT_ASSIGN/AND_ASSIGN/XOR_ASSIGN/OR_ASSIGN/'('/')'/'['/']'/'.'/','/'&'/'*'/'+'/'-'/'/'/'%'/'<'/'>'/'^'/'|'/'='/'?'/':'
    44 expression -> • expression MUL_ASSIGN expression, yyeof/PTR_OP/INC_OP/DEC_OP/LEFT_OP/RIGHT_OP/LE_OP/GE_OP/EQ_OP/NE_OP/AND_OP/OR_OP/MUL_ASSIGN/DIV_ASSIGN/MOD_ASSIGN/ADD_ASSIGN/SUB_ASSIGN/LEFT_ASSIGN/RIGHT_ASSIGN/AND_ASSIGN/XOR_ASSIGN/OR_ASSIGN/'('/')'/'['/']'/'.'/','/'&'/'*'/'+'/'-'/'/'/'%'/'<'/'>'/'^'/'|'/'='/'?'/':'
    45 expression -> • expression DIV_ASSIGN expression, yyeof/PTR_OP/INC_OP/DEC_OP/LEFT_OP/RIGHT_OP/LE_OP/GE_OP/EQ_OP/NE_OP/AND_OP/OR_OP/MUL_ASSIGN/DIV_ASSIGN/MOD_ASSIGN/ADD_ASSIGN/SUB_ASSIGN/LEFT_ASSIGN/RIGHT_ASSIGN/AND_ASSIGN/XOR_ASSIGN/OR_ASSIGN/'('/')'/'['/']'/'.'/','/'&'/'*'/'+'/'-'/'/'/'%'/'<'/'>'/'^'/'|'/'='/'?'/':'
    46 expression -> • expression MOD_ASSIGN expression, yyeof/PTR_OP/INC_OP/DEC_OP/LEFT_OP/RIGHT_OP/LE_OP/GE_OP/EQ_OP/NE_OP/AND_OP/OR_OP/MUL_ASSIGN/DIV_ASSIGN/MOD_ASSIGN/ADD_ASSIGN/SUB_ASSIGN/LEFT_ASSIGN/RIGHT_ASSIGN/AND_ASSIGN/XOR_ASSIGN/OR_ASSIGN/'('/')'/'['/']'/'.'/','/'&'/'*'/'+'/'-'/'/'/'%'/'<'/'>'/'^'/'|'/'='/'?'/':'
    47 expression -> • expression ADD_ASSIGN expression, yyeof/PTR_OP/INC_OP/DEC_OP/LEFT_OP/RIGHT_OP/LE_OP/GE_OP/EQ_OP/NE_OP/AND_OP/OR_OP/MUL_ASSIGN/DIV_ASSIGN/MOD_ASSIGN/ADD_ASSIGN/SUB_ASSIGN/LEFT_ASSIGN/RIGHT_ASSIGN/AND_ASSIGN/XOR_ASSIGN/OR_ASSIGN/'('/')'/'['/']'/'.'/','/'&'/'*'/'+'/'-'/'/'/'%'/'<'/'>'/'^'/'|'/'='/'?'/':'
    48 expression -> • expression SUB_ASSIGN expression, yyeof/PTR_OP/INC_OP/DEC_OP/LEFT_OP/RIGHT_OP/LE_OP/GE_OP/EQ_OP/NE_OP/AND_OP/OR_OP/MUL_ASSIGN/DIV_ASSIGN/MOD_ASSIGN/ADD_ASSIGN/SUB_ASSIGN/LEFT_ASSIGN/RIGHT_ASSIGN/AND_ASSIGN/XOR_ASSIGN/OR_ASSIGN/'('/')'/'['/']'/'.'/','/'&'/'*'/'+'/'-'/'/'/'%'/'<'/'>'/'^'/'|'/'='/'?'/':'
    49 expression -> • expression LEFT_ASSIGN expression, yyeof/PTR_OP/INC_OP/DEC_OP/LEFT_OP/RIGHT_OP/LE_OP/GE_OP/EQ_OP/NE_OP/AND_OP/OR_OP/MUL_ASSIGN/DIV_ASSIGN/MOD_ASSIGN/ADD_ASSIGN/SUB_ASSIGN/LEFT_ASSIGN/RIGHT_ASSIGN/AND_ASSIGN/XOR_ASSIGN/OR_ASSIGN/'('/')'/'['/']'/'.'/','/'&'/'*'/'+'/'-'/'/'/'%'/'<'/'>'/'^'/'|'/'='/'?'/':'
    50 expression -> • expression RIGHT_ASSIGN expression, yyeof/PTR_OP/INC_OP/DEC_OP/LEFT_OP/RIGHT_OP/LE_OP/GE_OP/EQ_OP/NE_OP/AND_OP/OR_OP/MUL_ASSIGN/DIV_ASSIGN/MOD_ASSIGN/ADD_ASSIGN/SUB_ASSIGN/LEFT_ASSIGN/RIGHT_ASSIGN/AND_ASSIGN/XOR_ASSIGN/OR_ASSIGN/'('/')'/'['/']'/'.'/','/'&'/'*'/'+'/'-'/'/'/'%'/'<'/'>'/'^'/'|'/'='/'?'/':'
    50 expression -> expression RIGHT_ASSIGN • expression, yyeof/PTR_OP/INC_OP/DEC_OP/LEFT_OP/RIGHT_OP/LE_OP/GE_OP/EQ_OP/NE_OP/AND_OP/OR_OP/MUL_ASSIGN/DIV_ASSIGN/MOD_ASSIGN/ADD_ASSIGN/SUB_ASSIGN/LEFT_ASSIGN/RIGHT_ASSIGN/AND_ASSIGN/XOR_ASSIGN/OR_ASSIGN/'('/')'/'['/']'/'.'/','/'&'/'*'/'+'/'-'/'/'/'%'/'<'/'>'/'^'/'|'/'='/'?'/':'
    51 expression -> • expression AND_ASSIGN expression, yyeof/PTR_OP/INC_OP/DEC_OP/LEFT_OP/RIGHT_OP/LE_OP/GE_OP/EQ_OP/NE_OP/AND_OP/OR_OP/MUL_ASSIGN/DIV_ASSIGN/MOD_ASSIGN/ADD_ASSIGN/SUB_ASSIGN/LEFT_ASSIGN/RIGHT_ASSIGN/AND_ASSIGN/XOR_ASSIGN/OR_ASSIGN/'('/')'/'['/']'/'.'/','/'&'/'*'/'+'/'-'/'/'/'%'/'<'/'>'/'^'/'|'/'='/'?'/':'
    52 expression -> • expression XOR_ASSIGN expression, yyeof/PTR_OP/INC_OP/DEC_OP/LEFT_OP/RIGHT_OP/LE_OP/GE_OP/EQ_OP/NE_OP/AND_OP/OR_OP/MUL_ASSIGN/DIV_ASSIGN/MOD_ASSIGN/ADD_ASSIGN/SUB_ASSIGN/LEFT_ASSIGN/RIGHT_ASSIGN/AND_ASSIGN/XOR_ASSIGN/OR_ASSIGN/'('/')'/'['/']'/'.'/','/'&'/'*'/'+'/'-'/'/'/'%'/'<'/'>'/'^'/'|'/'='/'?'/':'
    53 expression -> • expression OR_ASSIGN expression, yyeof/PTR_OP/INC_OP/DEC_OP/LEFT_OP/RIGHT_OP/LE_OP/GE_OP/EQ_OP/NE_OP/AND_OP/OR_OP/MUL_ASSIGN/DIV_ASSIGN/MOD_ASSIGN/ADD_ASSIGN/SUB_ASSIGN/LEFT_ASSIGN/RIGHT_ASSIGN/AND_ASSIGN/XOR_ASSIGN/OR_ASSIGN/'('/')'/'['/']'/'.'/','/'&'/'*'/'+'/'-'/'/'/'%'/'<'/'>'/'^'/'|'/'='/'?'/':'
    54 expression -> • expression ',' expression, yyeof/PTR_OP/INC_OP/DEC_OP/LEFT_OP/RIGHT_OP/LE_OP/GE_OP/EQ_OP/NE_OP/AND_OP/OR_OP/MUL_ASSIGN/DIV_ASSIGN/MOD_ASSIGN/ADD_ASSIGN/SUB_ASSIGN/LEFT_ASSIGN/RIGHT_ASSIGN/AND_ASSIGN/XOR_ASSIGN/OR_ASSIGN/'('/')'/'['/']'/'.'/','/'&'/'*'/'+'/'-'/'/'/'%'/'<'/'>'/'^'/'|'/'='/'?'/':'
    55 expression -> • expression '?' expression ':' expression, yyeof/PTR_OP/INC_OP/DEC_OP/LEFT_OP/RIGHT_OP/LE_OP/GE_OP/EQ_OP/NE_OP/AND_OP/OR_OP/MUL_ASSIGN/DIV_ASSIGN/MOD_ASSIGN/ADD_ASSIGN/SUB_ASSIGN/LEFT_ASSIGN/RIGHT_ASSIGN/AND_ASSIGN/XOR_ASSIGN/OR_ASSIGN/'('/')'/'['/']'/'.'/','/'&'/'*'/'+'/'-'/'/'/'%'/'<'/'>'/'^'/'|'/'='/'?'/':'

    IDENTIFIER shift, and go to state 1
    STRING_LITERAL shift, and go to state 2
    CONSTANT shift, and go to state 3
    SIZEOF shift, and go to state 4
    INC_OP shift, and go to state 5
    DEC_OP shift, and go to state 6
    '(' shift, and go to state 9
    '&' shift, and go to state 10
    '*' shift, and go to state 11
    '+' shift, and go to state 12
    '-' shift, and go to state 13
    '~' shift, and go to state 14
    '!' shift, and go to state 15

    expression go to state 81


State 38

    2 expression -> • IDENTIFIER, yyeof/PTR_OP/INC_OP/DEC_OP/LEFT_OP/RIGHT_OP/LE_OP/GE_OP/EQ_OP/NE_OP/AND_OP/OR_OP/MUL_ASSIGN/DIV_ASSIGN/MOD_ASSIGN/ADD_ASSIGN/SUB_ASSIGN/LEFT_ASSIGN/RIGHT_ASSIGN/AND_ASSIGN/XOR_ASSIGN/OR_ASSIGN/'('/')'/'['/']'/'.'/','/'&'/'*'/'+'/'-'/'/'/'%'/'<'/'>'/'^'/'|'/'='/'?'/':'
    3 expression -> • CONSTANT, yyeof/PTR_OP/INC_OP/DEC_OP/LEFT_OP/RIGHT_OP/LE_OP/GE_OP/EQ_OP/NE_OP/AND_OP/OR_OP/MUL_ASSIGN/DIV_ASSIGN/MOD_ASSIGN/ADD_ASSIGN/SUB_ASSIGN/LEFT_ASSIGN/RIGHT_ASSIGN/AND_ASSIGN/XOR_ASSIGN/OR_ASSIGN/'('/')'/'['/']'/'.'/','/'&'/'*'/'+'/'-'/'/'/'%'/'<'/'>'/'^'/'|'/'='/'?'/':'
    4 expression -> • STRING_LITERAL, yyeof/PTR_OP/INC_OP/DEC_OP/LEFT_OP/RIGHT_OP/LE_OP/GE_OP/EQ_OP/NE_OP/AND_OP/OR_OP/MUL_ASSIGN/DIV_ASSIGN/MOD_ASSIGN/ADD_ASSIGN/SUB_ASSIGN/LEFT_ASSIGN/RIGHT_ASSIGN/AND_ASSIGN/XOR_ASSIGN/OR_ASSIGN/'('/')'/'['/']'/'.'/','/'&'/'*'/'+'/'-'/'/'/'%'/'<'/'>'/'^'/'|'/'='/'?'/':'
    5 expression -> • '(' expression ')', yyeof/PTR_OP/INC_OP/DEC_OP/LEFT_OP/RIGHT_OP/LE_OP/GE_OP/EQ_OP/NE_OP/AND_OP/OR_OP/MUL_ASSIGN/DIV_ASSIGN/MOD_ASSIGN/ADD_ASSIGN/SUB_ASSIGN/LEFT_ASSIGN/RIGHT_ASSIGN/AND_ASSIGN/XOR_ASSIGN/OR_ASSIGN/'('/')'/'['/']'/'.'/','/'&'/'*'/'+'/'-'/'/'/'%'/'<'/'>'/'^'/'|'/'='/'?'/':'
    6 expression -> • expression '[' expression ']', yyeof/PTR_OP/INC_OP/DEC_OP/LEFT_OP/RIGHT_OP/LE_OP/GE_OP/EQ_OP/NE_OP/AND_OP/OR_OP/MUL_ASSIGN/DIV_ASSIGN/MOD_ASSIGN/ADD_ASSIGN/SUB_ASSIGN/LEFT_ASSIGN/RIGHT_ASSIGN/AND_ASSIGN/XOR_ASSIGN/OR_ASSIGN/'('/')'/'['/']'/'.'/','/'&'/'*'/'+'/'-'/'/'/'%'/'<'/'>'/'^'/'|'/'='/'?'/':'
    7 expression -> • expression '(' ')', yyeof/PTR_OP/INC_OP/DEC_OP/LEFT_OP/RIGHT_OP/LE_OP/GE_OP/EQ_OP/NE_OP/AND_OP/OR_OP/MUL_ASSIGN/DIV_ASSIGN/MOD_ASSIGN/ADD_ASSIGN/SUB_ASSIGN/LEFT_ASSIGN/RIGHT_ASSIGN/AND_ASSIGN/XOR_ASSIGN/OR_ASSIGN/'('/')'/'['/']'/'.'/','/'&'/'*'/'+'/'-'/'/'/'%'/'<'/'>'/'^'/'|'/'='/'?'/':'
    8 expression -> • expression '(' expression ')', yyeof/PTR_OP/INC_OP/DEC_OP/LEFT_OP/RIGHT_OP/LE_OP/GE_OP/EQ_OP/NE_OP/AND_OP/OR_OP/MUL_ASSIGN/DIV_ASSIGN/MOD_ASSIGN/ADD_ASSIGN/SUB_ASSIGN/LEFT_ASSIGN/RIGHT_ASSIGN/AND_ASSIGN/XOR_ASSIGN/OR_ASSIGN/'('/')'/'['/']'/'.'/','/'&'/'*'/'+'/'-'/'/'/'%'/'<'/'>'/'^'/'|'/'='/'?'/':'
    9 expression -> • expression '.' IDENTIFIER, yyeof/PTR_OP/INC_OP/DEC_OP/LEFT_OP/RIGHT_OP/LE_OP/GE_OP/EQ_OP/NE_OP/AND_OP/OR_OP/MUL_ASSIGN/DIV_ASSIGN/MOD_ASSIGN/ADD_ASSIGN/SUB_ASSIGN/LEFT_ASSIGN/RIGHT_ASSIGN/AND_ASSIGN/XOR_ASSIGN/OR_ASSIGN/'('/')'/'['/']'/'.'/','/'&'/'*'/'+'/'-'/'/'/'%'/'<'/'>'/'^'/'|'/'='/'?'/':'
    10 expression -> • expression PTR_OP IDENTIFIER, yyeof/PTR_OP/INC_OP/DEC_OP/LEFT_OP/RIGHT_OP/LE_OP/GE_OP/EQ_OP/NE_OP/AND_OP/OR_OP/MUL_ASSIGN/DIV_ASSIGN/MOD_ASSIGN/ADD_ASSIGN/SUB_ASSIGN/LEFT_ASSIGN/RIGHT_ASSIGN/AND_ASSIGN/XOR_ASSIGN/OR_ASSIGN/'('/')'/'['/']'/'.'/','/'&'/'*'/'+'/'-'/'/'/'%'/'<'/'>'/'^'/'|'/'='/'?'/':'
    11 expression -> • expression INC_OP, yyeof/PTR_OP/INC_OP/DEC_OP/LEFT_OP/RIGHT_OP/LE_OP/GE_OP/EQ_OP/NE_OP/AND_OP/OR_OP/MUL_ASSIGN/DIV_ASSIGN/MOD_ASSIGN/ADD_ASSIGN/SUB_ASSIGN/LEFT_ASSIGN/RIGHT_ASSIGN/AND_ASSIGN/XOR_ASSIGN/OR_ASSIGN/'('/')'/'['/']'/'.'/','/'&'/'*'/'+'/'-'/'/'/'%'/'<'/'>'/'^'/'|'/'='/'?'/':'
    12 expression -> • expression DEC_OP, yyeof/PTR_OP/INC_OP/DEC_OP/LEFT_OP/RIGHT_OP/LE_OP/GE_OP/EQ_OP/NE_OP/AND_OP/OR_OP/MUL_ASSIGN/DIV_ASSIGN/MOD_ASSIGN/ADD_ASSIGN/SUB_ASSIGN/LEFT_ASSIGN/RIGHT_ASSIGN/AND_ASSIGN/XOR_ASSIGN/OR_ASSIGN/'('/')'/'['/']'/'.'/','/'&'/'*'/'+'/'-'/'/'/'%'/'<'/'>'/'^'/'|'/'='/'?'/':'
    13 expression -> • expression ',' expression, yyeof/PTR_OP/INC_OP/DEC_OP/LEFT_OP/RIGHT_OP/LE_OP/GE_OP/EQ_OP/NE_OP/AND_OP/OR_OP/MUL_ASSIGN/DIV_ASSIGN/MOD_ASSIGN/ADD_ASSIGN/SUB_ASSIGN/LEFT_ASSIGN/RIGHT_ASSIGN/AND_ASSIGN/XOR_ASSIGN/OR_ASSIGN/'('/')'/'['/']'/'.'/','/'&'/'*'/'+'/'-'/'/'/'%'/'<'/'>'/'^'/'|'/'='/'?'/':'
    14 expression -> • INC_OP expression, yyeof/PTR_OP/INC_OP/DEC_OP/LEFT_OP/RIGHT_OP/LE_OP/GE_OP/EQ_OP/NE_OP/AND_OP/OR_OP/MUL_ASSIGN/DIV_ASSIGN/MOD_ASSIGN/ADD_ASSIGN/SUB_ASSIGN/LEFT_ASSIGN/RIGHT_ASSIGN/AND_ASSIGN/XOR_ASSIGN/OR_ASSIGN/'('/')'/'['/']'/'.'/','/'&'/'*'/'+'/'-'/'/'/'%'/'<'/'>'/'^'/'|'/'='/'?'/':'
    15 expression -> • DEC_OP expression, yyeof/PTR_OP/INC_OP/DEC_OP/LEFT_OP/RIGHT_OP/LE_OP/GE_OP/EQ_OP/NE_OP/AND_OP/OR_OP/MUL_ASSIGN/DIV_ASSIGN/MOD_ASSIGN/ADD_ASSIGN/SUB_ASSIGN/LEFT_ASSIGN/RIGHT_ASSIGN/AND_ASSIGN/XOR_ASSIGN/OR_ASSIGN/'('/')'/'['/']'/'.'/','/'&'/'*'/'+'/'-'/'/'/'%'/'<'/'>'/'^'/'|'/'='/'?'/':'
    16 expression -> • SIZEOF expression, yyeof/PTR_OP/INC_OP/DEC_OP/LEFT_OP/RIGHT_OP/LE_OP/GE_OP/EQ_OP/NE_OP/AND_OP/OR_OP/MUL_ASSIGN/DIV_ASSIGN/MOD_ASSIGN/ADD_ASSIGN/SUB_ASSIGN/LEFT_ASSIGN/RIGHT_ASSIGN/AND_ASSIGN/XOR_ASSIGN/OR_ASSIGN/'('/')'/'['/']'/'.'/','/'&'/'*'/'+'/'-'/'/'/'%'/'<'/'>'/'^'/'|'/'='/'?'/':'
    17 expression -> • SIZEOF '(' type_name ')', yyeof/PTR_OP/INC_OP/DEC_OP/LEFT_OP/RIGHT_OP/LE_OP/GE_OP/EQ_OP/NE_OP/AND_OP/OR_OP/MUL_ASSIGN/DIV_ASSIGN/MOD_ASSIGN/ADD_ASSIGN/SUB_ASSIGN/LEFT_ASSIGN/RIGHT_ASSIGN/AND_ASSIGN/XOR_ASSIGN/OR_ASSIGN/'('/')'/'['/']'/'.'/','/'&'/'*'/'+'/'-'/'/'/'%'/'<'/'>'/'^'/'|'/'='/'?'/':'
    18 expression -> • '(' type_name ')' expression, yyeof/PTR_OP/INC_OP/DEC_OP/LEFT_OP/RIGHT_OP/LE_OP/GE_OP/EQ_OP/NE_OP/AND_OP/OR_OP/MUL_ASSIGN/DIV_ASSIGN/MOD_ASSIGN/ADD_ASSIGN/SUB_ASSIGN/LEFT_ASSIGN/RIGHT_ASSIGN/AND_ASSIGN/XOR_ASSIGN/OR_ASSIGN/'('/')'/'['/']'/'.'/','/'&'/'*'/'+'/'-'/'/'/'%'/'<'/'>'/'^'/'|'/'='/'?'/':'
    19 expression -> • '&' expression, yyeof/PTR_OP/INC_OP/DEC_OP/LEFT_OP/RIGHT_OP/LE_OP/GE_OP/EQ_OP/NE_OP/AND_OP/OR_OP/MUL_ASSIGN/DIV_ASSIGN/MOD_ASSIGN/ADD_ASSIGN/SUB_ASSIGN/LEFT_ASSIGN/RIGHT_ASSIGN/AND_ASSIGN/XOR_ASSIGN/OR_ASSIGN/'('/')'/'['/']'/'.'/','/'&'/'*'/'+'/'-'/'/'/'%'/'<'/'>'/'^'/'|'/'='/'?'/':'
    20 expression -> • '*' expression, yyeof/PTR_OP/INC_OP/DEC_OP/LEFT_OP/RIGHT_OP/LE_OP/GE_OP/EQ_OP/NE_OP/AND_OP/OR_OP/MUL_ASSIGN/DIV_ASSIGN/MOD_ASSIGN/ADD_ASSIGN/SUB_ASSIGN/LEFT_ASSIGN/RIGHT_ASSIGN/AND_ASSIGN/XOR_ASSIGN/OR_ASSIGN/'('/')'/'['/']'/'.'/','/'&'/'*'/'+'/'-'/'/'/'%'/'<'/'>'/'^'/'|'/'='/'?'/':'
    21 expression -> • '+' expression, yyeof/PTR_OP/INC_OP/DEC_OP/LEFT_OP/RIGHT_OP/LE_OP/GE_OP/EQ_OP/NE_OP/AND_OP/OR_OP/MUL_ASSIGN/DIV_ASSIGN/MOD_ASSIGN/ADD_ASSIGN/SUB_ASSIGN/LEFT_ASSIGN/RIGHT_ASSIGN/AND_ASSIGN/XOR_ASSIGN/OR_ASSIGN/'('/')'/'['/']'/'.'/','/'&'/'*'/'+'/'-'/'/'/'%'/'<'/'>'/'^'/'|'/'='/'?'/':'
    22 expression -> • '-' expression, yyeof/PTR_OP/INC_OP/DEC_OP/LEFT_OP/RIGHT_OP/LE_OP/GE_OP/EQ_OP/NE_OP/AND_OP/OR_OP/MUL_ASSIGN/DIV_ASSIGN/MOD_ASSIGN/ADD_ASSIGN/SUB_ASSIGN/LEFT_ASSIGN/RIGHT_ASSIGN/AND_ASSIGN/XOR_ASSIGN/OR_ASSIGN/'('/')'/'['/']'/'.'/','/'&'/'*'/'+'/'-'/'/'/'%'/'<'/'>'/'^'/'|'/'='/'?'/':'
    23 expression -> • '~' expression, yyeof/PTR_OP/INC_OP/DEC_OP/LEFT_OP/RIGHT_OP/LE_OP/GE_OP/EQ_OP/NE_OP/AND_OP/OR_OP/MUL_ASSIGN/DIV_ASSIGN/MOD_ASSIGN/ADD_ASSIGN/SUB_ASSIGN/LEFT_ASSIGN/RIGHT_ASSIGN/AND_ASSIGN/XOR_ASSIGN/OR_ASSIGN/'('/')'/'['/']'/'.'/','/'&'/'*'/'+'/'-'/'/'/'%'/'<'/'>'/'^'/'|'/'='/'?'/':'
    24 expression -> • '!' expression, yyeof/PTR_OP/INC_OP/DEC_OP/LEFT_OP/RIGHT_OP/LE_OP/GE_OP/EQ_OP/NE_OP/AND_OP/OR_OP/MUL_ASSIGN/DIV_ASSIGN/MOD_ASSIGN/ADD_ASSIGN/SUB_ASSIGN/LEFT_ASSIGN/RIGHT_ASSIGN/AND_ASSIGN/XOR_ASSIGN/OR_ASSIGN/'('/')'/'['/']'/'.'/','/'&'/'*'/'+'/'-'/'/'/'%'/'<'/'>'/'^'/'|'/'='/'?'/':'
    25 expression -> • expression '+' expression, yyeof/PTR_OP/INC_OP/DEC_OP/LEFT_OP/RIGHT_OP/LE_OP/GE_OP/EQ_OP/NE_OP/AND_OP/OR_OP/MUL_ASSIGN/DIV_ASSIGN/MOD_ASSIGN/ADD_ASSIGN/SUB_ASSIGN/LEFT_ASSIGN/RIGHT_ASSIGN/AND_ASSIGN/XOR_ASSIGN/OR_ASSIGN/'('/')'/'['/']'/'.'/','/'&'/'*'/'+'/'-'/'/'/'%'/'<'/'>'/'^'/'|'/'='/'?'/':'
    26 expression -> • expression '-' expression, yyeof/PTR_OP/INC_OP/DEC_OP/LEFT_OP/RIGHT_OP/LE_OP/GE_OP/EQ_OP/NE_OP/AND_OP/OR_OP/MUL_ASSIGN/DIV_ASSIGN/MOD_ASSIGN/ADD_ASSIGN/SUB_ASSIGN/LEFT_ASSIGN/RIGHT_ASSIGN/AND_ASSIGN/XOR_ASSIGN/OR_ASSIGN/'('/')'/'['/']'/'.'/','/'&'/'*'/'+'/'-'/'/'/'%'/'<'/'>'/'^'/'|'/'='/'?'/':'
    27 expression -> • expression '*' expression, yyeof/PTR_OP/INC_OP/DEC_OP/LEFT_OP/RIGHT_OP/LE_OP/GE_OP/EQ_OP/NE_OP/AND_OP/OR_OP/MUL_ASSIGN/DIV_ASSIGN/MOD_ASSIGN/ADD_ASSIGN/SUB_ASSIGN/LEFT_ASSIGN/RIGHT_ASSIGN/AND_ASSIGN/XOR_ASSIGN/OR_ASSIGN/'('/')'/'['/']'/'.'/','/'&'/'*'/'+'/'-'/'/'/'%'/'<'/'>'/'^'/'|'/'='/'?'/':'
    28 expression -> • expression '/' expression, yyeof/PTR_OP/INC_OP/DEC_OP/LEFT_OP/RIGHT_OP/LE_OP/GE_OP/EQ_OP/NE_OP/AND_OP/OR_OP/MUL_ASSIGN/DIV_ASSIGN/MOD_ASSIGN/ADD_ASSIGN/SUB_ASSIGN/LEFT_ASSIGN/RIGHT_ASSIGN/AND_ASSIGN/XOR_ASSIGN/OR_ASSIGN/'('/')'/'['/']'/'.'/','/'&'/'*'/'+'/'-'/'/'/'%'/'<'/'>'/'^'/'|'/'='/'?'/':'
    29 expression -> • expression '%' expression, yyeof/PTR_OP/INC_OP/DEC_OP/LEFT_OP/RIGHT_OP/LE_OP/GE_OP/EQ_OP/NE_OP/AND_OP/OR_OP/MUL_ASSIGN/DIV_ASSIGN/MOD_ASSIGN/ADD_ASSIGN/SUB_ASSIGN/LEFT_ASSIGN/RIGHT_ASSIGN/AND_ASSIGN/XOR_ASSIGN/OR_ASSIGN/'('/')'/'['/']'/'.'/','/'&'/'*'/'+'/'-'/'/'/'%'/'<'/'>'/'^'/'|'/'='/'?'/':'
    30 expression -> • expression LEFT_OP expression, yyeof/PTR_OP/INC_OP/DEC_OP/LEFT_OP/RIGHT_OP/LE_OP/GE_OP/EQ_OP/NE_OP/AND_OP/OR_OP/MUL_ASSIGN/DIV_ASSIGN/MOD_ASSIGN/ADD_ASSIGN/SUB_ASSIGN/LEFT_ASSIGN/RIGHT_ASSIGN/AND_ASSIGN/XOR_ASSIGN/OR_ASSIGN/'('/')'/'['/']'/'.'/','/'&'/'*'/'+'/'-'/'/'/'%'/'<'/'>'/'^'/'|'/'='/'?'/':'
    31 expression -> • expression RIGHT_OP expression, yyeof/PTR_OP/INC_OP/DEC_OP/LEFT_OP/RIGHT_OP/LE_OP/GE_OP/EQ_OP/NE_OP/AND_OP/OR_OP/MUL_ASSIGN/DIV_ASSIGN/MOD_ASSIGN/ADD_ASSIGN/SUB_ASSIGN/LEFT_ASSIGN/RIGHT_ASSIGN/AND_ASSIGN/XOR_ASSIGN/OR_ASSIGN/'('/')'/'['/']'/'.'/','/'&'/'*'/'+'/'-'/'/'/'%'/'<'/'>'/'^'/'|'/'='/'?'/':'
    32 expression -> • expression '<' expression, yyeof/PTR_OP/INC_OP/DEC_OP/LEFT_OP/RIGHT_OP/LE_OP/GE_OP/EQ_OP/NE_OP/AND_OP/OR_OP/MUL_ASSIGN/DIV_ASSIGN/MOD_ASSIGN/ADD_ASSIGN/SUB_ASSIGN/LEFT_ASSIGN/RIGHT_ASSIGN/AND_ASSIGN/XOR_ASSIGN/OR_ASSIGN/'('/')'/'['/']'/'.'/','/'&'/'*'/'+'/'-'/'/'/'%'/'<'/'>'/'^'/'|'/'='/'?'/':'
    33 expression -> • expression '>' expression, yyeof/PTR_OP/INC_OP/DEC_OP/LEFT_OP/RIGHT_OP/LE_OP/GE_OP/EQ_OP/NE_OP/AND_OP/OR_OP/MUL_ASSIGN/DIV_ASSIGN/MOD_ASSIGN/ADD_ASSIGN/SUB_ASSIGN/LEFT_ASSIGN/RIGHT_ASSIGN/AND_ASSIGN/XOR_ASSIGN/OR_ASSIGN/'('/')'/'['/']'/'.'/','/'&'/'*'/'+'/'-'/'/'/'%'/'<'/'>'/'^'/'|'/'='/'?'/':'
    34 expression -> • expression LE_OP expression, yyeof/PTR_OP/INC_OP/DEC_OP/LEFT_OP/RIGHT_OP/LE_OP/GE_OP/EQ_OP/NE_OP/AND_OP/OR_OP/MUL_ASSIGN/DIV_ASSIGN/MOD_ASSIGN/ADD_ASSIGN/SUB_ASSIGN/LEFT_ASSIGN/RIGHT_ASSIGN/AND_ASSIGN/XOR_ASSIGN/OR_ASSIGN/'('/')'/'['/']'/'.'/','/'&'/'*'/'+'/'-'/'/'/'%'/'<'/'>'/'^'/'|'/'='/'?'/':'
    35 expression -> • expression GE_OP expression, yyeof/PTR_OP/INC_OP/DEC_OP/LEFT_OP/RIGHT_OP/LE_OP/GE_OP/EQ_OP/NE_OP/AND_OP/OR_OP/MUL_ASSIGN/DIV_ASSIGN/MOD_ASSIGN/ADD_ASSIGN/SUB_ASSIGN/LEFT_ASSIGN/RIGHT_ASSIGN/AND_ASSIGN/XOR_ASSIGN/OR_ASSIGN/'('/')'/'['/']'/'.'/','/'&'/'*'/'+'/'-'/'/'/'%'/'<'/'>'/'^'/'|'/'='/'?'/':'
    36 expression -> • expression EQ_OP expression, yyeof/PTR_OP/INC_OP/DEC_OP/LEFT_OP/RIGHT_OP/LE_OP/GE_OP/EQ_OP/NE_OP/AND_OP/OR_OP/MUL_ASSIGN/DIV_ASSIGN/MOD_ASSIGN/ADD_ASSIGN/SUB_ASSIGN/LEFT_ASSIGN/RIGHT_ASSIGN/AND_ASSIGN/XOR_ASSIGN/OR_ASSIGN/'('/')'/'['/']'/'.'/','/'&'/'*'/'+'/'-'/'/'/'%'/'<'/'>'/'^'/'|'/'='/'?'/':'
    37 expression -> • expression NE_OP expression, yyeof/PTR_OP/INC_OP/DEC_OP/LEFT_OP/RIGHT_OP/LE_OP/GE_OP/EQ_OP/NE_OP/AND_OP/OR_OP/MUL_ASSIGN/DIV_ASSIGN/MOD_ASSIGN/ADD_ASSIGN/SUB_ASSIGN/LEFT_ASSIGN/RIGHT_ASSIGN/AND_ASSIGN/XOR_ASSIGN/OR_ASSIGN/'('/')'/'['/']'/'.'/','/'&'/'*'/'+'/'-'/'/'/'%'/'<'/'>'/'^'/'|'/'='/'?'/':'
    38 expression -> • expression '&' expression, yyeof/PTR_OP/INC_OP/DEC_OP/LEFT_OP/RIGHT_OP/LE_OP/GE_OP/EQ_OP/NE_OP/AND_OP/OR_OP/MUL_ASSIGN/DIV_ASSIGN/MOD_ASSIGN/ADD_ASSIGN/SUB_ASSIGN/LEFT_ASSIGN/RIGHT_ASSIGN/AND_ASSIGN/XOR_ASSIGN/OR_ASSIGN/'('/')'/'['/']'/'.'/','/'&'/'*'/'+'/'-'/'/'/'%'/'<'/'>'/'^'/'|'/'='/'?'/':'
    39 expression -> • expression '^' expression, yyeof/PTR_OP/INC_OP/DEC_OP/LEFT_OP/RIGHT_OP/LE_OP/GE_OP/EQ_OP/NE_OP/AND_OP/OR_OP/MUL_ASSIGN/DIV_ASSIGN/MOD_ASSIGN/ADD_ASSIGN/SUB_ASSIGN/LEFT_ASSIGN/RIGHT_ASSIGN/AND_ASSIGN/XOR_ASSIGN/OR_ASSIGN/'('/')'/'['/']'/'.'/','/'&'/'*'/'+'/'-'/'/'/'%'/'<'/'>'/'^'/'|'/'='/'?'/':'
    40 expression -> • expression '|' expression, yyeof/PTR_OP/INC_OP/DEC_OP/LEFT_OP/RIGHT_OP/LE_OP/GE_OP/EQ_OP/NE_OP/AND_OP/OR_OP/MUL_ASSIGN/DIV_ASSIGN/MOD_ASSIGN/ADD_ASSIGN/SUB_ASSIGN/LEFT_ASSIGN/RIGHT_ASSIGN/AND_ASSIGN/XOR_ASSIGN/OR_ASSIGN/'('/')'/'['/']'/'.'/','/'&'/'*'/'+'/'-'/'/'/'%'/'<'/'>'/'^'/'|'/'='/'?'/':'
    41 expression -> • expression AND_OP expression, yyeof/PTR_OP/INC_OP/DEC_OP/LEFT_OP/RIGHT_OP/LE_OP/GE_OP/EQ_OP/NE_OP/AND_OP/OR_OP/MUL_ASSIGN/DIV_ASSIGN/MOD_ASSIGN/ADD_ASSIGN/SUB_ASSIGN/LEFT_ASSIGN/RIGHT_ASSIGN/AND_ASSIGN/XOR_ASSIGN/OR_ASSIGN/'('/')'/'['/']'/'.'/','/'&'/'*'/'+'/'-'/'/'/'%'/'<'/'>'/'^'/'|'/'='/'?'/':'
    42 expression -> • expression OR_OP expression, yyeof/PTR_OP/INC_OP/DEC_OP/LEFT_OP/RIGHT_OP/LE_OP/GE_OP/EQ_OP/NE_OP/AND_OP/OR_OP/MUL_ASSIGN/DIV_ASSIGN/MOD_ASSIGN/ADD_ASSIGN/SUB_ASSIGN/LEFT_ASSIGN/RIGHT_ASSIGN/AND_ASSIGN/XOR_ASSIGN/OR_ASSIGN/'('/')'/'['/']'/'.'/','/'&'/'*'/'+'/'-'/'/'/'%'/'<'/'>'/'^'/'|'/'='/'?'/':'
    43 expression -> • expression '=' expression, yyeof/PTR_OP/INC_OP/DEC_OP/LEFT_OP/RIGHT_OP/LE_OP/GE_OP/EQ_OP/NE_OP/AND_OP/OR_OP/MUL_ASSIGN/DIV_ASSIGN/MOD_ASSIGN/ADD_ASSIGN/SUB_ASSIGN/LEFT_ASSIGN/RIGHT_ASSIGN/AND_ASSIGN/XOR_ASSIGN/OR_ASSIGN/'('/')'/'['/']'/'.'/','/'&'/'*'/'+'/'-'/'/'/'%'/'<'/'>'/'^'/'|'/'='/'?'/':'
    44 expression -> • expression MUL_ASSIGN expression, yyeof/PTR_OP/INC_OP/DEC_OP/LEFT_OP/RIGHT_OP/LE_OP/GE_OP/EQ_OP/NE_OP/AND_OP/OR_OP/MUL_ASSIGN/DIV_ASSIGN/MOD_ASSIGN/ADD_ASSIGN/SUB_ASSIGN/LEFT_ASSIGN/RIGHT_ASSIGN/AND_ASSIGN/XOR_ASSIGN/OR_ASSIGN/'('/')'/'['/']'/'.'/','/'&'/'*'/'+'/'-'/'/'/'%'/'<'/'>'/'^'/'|'/'='/'?'/':'
    45 expression -> • expression DIV_ASSIGN expression, yyeof/PTR_OP/INC_OP/DEC_OP/LEFT_OP/RIGHT_OP/LE_OP/GE_OP/EQ_OP/NE_OP/AND_OP/OR_OP/MUL_ASSIGN/DIV_ASSIGN/MOD_ASSIGN/ADD_ASSIGN/SUB_ASSIGN/LEFT_ASSIGN/RIGHT_ASSIGN/AND_ASSIGN/XOR_ASSIGN/OR_ASSIGN/'('/')'/'['/']'/'.'/','/'&'/'*'/'+'/'-'/'/'/'%'/'<'/'>'/'^'/'|'/'='/'?'/':'
    46 expression -> • expression MOD_ASSIGN expression, yyeof/PTR_OP/INC_OP/DEC_OP/LEFT_OP/RIGHT_OP/LE_OP/GE_OP/EQ_OP/NE_OP/AND_OP/OR_OP/MUL_ASSIGN/DIV_ASSIGN/MOD_ASSIGN/ADD_ASSIGN/SUB_ASSIGN/LEFT_ASSIGN/RIGHT_ASSIGN/AND_ASSIGN/XOR_ASSIGN/OR_ASSIGN/'('/')'/'['/']'/'.'/','/'&'/'*'/'+'/'-'/'/'/'%'/'<'/'>'/'^'/'|'/'='/'?'/':'
    47 expression -> • expression ADD_ASSIGN expression, yyeof/PTR_OP/INC_OP/DEC_OP/LEFT_OP/RIGHT_OP/LE_OP/GE_OP/EQ_OP/NE_OP/AND_OP/OR_OP/MUL_ASSIGN/DIV_ASSIGN/MOD_ASSIGN/ADD_ASSIGN/SUB_ASSIGN/LEFT_ASSIGN/RIGHT_ASSIGN/AND_ASSIGN/XOR_ASSIGN/OR_ASSIGN/'('/')'/'['/']'/'.'/','/'&'/'*'/'+'/'-'/'/'/'%'/'<'/'>'/'^'/'|'/'='/'?'/':'
    48 expression -> • expression SUB_ASSIGN expression, yyeof/PTR_OP/INC_OP/DEC_OP/LEFT_OP/RIGHT_OP/LE_OP/GE_OP/EQ_OP/NE_OP/AND_OP/OR_OP/MUL_ASSIGN/DIV_ASSIGN/MOD_ASSIGN/ADD_ASSIGN/SUB_ASSIGN/LEFT_ASSIGN/RIGHT_ASSIGN/AND_ASSIGN/XOR_ASSIGN/OR_ASSIGN/'('/')'/'['/']'/'.'/','/'&'/'*'/'+'/'-'/'/'/'%'/'<'/'>'/'^'/'|'/'='/'?'/':'
    49 expression -> • expression LEFT_ASSIGN expression, yyeof/PTR_OP/INC_OP/DEC_OP/LEFT_OP/RIGHT_OP/LE_OP/GE_OP/EQ_OP/NE_OP/AND_OP/OR_OP/MUL_ASSIGN/DIV_ASSIGN/MOD_ASSIGN/ADD_ASSIGN/SUB_ASSIGN/LEFT_ASSIGN/RIGHT_ASSIGN/AND_ASSIGN/XOR_ASSIGN/OR_ASSIGN/'('/')'/'['/']'/'.'/','/'&'/'*'/'+'/'-'/'/'/'%'/'<'/'>'/'^'/'|'/'='/'?'/':'
    50 expression -> • expression RIGHT_ASSIGN expression, yyeof/PTR_OP/INC_OP/DEC_OP/LEFT_OP/RIGHT_OP/LE_OP/GE_OP/EQ_OP/NE_OP/AND_OP/OR_OP/MUL_ASSIGN/DIV_ASSIGN/MOD_ASSIGN/ADD_ASSIGN/SUB_ASSIGN/LEFT_ASSIGN/RIGHT_ASSIGN/AND_ASSIGN/XOR_ASSIGN/OR_ASSIGN/'('/')'/'['/']'/'.'/','/'&'/'*'/'+'/'-'/'/'/'%'/'<'/'>'/'^'/'|'/'='/'?'/':'
    51 expression -> • expression AND_ASSIGN expression, yyeof/PTR_OP/INC_OP/DEC_OP/LEFT_OP/RIGHT_OP/LE_OP/GE_OP/EQ_OP/NE_OP/AND_OP/OR_OP/MUL_ASSIGN/DIV_ASSIGN/MOD_ASSIGN/ADD_ASSIGN/SUB_ASSIGN/LEFT_ASSIGN/RIGHT_ASSIGN/AND_ASSIGN/XOR_ASSIGN/OR_ASSIGN/'('/')'/'['/']'/'.'/','/'&'/'*'/'+'/'-'/'/'/'%'/'<'/'>'/'^'/'|'/'='/'?'/':'
    51 expression -> expression AND_ASSIGN • expression, yyeof/PTR_OP/INC_OP/DEC_OP/LEFT_OP/RIGHT_OP/LE_OP/GE_OP/EQ_OP/NE_OP/AND_OP/OR_OP/MUL_ASSIGN/DIV_ASSIGN/MOD_ASSIGN/ADD_ASSIGN/SUB_ASSIGN/LEFT_ASSIGN/RIGHT_ASSIGN/AND_ASSIGN/XOR_ASSIGN/OR_ASSIGN/'('/')'/'['/']'/'.'/','/'&'/'*'/'+'/'-'/'/'/'%'/'<'/'>'/'^'/'|'/'='/'?'/':'
    52 expression -> • expression XOR_ASSIGN expression, yyeof/PTR_OP/INC_OP/DEC_OP/LEFT_OP/RIGHT_OP/LE_OP/GE_OP/EQ_OP/NE_OP/AND_OP/OR_OP/MUL_ASSIGN/DIV_ASSIGN/MOD_ASSIGN/ADD_ASSIGN/SUB_ASSIGN/LEFT_ASSIGN/RIGHT_ASSIGN/AND_ASSIGN/XOR_ASSIGN/OR_ASSIGN/'('/')'/'['/']'/'.'/','/'&'/'*'/'+'/'-'/'/'/'%'/'<'/'>'/'^'/'|'/'='/'?'/':'
    53 expression -> • expression OR_ASSIGN expression, yyeof/PTR_OP/INC_OP/DEC_OP/LEFT_OP/RIGHT_OP/LE_OP/GE_OP/EQ_OP/NE_OP/AND_OP/OR_OP/MUL_ASSIGN/DIV_ASSIGN/MOD_ASSIGN/ADD_ASSIGN/SUB_ASSIGN/LEFT_ASSIGN/RIGHT_ASSIGN/AND_ASSIGN/XOR_ASSIGN/OR_ASSIGN/'('/')'/'['/']'/'.'/','/'&'/'*'/'+'/'-'/'/'/'%'/'<'/'>'/'^'/'|'/'='/'?'/':'
    54 expression -> • expression ',' expression, yyeof/PTR_OP/INC_OP/DEC_OP/LEFT_OP/RIGHT_OP/LE_OP/GE_OP/EQ_OP/NE_OP/AND_OP/OR_OP/MUL_ASSIGN/DIV_ASSIGN/MOD_ASSIGN/ADD_ASSIGN/SUB_ASSIGN/LEFT_ASSIGN/RIGHT_ASSIGN/AND_ASSIGN/XOR_ASSIGN/OR_ASSIGN/'('/')'/'['/']'/'.'/','/'&'/'*'/'+'/'-'/'/'/'%'/'<'/'>'/'^'/'|'/'='/'?'/':'
    55 expression -> • expression '?' expression ':' expression, yyeof/PTR_OP/INC_OP/DEC_OP/LEFT_OP/RIGHT_OP/LE_OP/GE_OP/EQ_OP/NE_OP/AND_OP/OR_OP/MUL_ASSIGN/DIV_ASSIGN/MOD_ASSIGN/ADD_ASSIGN/SUB_ASSIGN/LEFT_ASSIGN/RIGHT_ASSIGN/AND_ASSIGN/XOR_ASSIGN/OR_ASSIGN/'('/')'/'['/']'/'.'/','/'&'/'*'/'+'/'-'/'/'/'%'/'<'/'>'/'^'/'|'/'='/'?'/':'

    IDENTIFIER shift, and go to state 1
    STRING_LITERAL shift, and go to state 2
    CONSTANT shift, and go to state 3
    SIZEOF shift, and go to state 4
    INC_OP shift, and go to state 5
    DEC_OP shift, and go to state 6
    '(' shift, and go to state 9
    '&' shift, and go to state 10
    '*' shift, and go to state 11
    '+' shift, and go to state 12
    '-' shift, and go to state 13
    '~' shift, and go to state 14
    '!' shift, and go to state 15

    expression go to state 82


State 39

    2 expression -> • IDENTIFIER, yyeof/PTR_OP/INC_OP/DEC_OP/LEFT_OP/RIGHT_OP/LE_OP/GE_OP/EQ_OP/NE_OP/AND_OP/OR_OP/MUL_ASSIGN/DIV_ASSIGN/MOD_ASSIGN/ADD_ASSIGN/SUB_ASSIGN/LEFT_ASSIGN/RIGHT_ASSIGN/AND_ASSIGN/XOR_ASSIGN/OR_ASSIGN/'('/')'/'['/']'/'.'/','/'&'/'*'/'+'/'-'/'/'/'%'/'<'/'>'/'^'/'|'/'='/'?'/':'
    3 expression -> • CONSTANT, yyeof/PTR_OP/INC_OP/DEC_OP/LEFT_OP/RIGHT_OP/LE_OP/GE_OP/EQ_OP/NE_OP/AND_OP/OR_OP/MUL_ASSIGN/DIV_ASSIGN/MOD_ASSIGN/ADD_ASSIGN/SUB_ASSIGN/LEFT_ASSIGN/RIGHT_ASSIGN/AND_ASSIGN/XOR_ASSIGN/OR_ASSIGN/'('/')'/'['/']'/'.'/','/'&'/'*'/'+'/'-'/'/'/'%'/'<'/'>'/'^'/'|'/'='/'?'/':'
    4 expression -> • STRING_LITERAL, yyeof/PTR_OP/INC_OP/DEC_OP/LEFT_OP/RIGHT_OP/LE_OP/GE_OP/EQ_OP/NE_OP/AND_OP/OR_OP/MUL_ASSIGN/DIV_ASSIGN/MOD_ASSIGN/ADD_ASSIGN/SUB_ASSIGN/LEFT_ASSIGN/RIGHT_ASSIGN/AND_ASSIGN/XOR_ASSIGN/OR_ASSIGN/'('/')'/'['/']'/'.'/','/'&'/'*'/'+'/'-'/'/'/'%'/'<'/'>'/'^'/'|'/'='/'?'/':'
    5 expression -> • '(' expression ')', yyeof/PTR_OP/INC_OP/DEC_OP/LEFT_OP/RIGHT_OP/LE_OP/GE_OP/EQ_OP/NE_OP/AND_OP/OR_OP/MUL_ASSIGN/DIV_ASSIGN/MOD_ASSIGN/ADD_ASSIGN/SUB_ASSIGN/LEFT_ASSIGN/RIGHT_ASSIGN/AND_ASSIGN/XOR_ASSIGN/OR_ASSIGN/'('/')'/'['/']'/'.'/','/'&'/'*'/'+'/'-'/'/'/'%'/'<'/'>'/'^'/'|'/'='/'?'/':'
    6 expression -> • expression '[' expression ']', yyeof/PTR_OP/INC_OP/DEC_OP/LEFT_OP/RIGHT_OP/LE_OP/GE_OP/EQ_OP/NE_OP/AND_OP/OR_OP/MUL_ASSIGN/DIV_ASSIGN/MOD_ASSIGN/ADD_ASSIGN/SUB_ASSIGN/LEFT_ASSIGN/RIGHT_ASSIGN/AND_ASSIGN/XOR_ASSIGN/OR_ASSIGN/'('/')'/'['/']'/'.'/','/'&'/'*'/'+'/'-'/'/'/'%'/'<'/'>'/'^'/'|'/'='/'?'/':'
    7 expression -> • expression '(' ')', yyeof/PTR_OP/INC_OP/DEC_OP/LEFT_OP/RIGHT_OP/LE_OP/GE_OP/EQ_OP/NE_OP/AND_OP/OR_OP/MUL_ASSIGN/DIV_ASSIGN/MOD_ASSIGN/ADD_ASSIGN/SUB_ASSIGN/LEFT_ASSIGN/RIGHT_ASSIGN/AND_ASSIGN/XOR_ASSIGN/OR_ASSIGN/'('/')'/'['/']'/'.'/','/'&'/'*'/'+'/'-'/'/'/'%'/'<'/'>'/'^'/'|'/'='/'?'/':'
    8 expression -> • expression '(' expression ')', yyeof/PTR_OP/INC_OP/DEC_OP/LEFT_OP/RIGHT_OP/LE_OP/GE_OP/EQ_OP/NE_OP/AND_OP/OR_OP/MUL_ASSIGN/DIV_ASSIGN/MOD_ASSIGN/ADD_ASSIGN/SUB_ASSIGN/LEFT_ASSIGN/RIGHT_ASSIGN/AND_ASSIGN/XOR_ASSIGN/OR_ASSIGN/'('/')'/'['/']'/'.'/','/'&'/'*'/'+'/'-'/'/'/'%'/'<'/'>'/'^'/'|'/'='/'?'/':'
    9 expression -> • expression '.' IDENTIFIER, yyeof/PTR_OP/INC_OP/DEC_OP/LEFT_OP/RIGHT_OP/LE_OP/GE_OP/EQ_OP/NE_OP/AND_OP/OR_OP/MUL_ASSIGN/DIV_ASSIGN/MOD_ASSIGN/ADD_ASSIGN/SUB_ASSIGN/LEFT_ASSIGN/RIGHT_ASSIGN/AND_ASSIGN/XOR_ASSIGN/OR_ASSIGN/'('/')'/'['/']'/'.'/','/'&'/'*'/'+'/'-'/'/'/'%'/'<'/'>'/'^'/'|'/'='/'?'/':'
    10 expression -> • expression PTR_OP IDENTIFIER, yyeof/PTR_OP/INC_OP/DEC_OP/LEFT_OP/RIGHT_OP/LE_OP/GE_OP/EQ_OP/NE_OP/AND_OP/OR_OP/MUL_ASSIGN/DIV_ASSIGN/MOD_ASSIGN/ADD_ASSIGN/SUB_ASSIGN/LEFT_ASSIGN/RIGHT_ASSIGN/AND_ASSIGN/XOR_ASSIGN/OR_ASSIGN/'('/')'/'['/']'/'.'/','/'&'/'*'/'+'/'-'/'/'/'%'/'<'/'>'/'^'/'|'/'='/'?'/':'
    11 expression -> • expression INC_OP, yyeof/PTR_OP/INC_OP/DEC_OP/LEFT_OP/RIGHT_OP/LE_OP/GE_OP/EQ_OP/NE_OP/AND_OP/OR_OP/MUL_ASSIGN/DIV_ASSIGN/MOD_ASSIGN/ADD_ASSIGN/SUB_ASSIGN/LEFT_ASSIGN/RIGHT_ASSIGN/AND_ASSIGN/XOR_ASSIGN/OR_ASSIGN/'('/')'/'['/']'/'.'/','/'&'/'*'/'+'/'-'/'/'/'%'/'<'/'>'/'^'/'|'/'='/'?'/':'
    12 expression -> • expression DEC_OP, yyeof/PTR_OP/INC_OP/DEC_OP/LEFT_OP/RIGHT_OP/LE_OP/GE_OP/EQ_OP/NE_OP/AND_OP/OR_OP/MUL_ASSIGN/DIV_ASSIGN/MOD_ASSIGN/ADD_ASSIGN/SUB_ASSIGN/LEFT_ASSIGN/RIGHT_ASSIGN/AND_ASSIGN/XOR_ASSIGN/OR_ASSIGN/'('/')'/'['/']'/'.'/','/'&'/'*'/'+'/'-'/'/'/'%'/'<'/'>'/'^'/'|'/'='/'?'/':'
    13 expression -> • expression ',' expression, yyeof/PTR_OP/INC_OP/DEC_OP/LEFT_OP/RIGHT_OP/LE_OP/GE_OP/EQ_OP/NE_OP/AND_OP/OR_OP/MUL_ASSIGN/DIV_ASSIGN/MOD_ASSIGN/ADD_ASSIGN/SUB_ASSIGN/LEFT_ASSIGN/RIGHT_ASSIGN/AND_ASSIGN/XOR_ASSIGN/OR_ASSIGN/'('/')'/'['/']'/'.'/','/'&'/'*'/'+'/'-'/'/'/'%'/'<'/'>'/'^'/'|'/'='/'?'/':'
    14 expression -> • INC_OP expression, yyeof/PTR_OP/INC_OP/DEC_OP/LEFT_OP/RIGHT_OP/LE_OP/GE_OP/EQ_OP/NE_OP/AND_OP/OR_OP/MUL_ASSIGN/DIV_ASSIGN/MOD_ASSIGN/ADD_ASSIGN/SUB_ASSIGN/LEFT_ASSIGN/RIGHT_ASSIGN/AND_ASSIGN/XOR_ASSIGN/OR_ASSIGN/'('/')'/'['/']'/'.'/','/'&'/'*'/'+'/'-'/'/'/'%'/'<'/'>'/'^'/'|'/'='/'?'/':'
    15 expression -> • DEC_OP expression, yyeof/PTR_OP/INC_OP/DEC_OP/LEFT_OP/RIGHT_OP/LE_OP/GE_OP/EQ_OP/NE_OP/AND_OP/OR_OP/MUL_ASSIGN/DIV_ASSIGN/MOD_ASSIGN/ADD_ASSIGN/SUB_ASSIGN/LEFT_ASSIGN/RIGHT_ASSIGN/AND_ASSIGN/XOR_ASSIGN/OR_ASSIGN/'('/')'/'['/']'/'.'/','/'&'/'*'/'+'/'-'/'/'/'%'/'<'/'>'/'^'/'|'/'='/'?'/':'
    16 expression -> • SIZEOF expression, yyeof/PTR_OP/INC_OP/DEC_OP/LEFT_OP/RIGHT_OP/LE_OP/GE_OP/EQ_OP/NE_OP/AND_OP/OR_OP/MUL_ASSIGN/DIV_ASSIGN/MOD_ASSIGN/ADD_ASSIGN/SUB_ASSIGN/LEFT_ASSIGN/RIGHT_ASSIGN/AND_ASSIGN/XOR_ASSIGN/OR_ASSIGN/'('/')'/'['/']'/'.'/','/'&'/'*'/'+'/'-'/'/'/'%'/'<'/'>'/'^'/'|'/'='/'?'/':'
    17 expression -> • SIZEOF '(' type_name ')', yyeof/PTR_OP/INC_OP/DEC_OP/LEFT_OP/RIGHT_OP/LE_OP/GE_OP/EQ_OP/NE_OP/AND_OP/OR_OP/MUL_ASSIGN/DIV_ASSIGN/MOD_ASSIGN/ADD_ASSIGN/SUB_ASSIGN/LEFT_ASSIGN/RIGHT_ASSIGN/AND_ASSIGN/XOR_ASSIGN/OR_ASSIGN/'('/')'/'['/']'/'.'/','/'&'/'*'/'+'/'-'/'/'/'%'/'<'/'>'/'^'/'|'/'='/'?'/':'
    18 expression -> • '(' type_name ')' expression, yyeof/PTR_OP/INC_OP/DEC_OP/LEFT_OP/RIGHT_OP/LE_OP/GE_OP/EQ_OP/NE_OP/AND_OP/OR_OP/MUL_ASSIGN/DIV_ASSIGN/MOD_ASSIGN/ADD_ASSIGN/SUB_ASSIGN/LEFT_ASSIGN/RIGHT_ASSIGN/AND_ASSIGN/XOR_ASSIGN/OR_ASSIGN/'('/')'/'['/']'/'.'/','/'&'/'*'/'+'/'-'/'/'/'%'/'<'/'>'/'^'/'|'/'='/'?'/':'
    19 expression -> • '&' expression, yyeof/PTR_OP/INC_OP/DEC_OP/LEFT_OP/RIGHT_OP/LE_OP/GE_OP/EQ_OP/NE_OP/AND_OP/OR_OP/MUL_ASSIGN/DIV_ASSIGN/MOD_ASSIGN/ADD_ASSIGN/SUB_ASSIGN/LEFT_ASSIGN/RIGHT_ASSIGN/AND_ASSIGN/XOR_ASSIGN/OR_ASSIGN/'('/')'/'['/']'/'.'/','/'&'/'*'/'+'/'-'/'/'/'%'/'<'/'>'/'^'/'|'/'='/'?'/':'
    20 expression -> • '*' expression, yyeof/PTR_OP/INC_OP/DEC_OP/LEFT_OP/RIGHT_OP/LE_OP/GE_OP/EQ_OP/NE_OP/AND_OP/OR_OP/MUL_ASSIGN/DIV_ASSIGN/MOD_ASSIGN/ADD_ASSIGN/SUB_ASSIGN/LEFT_ASSIGN/RIGHT_ASSIGN/AND_ASSIGN/XOR_ASSIGN/OR_ASSIGN/'('/')'/'['/']'/'.'/','/'&'/'*'/'+'/'-'/'/'/'%'/'<'/'>'/'^'/'|'/'='/'?'/':'
    21 expression -> • '+' expression, yyeof/PTR_OP/INC_OP/DEC_OP/LEFT_OP/RIGHT_OP/LE_OP/GE_OP/EQ_OP/NE_OP/AND_OP/OR_OP/MUL_ASSIGN/DIV_ASSIGN/MOD_ASSIGN/ADD_ASSIGN/SUB_ASSIGN/LEFT_ASSIGN/RIGHT_ASSIGN/AND_ASSIGN/XOR_ASSIGN/OR_ASSIGN/'('/')'/'['/']'/'.'/','/'&'/'*'/'+'/'-'/'/'/'%'/'<'/'>'/'^'/'|'/'='/'?'/':'
    22 expression -> • '-' expression, yyeof/PTR_OP/INC_OP/DEC_OP/LEFT_OP/RIGHT_OP/LE_OP/GE_OP/EQ_OP/NE_OP/AND_OP/OR_OP/MUL_ASSIGN/DIV_ASSIGN/MOD_ASSIGN/ADD_ASSIGN/SUB_ASSIGN/LEFT_ASSIGN/RIGHT_ASSIGN/AND_ASSIGN/XOR_ASSIGN/OR_ASSIGN/'('/')'/'['/']'/'.'/','/'&'/'*'/'+'/'-'/'/'/'%'/'<'/'>'/'^'/'|'/'='/'?'/':'
    23 expression -> • '~' expression, yyeof/PTR_OP/INC_OP/DEC_OP/LEFT_OP/RIGHT_OP/LE_OP/GE_OP/EQ_OP/NE_OP/AND_OP/OR_OP/MUL_ASSIGN/DIV_ASSIGN/MOD_ASSIGN/ADD_ASSIGN/SUB_ASSIGN/LEFT_ASSIGN/RIGHT_ASSIGN/AND_ASSIGN/XOR_ASSIGN/OR_ASSIGN/'('/')'/'['/']'/'.'/','/'&'/'*'/'+'/'-'/'/'/'%'/'<'/'>'/'^'/'|'/'='/'?'/':'
    24 expression -> • '!' expression, yyeof/PTR_OP/INC_OP/DEC_OP/LEFT_OP/RIGHT_OP/LE_OP/GE_OP/EQ_OP/NE_OP/AND_OP/OR_OP/MUL_ASSIGN/DIV_ASSIGN/MOD_ASSIGN/ADD_ASSIGN/SUB_ASSIGN/LEFT_ASSIGN/RIGHT_ASSIGN/AND_ASSIGN/XOR_ASSIGN/OR_ASSIGN/'('/')'/'['/']'/'.'/','/'&'/'*'/'+'/'-'/'/'/'%'/'<'/'>'/'^'/'|'/'='/'?'/':'
    25 expression -> • expression '+' expression, yyeof/PTR_OP/INC_OP/DEC_OP/LEFT_OP/RIGHT_OP/LE_OP/GE_OP/EQ_OP/NE_OP/AND_OP/OR_OP/MUL_ASSIGN/DIV_ASSIGN/MOD_ASSIGN/ADD_ASSIGN/SUB_ASSIGN/LEFT_ASSIGN/RIGHT_ASSIGN/AND_ASSIGN/XOR_ASSIGN/OR_ASSIGN/'('/')'/'['/']'/'.'/','/'&'/'*'/'+'/'-'/'/'/'%'/'<'/'>'/'^'/'|'/'='/'?'/':'
    26 expression -> • expression '-' expression, yyeof/PTR_OP/INC_OP/DEC_OP/LEFT_OP/RIGHT_OP/LE_OP/GE_OP/EQ_OP/NE_OP/AND_OP/OR_OP/MUL_ASSIGN/DIV_ASSIGN/MOD_ASSIGN/ADD_ASSIGN/SUB_ASSIGN/LEFT_ASSIGN/RIGHT_ASSIGN/AND_ASSIGN/XOR_ASSIGN/OR_ASSIGN/'('/')'/'['/']'/'.'/','/'&'/'*'/'+'/'-'/'/'/'%'/'<'/'>'/'^'/'|'/'='/'?'/':'
    27 expression -> • expression '*' expression, yyeof/PTR_OP/INC_OP/DEC_OP/LEFT_OP/RIGHT_OP/LE_OP/GE_OP/EQ_OP/NE_OP/AND_OP/OR_OP/MUL_ASSIGN/DIV_ASSIGN/MOD_ASSIGN/ADD_ASSIGN/SUB_ASSIGN/LEFT_ASSIGN/RIGHT_ASSIGN/AND_ASSIGN/XOR_ASSIGN/OR_ASSIGN/'('/')'/'['/']'/'.'/','/'&'/'*'/'+'/'-'/'/'/'%'/'<'/'>'/'^'/'|'/'='/'?'/':'
    28 expression -> • expression '/' expression, yyeof/PTR_OP/INC_OP/DEC_OP/LEFT_OP/RIGHT_OP/LE_OP/GE_OP/EQ_OP/NE_OP/AND_OP/OR_OP/MUL_ASSIGN/DIV_ASSIGN/MOD_ASSIGN/ADD_ASSIGN/SUB_ASSIGN/LEFT_ASSIGN/RIGHT_ASSIGN/AND_ASSIGN/XOR_ASSIGN/OR_ASSIGN/'('/')'/'['/']'/'.'/','/'&'/'*'/'+'/'-'/'/'/'%'/'<'/'>'/'^'/'|'/'='/'?'/':'
    29 expression -> • expression '%' expression, yyeof/PTR_OP/INC_OP/DEC_OP/LEFT_OP/RIGHT_OP/LE_OP/GE_OP/EQ_OP/NE_OP/AND_OP/OR_OP/MUL_ASSIGN/DIV_ASSIGN/MOD_ASSIGN/ADD_ASSIGN/SUB_ASSIGN/LEFT_ASSIGN/RIGHT_ASSIGN/AND_ASSIGN/XOR_ASSIGN/OR_ASSIGN/'('/')'/'['/']'/'.'/','/'&'/'*'/'+'/'-'/'/'/'%'/'<'/'>'/'^'/'|'/'='/'?'/':'
    30 expression -> • expression LEFT_OP expression, yyeof/PTR_OP/INC_OP/DEC_OP/LEFT_OP/RIGHT_OP/LE_OP/GE_OP/EQ_OP/NE_OP/AND_OP/OR_OP/MUL_ASSIGN/DIV_ASSIGN/MOD_ASSIGN/ADD_ASSIGN/SUB_ASSIGN/LEFT_ASSIGN/RIGHT_ASSIGN/AND_ASSIGN/XOR_ASSIGN/OR_ASSIGN/'('/')'/'['/']'/'.'/','/'&'/'*'/'+'/'-'/'/'/'%'/'<'/'>'/'^'/'|'/'='/'?'/':'
    31 expression -> • expression RIGHT_OP expression, yyeof/PTR_OP/INC_OP/DEC_OP/LEFT_OP/RIGHT_OP/LE_OP/GE_OP/EQ_OP/NE_OP/AND_OP/OR_OP/MUL_ASSIGN/DIV_ASSIGN/MOD_ASSIGN/ADD_ASSIGN/SUB_ASSIGN/LEFT_ASSIGN/RIGHT_ASSIGN/AND_ASSIGN/XOR_ASSIGN/OR_ASSIGN/'('/')'/'['/']'/'.'/','/'&'/'*'/'+'/'-'/'/'/'%'/'<'/'>'/'^'/'|'/'='/'?'/':'
    32 expression -> • expression '<' expression, yyeof/PTR_OP/INC_OP/DEC_OP/LEFT_OP/RIGHT_OP/LE_OP/GE_OP/EQ_OP/NE_OP/AND_OP/OR_OP/MUL_ASSIGN/DIV_ASSIGN/MOD_ASSIGN/ADD_ASSIGN/SUB_ASSIGN/LEFT_ASSIGN/RIGHT_ASSIGN/AND_ASSIGN/XOR_ASSIGN/OR_ASSIGN/'('/')'/'['/']'/'.'/','/'&'/'*'/'+'/'-'/'/'/'%'/'<'/'>'/'^'/'|'/'='/'?'/':'
    33 expression -> • expression '>' expression, yyeof/PTR_OP/INC_OP/DEC_OP/LEFT_OP/RIGHT_OP/LE_OP/GE_OP/EQ_OP/NE_OP/AND_OP/OR_OP/MUL_ASSIGN/DIV_ASSIGN/MOD_ASSIGN/ADD_ASSIGN/SUB_ASSIGN/LEFT_ASSIGN/RIGHT_ASSIGN/AND_ASSIGN/XOR_ASSIGN/OR_ASSIGN/'('/')'/'['/']'/'.'/','/'&'/'*'/'+'/'-'/'/'/'%'/'<'/'>'/'^'/'|'/'='/'?'/':'
    34 expression -> • expression LE_OP expression, yyeof/PTR_OP/INC_OP/DEC_OP/LEFT_OP/RIGHT_OP/LE_OP/GE_OP/EQ_OP/NE_OP/AND_OP/OR_OP/MUL_ASSIGN/DIV_ASSIGN/MOD_ASSIGN/ADD_ASSIGN/SUB_ASSIGN/LEFT_ASSIGN/RIGHT_ASSIGN/AND_ASSIGN/XOR_ASSIGN/OR_ASSIGN/'('/')'/'['/']'/'.'/','/'&'/'*'/'+'/'-'/'/'/'%'/'<'/'>'/'^'/'|'/'='/'?'/':'
    35 expression -> • expression GE_OP expression, yyeof/PTR_OP/INC_OP/DEC_OP/LEFT_OP/RIGHT_OP/LE_OP/GE_OP/EQ_OP/NE_OP/AND_OP/OR_OP/MUL_ASSIGN/DIV_ASSIGN/MOD_ASSIGN/ADD_ASSIGN/SUB_ASSIGN/LEFT_ASSIGN/RIGHT_ASSIGN/AND_ASSIGN/XOR_ASSIGN/OR_ASSIGN/'('/')'/'['/']'/'.'/','/'&'/'*'/'+'/'-'/'/'/'%'/'<'/'>'/'^'/'|'/'='/'?'/':'
    36 expression -> • expression EQ_OP expression, yyeof/PTR_OP/INC_OP/DEC_OP/LEFT_OP/RIGHT_OP/LE_OP/GE_OP/EQ_OP/NE_OP/AND_OP/OR_OP/MUL_ASSIGN/DIV_ASSIGN/MOD_ASSIGN/ADD_ASSIGN/SUB_ASSIGN/LEFT_ASSIGN/RIGHT_ASSIGN/AND_ASSIGN/XOR_ASSIGN/OR_ASSIGN/'('/')'/'['/']'/'.'/','/'&'/'*'/'+'/'-'/'/'/'%'/'<'/'>'/'^'/'|'/'='/'?'/':'
    37 expression -> • expression NE_OP expression, yyeof/PTR_OP/INC_OP/DEC_OP/LEFT_OP/RIGHT_OP/LE_OP/GE_OP/EQ_OP/NE_OP/AND_OP/OR_OP/MUL_ASSIGN/DIV_ASSIGN/MOD_ASSIGN/ADD_ASSIGN/SUB_ASSIGN/LEFT_ASSIGN/RIGHT_ASSIGN/AND_ASSIGN/XOR_ASSIGN/OR_ASSIGN/'('/')'/'['/']'/'.'/','/'&'/'*'/'+'/'-'/'/'/'%'/'<'/'>'/'^'/'|'/'='/'?'/':'
    38 expression -> • expression '&' expression, yyeof/PTR_OP/INC_OP/DEC_OP/LEFT_OP/RIGHT_OP/LE_OP/GE_OP/EQ_OP/NE_OP/AND_OP/OR_OP/MUL_ASSIGN/DIV_ASSIGN/MOD_ASSIGN/ADD_ASSIGN/SUB_ASSIGN/LEFT_ASSIGN/RIGHT_ASSIGN/AND_ASSIGN/XOR_ASSIGN/OR_ASSIGN/'('/')'/'['/']'/'.'/','/'&'/'*'/'+'/'-'/'/'/'%'/'<'/'>'/'^'/'|'/'='/'?'/':'
    39 expression -> • expression '^' expression, yyeof/PTR_OP/INC_OP/DEC_OP/LEFT_OP/RIGHT_OP/LE_OP/GE_OP/EQ_OP/NE_OP/AND_OP/OR_OP/MUL_ASSIGN/DIV_ASSIGN/MOD_ASSIGN/ADD_ASSIGN/SUB_ASSIGN/LEFT_ASSIGN/RIGHT_ASSIGN/AND_ASSIGN/XOR_ASSIGN/OR_ASSIGN/'('/')'/'['/']'/'.'/','/'&'/'*'/'+'/'-'/'/'/'%'/'<'/'>'/'^'/'|'/'='/'?'/':'
    40 expression -> • expression '|' expression, yyeof/PTR_OP/INC_OP/DEC_OP/LEFT_OP/RIGHT_OP/LE_OP/GE_OP/EQ_OP/NE_OP/AND_OP/OR_OP/MUL_ASSIGN/DIV_ASSIGN/MOD_ASSIGN/ADD_ASSIGN/SUB_ASSIGN/LEFT_ASSIGN/RIGHT_ASSIGN/AND_ASSIGN/XOR_ASSIGN/OR_ASSIGN/'('/')'/'['/']'/'.'/','/'&'/'*'/'+'/'-'/'/'/'%'/'<'/'>'/'^'/'|'/'='/'?'/':'
    41 expression -> • expression AND_OP expression, yyeof/PTR_OP/INC_OP/DEC_OP/LEFT_OP/RIGHT_OP/LE_OP/GE_OP/EQ_OP/NE_OP/AND_OP/OR_OP/MUL_ASSIGN/DIV_ASSIGN/MOD_ASSIGN/ADD_ASSIGN/SUB_ASSIGN/LEFT_ASSIGN/RIGHT_ASSIGN/AND_ASSIGN/XOR_ASSIGN/OR_ASSIGN/'('/')'/'['/']'/'.'/','/'&'/'*'/'+'/'-'/'/'/'%'/'<'/'>'/'^'/'|'/'='/'?'/':'
    42 expression -> • expression OR_OP expression, yyeof/PTR_OP/INC_OP/DEC_OP/LEFT_OP/RIGHT_OP/LE_OP/GE_OP/EQ_OP/NE_OP/AND_OP/OR_OP/MUL_ASSIGN/DIV_ASSIGN/MOD_ASSIGN/ADD_ASSIGN/SUB_ASSIGN/LEFT_ASSIGN/RIGHT_ASSIGN/AND_ASSIGN/XOR_ASSIGN/OR_ASSIGN/'('/')'/'['/']'/'.'/','/'&'/'*'/'+'/'-'/'/'/'%'/'<'/'>'/'^'/'|'/'='/'?'/':'
    43 expression -> • expression '=' expression, yyeof/PTR_OP/INC_OP/DEC_OP/LEFT_OP/RIGHT_OP/LE_OP/GE_OP/EQ_OP/NE_OP/AND_OP/OR_OP/MUL_ASSIGN/DIV_ASSIGN/MOD_ASSIGN/ADD_ASSIGN/SUB_ASSIGN/LEFT_ASSIGN/RIGHT_ASSIGN/AND_ASSIGN/XOR_ASSIGN/OR_ASSIGN/'('/')'/'['/']'/'.'/','/'&'/'*'/'+'/'-'/'/'/'%'/'<'/'>'/'^'/'|'/'='/'?'/':'
    44 expression -> • expression MUL_ASSIGN expression, yyeof/PTR_OP/INC_OP/DEC_OP/LEFT_OP/RIGHT_OP/LE_OP/GE_OP/EQ_OP/NE_OP/AND_OP/OR_OP/MUL_ASSIGN/DIV_ASSIGN/MOD_ASSIGN/ADD_ASSIGN/SUB_ASSIGN/LEFT_ASSIGN/RIGHT_ASSIGN/AND_ASSIGN/XOR_ASSIGN/OR_ASSIGN/'('/')'/'['/']'/'.'/','/'&'/'*'/'+'/'-'/'/'/'%'/'<'/'>'/'^'/'|'/'='/'?'/':'
    45 expression -> • expression DIV_ASSIGN expression, yyeof/PTR_OP/INC_OP/DEC_OP/LEFT_OP/RIGHT_OP/LE_OP/GE_OP/EQ_OP/NE_OP/AND_OP/OR_OP/MUL_ASSIGN/DIV_ASSIGN/MOD_ASSIGN/ADD_ASSIGN/SUB_ASSIGN/LEFT_ASSIGN/RIGHT_ASSIGN/AND_ASSIGN/XOR_ASSIGN/OR_ASSIGN/'('/')'/'['/']'/'.'/','/'&'/'*'/'+'/'-'/'/'/'%'/'<'/'>'/'^'/'|'/'='/'?'/':'
    46 expression -> • expression MOD_ASSIGN expression, yyeof/PTR_OP/INC_OP/DEC_OP/LEFT_OP/RIGHT_OP/LE_OP/GE_OP/EQ_OP/NE_OP/AND_OP/OR_OP/MUL_ASSIGN/DIV_ASSIGN/MOD_ASSIGN/ADD_ASSIGN/SUB_ASSIGN/LEFT_ASSIGN/RIGHT_ASSIGN/AND_ASSIGN/XOR_ASSIGN/OR_ASSIGN/'('/')'/'['/']'/'.'/','/'&'/'*'/'+'/'-'/'/'/'%'/'<'/'>'/'^'/'|'/'='/'?'/':'
    47 expression -> • expression ADD_ASSIGN expression, yyeof/PTR_OP/INC_OP/DEC_OP/LEFT_OP/RIGHT_OP/LE_OP/GE_OP/EQ_OP/NE_OP/AND_OP/OR_OP/MUL_ASSIGN/DIV_ASSIGN/MOD_ASSIGN/ADD_ASSIGN/SUB_ASSIGN/LEFT_ASSIGN/RIGHT_ASSIGN/AND_ASSIGN/XOR_ASSIGN/OR_ASSIGN/'('/')'/'['/']'/'.'/','/'&'/'*'/'+'/'-'/'/'/'%'/'<'/'>'/'^'/'|'/'='/'?'/':'
    48 expression -> • expression SUB_ASSIGN expression, yyeof/PTR_OP/INC_OP/DEC_OP/LEFT_OP/RIGHT_OP/LE_OP/GE_OP/EQ_OP/NE_OP/AND_OP/OR_OP/MUL_ASSIGN/DIV_ASSIGN/MOD_ASSIGN/ADD_ASSIGN/SUB_ASSIGN/LEFT_ASSIGN/RIGHT_ASSIGN/AND_ASSIGN/XOR_ASSIGN/OR_ASSIGN/'('/')'/'['/']'/'.'/','/'&'/'*'/'+'/'-'/'/'/'%'/'<'/'>'/'^'/'|'/'='/'?'/':'
    49 expression -> • expression LEFT_ASSIGN expression, yyeof/PTR_OP/INC_OP/DEC_OP/LEFT_OP/RIGHT_OP/LE_OP/GE_OP/EQ_OP/NE_OP/AND_OP/OR_OP/MUL_ASSIGN/DIV_ASSIGN/MOD_ASSIGN/ADD_ASSIGN/SUB_ASSIGN/LEFT_ASSIGN/RIGHT_ASSIGN/AND_ASSIGN/XOR_ASSIGN/OR_ASSIGN/'('/')'/'['/']'/'.'/','/'&'/'*'/'+'/'-'/'/'/'%'/'<'/'>'/'^'/'|'/'='/'?'/':'
    50 expression -> • expression RIGHT_ASSIGN expression, yyeof/PTR_OP/INC_OP/DEC_OP/LEFT_OP/RIGHT_OP/LE_OP/GE_OP/EQ_OP/NE_OP/AND_OP/OR_OP/MUL_ASSIGN/DIV_ASSIGN/MOD_ASSIGN/ADD_ASSIGN/SUB_ASSIGN/LEFT_ASSIGN/RIGHT_ASSIGN/AND_ASSIGN/XOR_ASSIGN/OR_ASSIGN/'('/')'/'['/']'/'.'/','/'&'/'*'/'+'/'-'/'/'/'%'/'<'/'>'/'^'/'|'/'='/'?'/':'
    51 expression -> • expression AND_ASSIGN expression, yyeof/PTR_OP/INC_OP/DEC_OP/LEFT_OP/RIGHT_OP/LE_OP/GE_OP/EQ_OP/NE_OP/AND_OP/OR_OP/MUL_ASSIGN/DIV_ASSIGN/MOD_ASSIGN/ADD_ASSIGN/SUB_ASSIGN/LEFT_ASSIGN/RIGHT_ASSIGN/AND_ASSIGN/XOR_ASSIGN/OR_ASSIGN/'('/')'/'['/']'/'.'/','/'&'/'*'/'+'/'-'/'/'/'%'/'<'/'>'/'^'/'|'/'='/'?'/':'
    52 expression -> • expression XOR_ASSIGN expression, yyeof/PTR_OP/INC_OP/DEC_OP/LEFT_OP/RIGHT_OP/LE_OP/GE_OP/EQ_OP/NE_OP/AND_OP/OR_OP/MUL_ASSIGN/DIV_ASSIGN/MOD_ASSIGN/ADD_ASSIGN/SUB_ASSIGN/LEFT_ASSIGN/RIGHT_ASSIGN/AND_ASSIGN/XOR_ASSIGN/OR_ASSIGN/'('/')'/'['/']'/'.'/','/'&'/'*'/'+'/'-'/'/'/'%'/'<'/'>'/'^'/'|'/'='/'?'/':'
    52 expression -> expression XOR_ASSIGN • expression, yyeof/PTR_OP/INC_OP/DEC_OP/LEFT_OP/RIGHT_OP/LE_OP/GE_OP/EQ_OP/NE_OP/AND_OP/OR_OP/MUL_ASSIGN/DIV_ASSIGN/MOD_ASSIGN/ADD_ASSIGN/SUB_ASSIGN/LEFT_ASSIGN/RIGHT_ASSIGN/AND_ASSIGN/XOR_ASSIGN/OR_ASSIGN/'('/')'/'['/']'/'.'/','/'&'/'*'/'+'/'-'/'/'/'%'/'<'/'>'/'^'/'|'/'='/'?'/':'
    53 expression -> • expression OR_ASSIGN expression, yyeof/PTR_OP/INC_OP/DEC_OP/LEFT_OP/RIGHT_OP/LE_OP/GE_OP/EQ_OP/NE_OP/AND_OP/OR_OP/MUL_ASSIGN/DIV_ASSIGN/MOD_ASSIGN/ADD_ASSIGN/SUB_ASSIGN/LEFT_ASSIGN/RIGHT_ASSIGN/AND_ASSIGN/XOR_ASSIGN/OR_ASSIGN/'('/')'/'['/']'/'.'/','/'&'/'*'/'+'/'-'/'/'/'%'/'<'/'>'/'^'/'|'/'='/'?'/':'
    54 expression -> • expression ',' expression, yyeof/PTR_OP/INC_OP/DEC_OP/LEFT_OP/RIGHT_OP/LE_OP/GE_OP/EQ_OP/NE_OP/AND_OP/OR_OP/MUL_ASSIGN/DIV_ASSIGN/MOD_ASSIGN/ADD_ASSIGN/SUB_ASSIGN/LEFT_ASSIGN/RIGHT_ASSIGN/AND_ASSIGN/XOR_ASSIGN/OR_ASSIGN/'('/')'/'['/']'/'.'/','/'&'/'*'/'+'/'-'/'/'/'%'/'<'/'>'/'^'/'|'/'='/'?'/':'
    55 expression -> • expression '?' expression ':' expression, yyeof/PTR_OP/INC_OP/DEC_OP/LEFT_OP/RIGHT_OP/LE_OP/GE_OP/EQ_OP/NE_OP/AND_OP/OR_OP/MUL_ASSIGN/DIV_ASSIGN/MOD_ASSIGN/ADD_ASSIGN/SUB_ASSIGN/LEFT_ASSIGN/RIGHT_ASSIGN/AND_ASSIGN/XOR_ASSIGN/OR_ASSIGN/'('/')'/'['/']'/'.'/','/'&'/'*'/'+'/'-'/'/'/'%'/'<'/'>'/'^'/'|'/'='/'?'/':'

    IDENTIFIER shift, and go to state 1
    STRING_LITERAL shift, and go to state 2
    CONSTANT shift, and go to state 3
    SIZEOF shift, and go to state 4
    INC_OP shift, and go to state 5
    DEC_OP shift, and go to state 6
    '(' shift, and go to state 9
    '&' shift, and go to state 10
    '*' shift, and go to state 11
    '+' shift, and go to state 12
    '-' shift, and go to state 13
    '~' shift, and go to state 14
    '!' shift, and go to state 15

    expression go to state 83


State 40

    2 expression -> • IDENTIFIER, yyeof/PTR_OP/INC_OP/DEC_OP/LEFT_OP/RIGHT_OP/LE_OP/GE_OP/EQ_OP/NE_OP/AND_OP/OR_OP/MUL_ASSIGN/DIV_ASSIGN/MOD_ASSIGN/ADD_ASSIGN/SUB_ASSIGN/LEFT_ASSIGN/RIGHT_ASSIGN/AND_ASSIGN/XOR_ASSIGN/OR_ASSIGN/'('/')'/'['/']'/'.'/','/'&'/'*'/'+'/'-'/'/'/'%'/'<'/'>'/'^'/'|'/'='/'?'/':'
    3 expression -> • CONSTANT, yyeof/PTR_OP/INC_OP/DEC_OP/LEFT_OP/RIGHT_OP/LE_OP/GE_OP/EQ_OP/NE_OP/AND_OP/OR_OP/MUL_ASSIGN/DIV_ASSIGN/MOD_ASSIGN/ADD_ASSIGN/SUB_ASSIGN/LEFT_ASSIGN/RIGHT_ASSIGN/AND_ASSIGN/XOR_ASSIGN/OR_ASSIGN/'('/')'/'['/']'/'.'/','/'&'/'*'/'+'/'-'/'/'/'%'/'<'/'>'/'^'/'|'/'='/'?'/':'
    4 expression -> • STRING_LITERAL, yyeof/PTR_OP/INC_OP/DEC_OP/LEFT_OP/RIGHT_OP/LE_OP/GE_OP/EQ_OP/NE_OP/AND_OP/OR_OP/MUL_ASSIGN/DIV_ASSIGN/MOD_ASSIGN/ADD_ASSIGN/SUB_ASSIGN/LEFT_ASSIGN/RIGHT_ASSIGN/AND_ASSIGN/XOR_ASSIGN/OR_ASSIGN/'('/')'/'['/']'/'.'/','/'&'/'*'/'+'/'-'/'/'/'%'/'<'/'>'/'^'/'|'/'='/'?'/':'
    5 expression -> • '(' expression ')', yyeof/PTR_OP/INC_OP/DEC_OP/LEFT_OP/RIGHT_OP/LE_OP/GE_OP/EQ_OP/NE_OP/AND_OP/OR_OP/MUL_ASSIGN/DIV_ASSIGN/MOD_ASSIGN/ADD_ASSIGN/SUB_ASSIGN/LEFT_ASSIGN/RIGHT_ASSIGN/AND_ASSIGN/XOR_ASSIGN/OR_ASSIGN/'('/')'/'['/']'/'.'/','/'&'/'*'/'+'/'-'/'/'/'%'/'<'/'>'/'^'/'|'/'='/'?'/':'
    6 expression -> • expression '[' expression ']', yyeof/PTR_OP/INC_OP/DEC_OP/LEFT_OP/RIGHT_OP/LE_OP/GE_OP/EQ_OP/NE_OP/AND_OP/OR_OP/MUL_ASSIGN/DIV_ASSIGN/MOD_ASSIGN/ADD_ASSIGN/SUB_ASSIGN/LEFT_ASSIGN/RIGHT_ASSIGN/AND_ASSIGN/XOR_ASSIGN/OR_ASSIGN/'('/')'/'['/']'/'.'/','/'&'/'*'/'+'/'-'/'/'/'%'/'<'/'>'/'^'/'|'/'='/'?'/':'
    7 expression -> • expression '(' ')', yyeof/PTR_OP/INC_OP/DEC_OP/LEFT_OP/RIGHT_OP/LE_OP/GE_OP/EQ_OP/NE_OP/AND_OP/OR_OP/MUL_ASSIGN/DIV_ASSIGN/MOD_ASSIGN/ADD_ASSIGN/SUB_ASSIGN/LEFT_ASSIGN/RIGHT_ASSIGN/AND_ASSIGN/XOR_ASSIGN/OR_ASSIGN/'('/')'/'['/']'/'.'/','/'&'/'*'/'+'/'-'/'/'/'%'/'<'/'>'/'^'/'|'/'='/'?'/':'
    8 expression -> • expression '(' expression ')', yyeof/PTR_OP/INC_OP/DEC_OP/LEFT_OP/RIGHT_OP/LE_OP/GE_OP/EQ_OP/NE_OP/AND_OP/OR_OP/MUL_ASSIGN/DIV_ASSIGN/MOD_ASSIGN/ADD_ASSIGN/SUB_ASSIGN/LEFT_ASSIGN/RIGHT_ASSIGN/AND_ASSIGN/XOR_ASSIGN/OR_ASSIGN/'('/')'/'['/']'/'.'/','/'&'/'*'/'+'/'-'/'/'/'%'/'<'/'>'/'^'/'|'/'='/'?'/':'
    9 expression -> • expression '.' IDENTIFIER, yyeof/PTR_OP/INC_OP/DEC_OP/LEFT_OP/RIGHT_OP/LE_OP/GE_OP/EQ_OP/NE_OP/AND_OP/OR_OP/MUL_ASSIGN/DIV_ASSIGN/MOD_ASSIGN/ADD_ASSIGN/SUB_ASSIGN/LEFT_ASSIGN/RIGHT_ASSIGN/AND_ASSIGN/XOR_ASSIGN/OR_ASSIGN/'('/')'/'['/']'/'.'/','/'&'/'*'/'+'/'-'/'/'/'%'/'<'/'>'/'^'/'|'/'='/'?'/':'
    10 expression -> • expression PTR_OP IDENTIFIER, yyeof/PTR_OP/INC_OP/DEC_OP/LEFT_OP/RIGHT_OP/LE_OP/GE_OP/EQ_OP/NE_OP/AND_OP/OR_OP/MUL_ASSIGN/DIV_ASSIGN/MOD_ASSIGN/ADD_ASSIGN/SUB_ASSIGN/LEFT_ASSIGN/RIGHT_ASSIGN/AND_ASSIGN/XOR_ASSIGN/OR_ASSIGN/'('/')'/'['/']'/'.'/','/'&'/'*'/'+'/'-'/'/'/'%'/'<'/'>'/'^'/'|'/'='/'?'/':'
    11 expression -> • expression INC_OP, yyeof/PTR_OP/INC_OP/DEC_OP/LEFT_OP/RIGHT_OP/LE_OP/GE_OP/EQ_OP/NE_OP/AND_OP/OR_OP/MUL_ASSIGN/DIV_ASSIGN/MOD_ASSIGN/ADD_ASSIGN/SUB_ASSIGN/LEFT_ASSIGN/RIGHT_ASSIGN/AND_ASSIGN/XOR_ASSIGN/OR_ASSIGN/'('/')'/'['/']'/'.'/','/'&'/'*'/'+'/'-'/'/'/'%'/'<'/'>'/'^'/'|'/'='/'?'/':'
    12 expression -> • expression DEC_OP, yyeof/PTR_OP/INC_OP/DEC_OP/LEFT_OP/RIGHT_OP/LE_OP/GE_OP/EQ_OP/NE_OP/AND_OP/OR_OP/MUL_ASSIGN/DIV_ASSIGN/MOD_ASSIGN/ADD_ASSIGN/SUB_ASSIGN/LEFT_ASSIGN/RIGHT_ASSIGN/AND_ASSIGN/XOR_ASSIGN/OR_ASSIGN/'('/')'/'['/']'/'.'/','/'&'/'*'/'+'/'-'/'/'/'%'/'<'/'>'/'^'/'|'/'='/'?'/':'
    13 expression -> • expression ',' expression, yyeof/PTR_OP/INC_OP/DEC_OP/LEFT_OP/RIGHT_OP/LE_OP/GE_OP/EQ_OP/NE_OP/AND_OP/OR_OP/MUL_ASSIGN/DIV_ASSIGN/MOD_ASSIGN/ADD_ASSIGN/SUB_ASSIGN/LEFT_ASSIGN/RIGHT_ASSIGN/AND_ASSIGN/XOR_ASSIGN/OR_ASSIGN/'('/')'/'['/']'/'.'/','/'&'/'*'/'+'/'-'/'/'/'%'/'<'/'>'/'^'/'|'/'='/'?'/':'
    14 expression -> • INC_OP expression, yyeof/PTR_OP/INC_OP/DEC_OP/LEFT_OP/RIGHT_OP/LE_OP/GE_OP/EQ_OP/NE_OP/AND_OP/OR_OP/MUL_ASSIGN/DIV_ASSIGN/MOD_ASSIGN/ADD_ASSIGN/SUB_ASSIGN/LEFT_ASSIGN/RIGHT_ASSIGN/AND_ASSIGN/XOR_ASSIGN/OR_ASSIGN/'('/')'/'['/']'/'.'/','/'&'/'*'/'+'/'-'/'/'/'%'/'<'/'>'/'^'/'|'/'='/'?'/':'
    15 expression -> • DEC_OP expression, yyeof/PTR_OP/INC_OP/DEC_OP/LEFT_OP/RIGHT_OP/LE_OP/GE_OP/EQ_OP/NE_OP/AND_OP/OR_OP/MUL_ASSIGN/DIV_ASSIGN/MOD_ASSIGN/ADD_ASSIGN/SUB_ASSIGN/LEFT_ASSIGN/RIGHT_ASSIGN/AND_ASSIGN/XOR_ASSIGN/OR_ASSIGN/'('/')'/'['/']'/'.'/','/'&'/'*'/'+'/'-'/'/'/'%'/'<'/'>'/'^'/'|'/'='/'?'/':'
    16 expression -> • SIZEOF expression, yyeof/PTR_OP/INC_OP/DEC_OP/LEFT_OP/RIGHT_OP/LE_OP/GE_OP/EQ_OP/NE_OP/AND_OP/OR_OP/MUL_ASSIGN/DIV_ASSIGN/MOD_ASSIGN/ADD_ASSIGN/SUB_ASSIGN/LEFT_ASSIGN/RIGHT_ASSIGN/AND_ASSIGN/XOR_ASSIGN/OR_ASSIGN/'('/')'/'['/']'/'.'/','/'&'/'*'/'+'/'-'/'/'/'%'/'<'/'>'/'^'/'|'/'='/'?'/':'
    17 expression -> • SIZEOF '(' type_name ')', yyeof/PTR_OP/INC_OP/DEC_OP/LEFT_OP/RIGHT_OP/LE_OP/GE_OP/EQ_OP/NE_OP/AND_OP/OR_OP/MUL_ASSIGN/DIV_ASSIGN/MOD_ASSIGN/ADD_ASSIGN/SUB_ASSIGN/LEFT_ASSIGN/RIGHT_ASSIGN/AND_ASSIGN/XOR_ASSIGN/OR_ASSIGN/'('/')'/'['/']'/'.'/','/'&'/'*'/'+'/'-'/'/'/'%'/'<'/'>'/'^'/'|'/'='/'?'/':'
    18 expression -> • '(' type_name ')' expression, yyeof/PTR_OP/INC_OP/DEC_OP/LEFT_OP/RIGHT_OP/LE_OP/GE_OP/EQ_OP/NE_OP/AND_OP/OR_OP/MUL_ASSIGN/DIV_ASSIGN/MOD_ASSIGN/ADD_ASSIGN/SUB_ASSIGN/LEFT_ASSIGN/RIGHT_ASSIGN/AND_ASSIGN/XOR_ASSIGN/OR_ASSIGN/'('/')'/'['/']'/'.'/','/'&'/'*'/'+'/'-'/'/'/'%'/'<'/'>'/'^'/'|'/'='/'?'/':'
    19 expression -> • '&' expression, yyeof/PTR_OP/INC_OP/DEC_OP/LEFT_OP/RIGHT_OP/LE_OP/GE_OP/EQ_OP/NE_OP/AND_OP/OR_OP/MUL_ASSIGN/DIV_ASSIGN/MOD_ASSIGN/ADD_ASSIGN/SUB_ASSIGN/LEFT_ASSIGN/RIGHT_ASSIGN/AND_ASSIGN/XOR_ASSIGN/OR_ASSIGN/'('/')'/'['/']'/'.'/','/'&'/'*'/'+'/'-'/'/'/'%'/'<'/'>'/'^'/'|'/'='/'?'/':'
    20 expression -> • '*' expression, yyeof/PTR_OP/INC_OP/DEC_OP/LEFT_OP/RIGHT_OP/LE_OP/GE_OP/EQ_OP/NE_OP/AND_OP/OR_OP/MUL_ASSIGN/DIV_ASSIGN/MOD_ASSIGN/ADD_ASSIGN/SUB_ASSIGN/LEFT_ASSIGN/RIGHT_ASSIGN/AND_ASSIGN/XOR_ASSIGN/OR_ASSIGN/'('/')'/'['/']'/'.'/','/'&'/'*'/'+'/'-'/'/'/'%'/'<'/'>'/'^'/'|'/'='/'?'/':'
    21 expression -> • '+' expression, yyeof/PTR_OP/INC_OP/DEC_OP/LEFT_OP/RIGHT_OP/LE_OP/GE_OP/EQ_OP/NE_OP/AND_OP/OR_OP/MUL_ASSIGN/DIV_ASSIGN/MOD_ASSIGN/ADD_ASSIGN/SUB_ASSIGN/LEFT_ASSIGN/RIGHT_ASSIGN/AND_ASSIGN/XOR_ASSIGN/OR_ASSIGN/'('/')'/'['/']'/'.'/','/'&'/'*'/'+'/'-'/'/'/'%'/'<'/'>'/'^'/'|'/'='/'?'/':'
    22 expression -> • '-' expression, yyeof/PTR_OP/INC_OP/DEC_OP/LEFT_OP/RIGHT_OP/LE_OP/GE_OP/EQ_OP/NE_OP/AND_OP/OR_OP/MUL_ASSIGN/DIV_ASSIGN/MOD_ASSIGN/ADD_ASSIGN/SUB_ASSIGN/LEFT_ASSIGN/RIGHT_ASSIGN/AND_ASSIGN/XOR_ASSIGN/OR_ASSIGN/'('/')'/'['/']'/'.'/','/'&'/'*'/'+'/'-'/'/'/'%'/'<'/'>'/'^'/'|'/'='/'?'/':'
    23 expression -> • '~' expression, yyeof/PTR_OP/INC_OP/DEC_OP/LEFT_OP/RIGHT_OP/LE_OP/GE_OP/EQ_OP/NE_OP/AND_OP/OR_OP/MUL_ASSIGN/DIV_ASSIGN/MOD_ASSIGN/ADD_ASSIGN/SUB_ASSIGN/LEFT_ASSIGN/RIGHT_ASSIGN/AND_ASSIGN/XOR_ASSIGN/OR_ASSIGN/'('/')'/'['/']'/'.'/','/'&'/'*'/'+'/'-'/'/'/'%'/'<'/'>'/'^'/'|'/'='/'?'/':'
    24 expression -> • '!' expression, yyeof/PTR_OP/INC_OP/DEC_OP/LEFT_OP/RIGHT_OP/LE_OP/GE_OP/EQ_OP/NE_OP/AND_OP/OR_OP/MUL_ASSIGN/DIV_ASSIGN/MOD_ASSIGN/ADD_ASSIGN/SUB_ASSIGN/LEFT_ASSIGN/RIGHT_ASSIGN/AND_ASSIGN/XOR_ASSIGN/OR_ASSIGN/'('/')'/'['/']'/'.'/','/'&'/'*'/'+'/'-'/'/'/'%'/'<'/'>'/'^'/'|'/'='/'?'/':'
    25 expression -> • expression '+' expression, yyeof/PTR_OP/INC_OP/DEC_OP/LEFT_OP/RIGHT_OP/LE_OP/GE_OP/EQ_OP/NE_OP/AND_OP/OR_OP/MUL_ASSIGN/DIV_ASSIGN/MOD_ASSIGN/ADD_ASSIGN/SUB_ASSIGN/LEFT_ASSIGN/RIGHT_ASSIGN/AND_ASSIGN/XOR_ASSIGN/OR_ASSIGN/'('/')'/'['/']'/'.'/','/'&'/'*'/'+'/'-'/'/'/'%'/'<'/'>'/'^'/'|'/'='/'?'/':'
    26 expression -> • expression '-' expression, yyeof/PTR_OP/INC_OP/DEC_OP/LEFT_OP/RIGHT_OP/LE_OP/GE_OP/EQ_OP/NE_OP/AND_OP/OR_OP/MUL_ASSIGN/DIV_ASSIGN/MOD_ASSIGN/ADD_ASSIGN/SUB_ASSIGN/LEFT_ASSIGN/RIGHT_ASSIGN/AND_ASSIGN/XOR_ASSIGN/OR_ASSIGN/'('/')'/'['/']'/'.'/','/'&'/'*'/'+'/'-'/'/'/'%'/'<'/'>'/'^'/'|'/'='/'?'/':'
    27 expression -> • expression '*' expression, yyeof/PTR_OP/INC_OP/DEC_OP/LEFT_OP/RIGHT_OP/LE_OP/GE_OP/EQ_OP/NE_OP/AND_OP/OR_OP/MUL_ASSIGN/DIV_ASSIGN/MOD_ASSIGN/ADD_ASSIGN/SUB_ASSIGN/LEFT_ASSIGN/RIGHT_ASSIGN/AND_ASSIGN/XOR_ASSIGN/OR_ASSIGN/'('/')'/'['/']'/'.'/','/'&'/'*'/'+'/'-'/'/'/'%'/'<'/'>'/'^'/'|'/'='/'?'/':'
    28 expression -> • expression '/' expression, yyeof/PTR_OP/INC_OP/DEC_OP/LEFT_OP/RIGHT_OP/LE_OP/GE_OP/EQ_OP/NE_OP/AND_OP/OR_OP/MUL_ASSIGN/DIV_ASSIGN/MOD_ASSIGN/ADD_ASSIGN/SUB_ASSIGN/LEFT_ASSIGN/RIGHT_ASSIGN/AND_ASSIGN/XOR_ASSIGN/OR_ASSIGN/'('/')'/'['/']'/'.'/','/'&'/'*'/'+'/'-'/'/'/'%'/'<'/'>'/'^'/'|'/'='/'?'/':'
    29 expression -> • expression '%' expression, yyeof/PTR_OP/INC_OP/DEC_OP/LEFT_OP/RIGHT_OP/LE_OP/GE_OP/EQ_OP/NE_OP/AND_OP/OR_OP/MUL_ASSIGN/DIV_ASSIGN/MOD_ASSIGN/ADD_ASSIGN/SUB_ASSIGN/LEFT_ASSIGN/RIGHT_ASSIGN/AND_ASSIGN/XOR_ASSIGN/OR_ASSIGN/'('/')'/'['/']'/'.'/','/'&'/'*'/'+'/'-'/'/'/'%'/'<'/'>'/'^'/'|'/'='/'?'/':'
    30 expression -> • expression LEFT_OP expression, yyeof/PTR_OP/INC_OP/DEC_OP/LEFT_OP/RIGHT_OP/LE_OP/GE_OP/EQ_OP/NE_OP/AND_OP/OR_OP/MUL_ASSIGN/DIV_ASSIGN/MOD_ASSIGN/ADD_ASSIGN/SUB_ASSIGN/LEFT_ASSIGN/RIGHT_ASSIGN/AND_ASSIGN/XOR_ASSIGN/OR_ASSIGN/'('/')'/'['/']'/'.'/','/'&'/'*'/'+'/'-'/'/'/'%'/'<'/'>'/'^'/'|'/'='/'?'/':'
    31 expression -> • expression RIGHT_OP expression, yyeof/PTR_OP/INC_OP/DEC_OP/LEFT_OP/RIGHT_OP/LE_OP/GE_OP/EQ_OP/NE_OP/AND_OP/OR_OP/MUL_ASSIGN/DIV_ASSIGN/MOD_ASSIGN/ADD_ASSIGN/SUB_ASSIGN/LEFT_ASSIGN/RIGHT_ASSIGN/AND_ASSIGN/XOR_ASSIGN/OR_ASSIGN/'('/')'/'['/']'/'.'/','/'&'/'*'/'+'/'-'/'/'/'%'/'<'/'>'/'^'/'|'/'='/'?'/':'
    32 expression -> • expression '<' expression, yyeof/PTR_OP/INC_OP/DEC_OP/LEFT_OP/RIGHT_OP/LE_OP/GE_OP/EQ_OP/NE_OP/AND_OP/OR_OP/MUL_ASSIGN/DIV_ASSIGN/MOD_ASSIGN/ADD_ASSIGN/SUB_ASSIGN/LEFT_ASSIGN/RIGHT_ASSIGN/AND_ASSIGN/XOR_ASSIGN/OR_ASSIGN/'('/')'/'['/']'/'.'/','/'&'/'*'/'+'/'-'/'/'/'%'/'<'/'>'/'^'/'|'/'='/'?'/':'
    33 expression -> • expression '>' expression, yyeof/PTR_OP/INC_OP/DEC_OP/LEFT_OP/RIGHT_OP/LE_OP/GE_OP/EQ_OP/NE_OP/AND_OP/OR_OP/MUL_ASSIGN/DIV_ASSIGN/MOD_ASSIGN/ADD_ASSIGN/SUB_ASSIGN/LEFT_ASSIGN/RIGHT_ASSIGN/AND_ASSIGN/XOR_ASSIGN/OR_ASSIGN/'('/')'/'['/']'/'.'/','/'&'/'*'/'+'/'-'/'/'/'%'/'<'/'>'/'^'/'|'/'='/'?'/':'
    34 expression -> • expression LE_OP expression, yyeof/PTR_OP/INC_OP/DEC_OP/LEFT_OP/RIGHT_OP/LE_OP/GE_OP/EQ_OP/NE_OP/AND_OP/OR_OP/MUL_ASSIGN/DIV_ASSIGN/MOD_ASSIGN/ADD_ASSIGN/SUB_ASSIGN/LEFT_ASSIGN/RIGHT_ASSIGN/AND_ASSIGN/XOR_ASSIGN/OR_ASSIGN/'('/')'/'['/']'/'.'/','/'&'/'*'/'+'/'-'/'/'/'%'/'<'/'>'/'^'/'|'/'='/'?'/':'
    35 expression -> • expression GE_OP expression, yyeof/PTR_OP/INC_OP/DEC_OP/LEFT_OP/RIGHT_OP/LE_OP/GE_OP/EQ_OP/NE_OP/AND_OP/OR_OP/MUL_ASSIGN/DIV_ASSIGN/MOD_ASSIGN/ADD_ASSIGN/SUB_ASSIGN/LEFT_ASSIGN/RIGHT_ASSIGN/AND_ASSIGN/XOR_ASSIGN/OR_ASSIGN/'('/')'/'['/']'/'.'/','/'&'/'*'/'+'/'-'/'/'/'%'/'<'/'>'/'^'/'|'/'='/'?'/':'
    36 expression -> • expression EQ_OP expression, yyeof/PTR_OP/INC_OP/DEC_OP/LEFT_OP/RIGHT_OP/LE_OP/GE_OP/EQ_OP/NE_OP/AND_OP/OR_OP/MUL_ASSIGN/DIV_ASSIGN/MOD_ASSIGN/ADD_ASSIGN/SUB_ASSIGN/LEFT_ASSIGN/RIGHT_ASSIGN/AND_ASSIGN/XOR_ASSIGN/OR_ASSIGN/'('/')'/'['/']'/'.'/','/'&'/'*'/'+'/'-'/'/'/'%'/'<'/'>'/'^'/'|'/'='/'?'/':'
    37 expression -> • expression NE_OP expression, yyeof/PTR_OP/INC_OP/DEC_OP/LEFT_OP/RIGHT_OP/LE_OP/GE_OP/EQ_OP/NE_OP/AND_OP/OR_OP/MUL_ASSIGN/DIV_ASSIGN/MOD_ASSIGN/ADD_ASSIGN/SUB_ASSIGN/LEFT_ASSIGN/RIGHT_ASSIGN/AND_ASSIGN/XOR_ASSIGN/OR_ASSIGN/'('/')'/'['/']'/'.'/','/'&'/'*'/'+'/'-'/'/'/'%'/'<'/'>'/'^'/'|'/'='/'?'/':'
    38 expression -> • expression '&' expression, yyeof/PTR_OP/INC_OP/DEC_OP/LEFT_OP/RIGHT_OP/LE_OP/GE_OP/EQ_OP/NE_OP/AND_OP/OR_OP/MUL_ASSIGN/DIV_ASSIGN/MOD_ASSIGN/ADD_ASSIGN/SUB_ASSIGN/LEFT_ASSIGN/RIGHT_ASSIGN/AND_ASSIGN/XOR_ASSIGN/OR_ASSIGN/'('/')'/'['/']'/'.'/','/'&'/'*'/'+'/'-'/'/'/'%'/'<'/'>'/'^'/'|'/'='/'?'/':'
    39 expression -> • expression '^' expression, yyeof/PTR_OP/INC_OP/DEC_OP/LEFT_OP/RIGHT_OP/LE_OP/GE_OP/EQ_OP/NE_OP/AND_OP/OR_OP/MUL_ASSIGN/DIV_ASSIGN/MOD_ASSIGN/ADD_ASSIGN/SUB_ASSIGN/LEFT_ASSIGN/RIGHT_ASSIGN/AND_ASSIGN/XOR_ASSIGN/OR_ASSIGN/'('/')'/'['/']'/'.'/','/'&'/'*'/'+'/'-'/'/'/'%'/'<'/'>'/'^'/'|'/'='/'?'/':'
    40 expression -> • expression '|' expression, yyeof/PTR_OP/INC_OP/DEC_OP/LEFT_OP/RIGHT_OP/LE_OP/GE_OP/EQ_OP/NE_OP/AND_OP/OR_OP/MUL_ASSIGN/DIV_ASSIGN/MOD_ASSIGN/ADD_ASSIGN/SUB_ASSIGN/LEFT_ASSIGN/RIGHT_ASSIGN/AND_ASSIGN/XOR_ASSIGN/OR_ASSIGN/'('/')'/'['/']'/'.'/','/'&'/'*'/'+'/'-'/'/'/'%'/'<'/'>'/'^'/'|'/'='/'?'/':'
    41 expression -> • expression AND_OP expression, yyeof/PTR_OP/INC_OP/DEC_OP/LEFT_OP/RIGHT_OP/LE_OP/GE_OP/EQ_OP/NE_OP/AND_OP/OR_OP/MUL_ASSIGN/DIV_ASSIGN/MOD_ASSIGN/ADD_ASSIGN/SUB_ASSIGN/LEFT_ASSIGN/RIGHT_ASSIGN/AND_ASSIGN/XOR_ASSIGN/OR_ASSIGN/'('/')'/'['/']'/'.'/','/'&'/'*'/'+'/'-'/'/'/'%'/'<'/'>'/'^'/'|'/'='/'?'/':'
    42 expression -> • expression OR_OP expression, yyeof/PTR_OP/INC_OP/DEC_OP/LEFT_OP/RIGHT_OP/LE_OP/GE_OP/EQ_OP/NE_OP/AND_OP/OR_OP/MUL_ASSIGN/DIV_ASSIGN/MOD_ASSIGN/ADD_ASSIGN/SUB_ASSIGN/LEFT_ASSIGN/RIGHT_ASSIGN/AND_ASSIGN/XOR_ASSIGN/OR_ASSIGN/'('/')'/'['/']'/'.'/','/'&'/'*'/'+'/'-'/'/'/'%'/'<'/'>'/'^'/'|'/'='/'?'/':'
    43 expression -> • expression '=' expression, yyeof/PTR_OP/INC_OP/DEC_OP/LEFT_OP/RIGHT_OP/LE_OP/GE_OP/EQ_OP/NE_OP/AND_OP/OR_OP/MUL_ASSIGN/DIV_ASSIGN/MOD_ASSIGN/ADD_ASSIGN/SUB_ASSIGN/LEFT_ASSIGN/RIGHT_ASSIGN/AND_ASSIGN/XOR_ASSIGN/OR_ASSIGN/'('/')'/'['/']'/'.'/','/'&'/'*'/'+'/'-'/'/'/'%'/'<'/'>'/'^'/'|'/'='/'?'/':'
    44 expression -> • expression MUL_ASSIGN expression, yyeof/PTR_OP/INC_OP/DEC_OP/LEFT_OP/RIGHT_OP/LE_OP/GE_OP/EQ_OP/NE_OP/AND_OP/OR_OP/MUL_ASSIGN/DIV_ASSIGN/MOD_ASSIGN/ADD_ASSIGN/SUB_ASSIGN/LEFT_ASSIGN/RIGHT_ASSIGN/AND_ASSIGN/XOR_ASSIGN/OR_ASSIGN/'('/')'/'['/']'/'.'/','/'&'/'*'/'+'/'-'/'/'/'%'/'<'/'>'/'^'/'|'/'='/'?'/':'
    45 expression -> • expression DIV_ASSIGN expression, yyeof/PTR_OP/INC_OP/DEC_OP/LEFT_OP/RIGHT_OP/LE_OP/GE_OP/EQ_OP/NE_OP/AND_OP/OR_OP/MUL_ASSIGN/DIV_ASSIGN/MOD_ASSIGN/ADD_ASSIGN/SUB_ASSIGN/LEFT_ASSIGN/RIGHT_ASSIGN/AND_ASSIGN/XOR_ASSIGN/OR_ASSIGN/'('/')'/'['/']'/'.'/','/'&'/'*'/'+'/'-'/'/'/'%'/'<'/'>'/'^'/'|'/'='/'?'/':'
    46 expression -> • expression MOD_ASSIGN expression, yyeof/PTR_OP/INC_OP/DEC_OP/LEFT_OP/RIGHT_OP/LE_OP/GE_OP/EQ_OP/NE_OP/AND_OP/OR_OP/MUL_ASSIGN/DIV_ASSIGN/MOD_ASSIGN/ADD_ASSIGN/SUB_ASSIGN/LEFT_ASSIGN/RIGHT_ASSIGN/AND_ASSIGN/XOR_ASSIGN/OR_ASSIGN/'('/')'/'['/']'/'.'/','/'&'/'*'/'+'/'-'/'/'/'%'/'<'/'>'/'^'/'|'/'='/'?'/':'
    47 expression -> • expression ADD_ASSIGN expression, yyeof/PTR_OP/INC_OP/DEC_OP/LEFT_OP/RIGHT_OP/LE_OP/GE_OP/EQ_OP/NE_OP/AND_OP/OR_OP/MUL_ASSIGN/DIV_ASSIGN/MOD_ASSIGN/ADD_ASSIGN/SUB_ASSIGN/LEFT_ASSIGN/RIGHT_ASSIGN/AND_ASSIGN/XOR_ASSIGN/OR_ASSIGN/'('/')'/'['/']'/'.'/','/'&'/'*'/'+'/'-'/'/'/'%'/'<'/'>'/'^'/'|'/'='/'?'/':'
    48 expression -> • expression SUB_ASSIGN expression, yyeof/PTR_OP/INC_OP/DEC_OP/LEFT_OP/RIGHT_OP/LE_OP/GE_OP/EQ_OP/NE_OP/AND_OP/OR_OP/MUL_ASSIGN/DIV_ASSIGN/MOD_ASSIGN/ADD_ASSIGN/SUB_ASSIGN/LEFT_ASSIGN/RIGHT_ASSIGN/AND_ASSIGN/XOR_ASSIGN/OR_ASSIGN/'('/')'/'['/']'/'.'/','/'&'/'*'/'+'/'-'/'/'/'%'/'<'/'>'/'^'/'|'/'='/'?'/':'
    49 expression -> • expression LEFT_ASSIGN expression, yyeof/PTR_OP/INC_OP/DEC_OP/LEFT_OP/RIGHT_OP/LE_OP/GE_OP/EQ_OP/NE_OP/AND_OP/OR_OP/MUL_ASSIGN/DIV_ASSIGN/MOD_ASSIGN/ADD_ASSIGN/SUB_ASSIGN/LEFT_ASSIGN/RIGHT_ASSIGN/AND_ASSIGN/XOR_ASSIGN/OR_ASSIGN/'('/')'/'['/']'/'.'/','/'&'/'*'/'+'/'-'/'/'/'%'/'<'/'>'/'^'/'|'/'='/'?'/':'
    50 expression -> • expression RIGHT_ASSIGN expression, yyeof/PTR_OP/INC_OP/DEC_OP/LEFT_OP/RIGHT_OP/LE_OP/GE_OP/EQ_OP/NE_OP/AND_OP/OR_OP/MUL_ASSIGN/DIV_ASSIGN/MOD_ASSIGN/ADD_ASSIGN/SUB_ASSIGN/LEFT_ASSIGN/RIGHT_ASSIGN/AND_ASSIGN/XOR_ASSIGN/OR_ASSIGN/'('/')'/'['/']'/'.'/','/'&'/'*'/'+'/'-'/'/'/'%'/'<'/'>'/'^'/'|'/'='/'?'/':'
    51 expression -> • expression AND_ASSIGN expression, yyeof/PTR_OP/INC_OP/DEC_OP/LEFT_OP/RIGHT_OP/LE_OP/GE_OP/EQ_OP/NE_OP/AND_OP/OR_OP/MUL_ASSIGN/DIV_ASSIGN/MOD_ASSIGN/ADD_ASSIGN/SUB_ASSIGN/LEFT_ASSIGN/RIGHT_ASSIGN/AND_ASSIGN/XOR_ASSIGN/OR_ASSIGN/'('/')'/'['/']'/'.'/','/'&'/'*'/'+'/'-'/'/'/'%'/'<'/'>'/'^'/'|'/'='/'?'/':'
    52 expression -> • expression XOR_ASSIGN expression, yyeof/PTR_OP/INC_OP/DEC_OP/LEFT_OP/RIGHT_OP/LE_OP/GE_OP/EQ_OP/NE_OP/AND_OP/OR_OP/MUL_ASSIGN/DIV_ASSIGN/MOD_ASSIGN/ADD_ASSIGN/SUB_ASSIGN/LEFT_ASSIGN/RIGHT_ASSIGN/AND_ASSIGN/XOR_ASSIGN/OR_ASSIGN/'('/')'/'['/']'/'.'/','/'&'/'*'/'+'/'-'/'/'/'%'/'<'/'>'/'^'/'|'/'='/'?'/':'
    53 expression -> • expression OR_ASSIGN expression, yyeof/PTR_OP/INC_OP/DEC_OP/LEFT_OP/RIGHT_OP/LE_OP/GE_OP/EQ_OP/NE_OP/AND_OP/OR_OP/MUL_ASSIGN/DIV_ASSIGN/MOD_ASSIGN/ADD_ASSIGN/SUB_ASSIGN/LEFT_ASSIGN/RIGHT_ASSIGN/AND_ASSIGN/XOR_ASSIGN/OR_ASSIGN/'('/')'/'['/']'/'.'/','/'&'/'*'/'+'/'-'/'/'/'%'/'<'/'>'/'^'/'|'/'='/'?'/':'
    53 expression -> expression OR_ASSIGN • expression, yyeof/PTR_OP/INC_OP/DEC_OP/LEFT_OP/RIGHT_OP/LE_OP/GE_OP/EQ_OP/NE_OP/AND_OP/OR_OP/MUL_ASSIGN/DIV_ASSIGN/MOD_ASSIGN/ADD_ASSIGN/SUB_ASSIGN/LEFT_ASSIGN/RIGHT_ASSIGN/AND_ASSIGN/XOR_ASSIGN/OR_ASSIGN/'('/')'/'['/']'/'.'/','/'&'/'*'/'+'/'-'/'/'/'%'/'<'/'>'/'^'/'|'/'='/'?'/':'
    54 expression -> • expression ',' expression, yyeof/PTR_OP/INC_OP/DEC_OP/LEFT_OP/RIGHT_OP/LE_OP/GE_OP/EQ_OP/NE_OP/AND_OP/OR_OP/MUL_ASSIGN/DIV_ASSIGN/MOD_ASSIGN/ADD_ASSIGN/SUB_ASSIGN/LEFT_ASSIGN/RIGHT_ASSIGN/AND_ASSIGN/XOR_ASSIGN/OR_ASSIGN/'('/')'/'['/']'/'.'/','/'&'/'*'/'+'/'-'/'/'/'%'/'<'/'>'/'^'/'|'/'='/'?'/':'
    55 expression -> • expression '?' expression ':' expression, yyeof/PTR_OP/INC_OP/DEC_OP/LEFT_OP/RIGHT_OP/LE_OP/GE_OP/EQ_OP/NE_OP/AND_OP/OR_OP/MUL_ASSIGN/DIV_ASSIGN/MOD_ASSIGN/ADD_ASSIGN/SUB_ASSIGN/LEFT_ASSIGN/RIGHT_ASSIGN/AND_ASSIGN/XOR_ASSIGN/OR_ASSIGN/'('/')'/'['/']'/'.'/','/'&'/'*'/'+'/'-'/'/'/'%'/'<'/'>'/'^'/'|'/'='/'?'/':'

    IDENTIFIER shift, and go to state 1
    STRING_LITERAL shift, and go to state 2
    CONSTANT shift, and go to state 3
    SIZEOF shift, and go to state 4
    INC_OP shift, and go to state 5
    DEC_OP shift, and go to state 6
    '(' shift, and go to state 9
    '&' shift, and go to state 10
    '*' shift, and go to state 11
    '+' shift, and go to state 12
    '-' shift, and go to state 13
    '~' shift, and go to state 14
    '!' shift, and go to state 15

    expression go to state 84


State 41

    2 expression -> • IDENTIFIER, PTR_OP/INC_OP/DEC_OP/LEFT_OP/RIGHT_OP/LE_OP/GE_OP/EQ_OP/NE_OP/AND_OP/OR_OP/MUL_ASSIGN/DIV_ASSIGN/MOD_ASSIGN/ADD_ASSIGN/SUB_ASSIGN/LEFT_ASSIGN/RIGHT_ASSIGN/AND_ASSIGN/XOR_ASSIGN/OR_ASSIGN/'('/')'/'['/'.'/','/'&'/'*'/'+'/'-'/'/'/'%'/'<'/'>'/'^'/'|'/'='/'?'
    3 expression -> • CONSTANT, PTR_OP/INC_OP/DEC_OP/LEFT_OP/RIGHT_OP/LE_OP/GE_OP/EQ_OP/NE_OP/AND_OP/OR_OP/MUL_ASSIGN/DIV_ASSIGN/MOD_ASSIGN/ADD_ASSIGN/SUB_ASSIGN/LEFT_ASSIGN/RIGHT_ASSIGN/AND_ASSIGN/XOR_ASSIGN/OR_ASSIGN/'('/')'/'['/'.'/','/'&'/'*'/'+'/'-'/'/'/'%'/'<'/'>'/'^'/'|'/'='/'?'
    4 expression -> • STRING_LITERAL, PTR_OP/INC_OP/DEC_OP/LEFT_OP/RIGHT_OP/LE_OP/GE_OP/EQ_OP/NE_OP/AND_OP/OR_OP/MUL_ASSIGN/DIV_ASSIGN/MOD_ASSIGN/ADD_ASSIGN/SUB_ASSIGN/LEFT_ASSIGN/RIGHT_ASSIGN/AND_ASSIGN/XOR_ASSIGN/OR_ASSIGN/'('/')'/'['/'.'/','/'&'/'*'/'+'/'-'/'/'/'%'/'<'/'>'/'^'/'|'/'='/'?'
    5 expression -> • '(' expression ')', PTR_OP/INC_OP/DEC_OP/LEFT_OP/RIGHT_OP/LE_OP/GE_OP/EQ_OP/NE_OP/AND_OP/OR_OP/MUL_ASSIGN/DIV_ASSIGN/MOD_ASSIGN/ADD_ASSIGN/SUB_ASSIGN/LEFT_ASSIGN/RIGHT_ASSIGN/AND_ASSIGN/XOR_ASSIGN/OR_ASSIGN/'('/')'/'['/'.'/','/'&'/'*'/'+'/'-'/'/'/'%'/'<'/'>'/'^'/'|'/'='/'?'
    6 expression -> • expression '[' expression ']', PTR_OP/INC_OP/DEC_OP/LEFT_OP/RIGHT_OP/LE_OP/GE_OP/EQ_OP/NE_OP/AND_OP/OR_OP/MUL_ASSIGN/DIV_ASSIGN/MOD_ASSIGN/ADD_ASSIGN/SUB_ASSIGN/LEFT_ASSIGN/RIGHT_ASSIGN/AND_ASSIGN/XOR_ASSIGN/OR_ASSIGN/'('/')'/'['/'.'/','/'&'/'*'/'+'/'-'/'/'/'%'/'<'/'>'/'^'/'|'/'='/'?'
    7 expression -> • expression '(' ')', PTR_OP/INC_OP/DEC_OP/LEFT_OP/RIGHT_OP/LE_OP/GE_OP/EQ_OP/NE_OP/AND_OP/OR_OP/MUL_ASSIGN/DIV_ASSIGN/MOD_ASSIGN/ADD_ASSIGN/SUB_ASSIGN/LEFT_ASSIGN/RIGHT_ASSIGN/AND_ASSIGN/XOR_ASSIGN/OR_ASSIGN/'('/')'/'['/'.'/','/'&'/'*'/'+'/'-'/'/'/'%'/'<'/'>'/'^'/'|'/'='/'?'
    7 expression -> expression '(' • ')', yyeof/PTR_OP/INC_OP/DEC_OP/LEFT_OP/RIGHT_OP/LE_OP/GE_OP/EQ_OP/NE_OP/AND_OP/OR_OP/MUL_ASSIGN/DIV_ASSIGN/MOD_ASSIGN/ADD_ASSIGN/SUB_ASSIGN/LEFT_ASSIGN/RIGHT_ASSIGN/AND_ASSIGN/XOR_ASSIGN/OR_ASSIGN/'('/')'/'['/']'/'.'/','/'&'/'*'/'+'/'-'/'/'/'%'/'<'/'>'/'^'/'|'/'='/'?'/':'
    8 expression -> • expression '(' expression ')', PTR_OP/INC_OP/DEC_OP/LEFT_OP/RIGHT_OP/LE_OP/GE_OP/EQ_OP/NE_OP/AND_OP/OR_OP/MUL_ASSIGN/DIV_ASSIGN/MOD_ASSIGN/ADD_ASSIGN/SUB_ASSIGN/LEFT_ASSIGN/RIGHT_ASSIGN/AND_ASSIGN/XOR_ASSIGN/OR_ASSIGN/'('/')'/'['/'.'/','/'&'/'*'/'+'/'-'/'/'/'%'/'<'/'>'/'^'/'|'/'='/'?'
    8 expression -> expression '(' • expression ')', yyeof/PTR_OP/INC_OP/DEC_OP/LEFT_OP/RIGHT_OP/LE_OP/GE_OP/EQ_OP/NE_OP/AND_OP/OR_OP/MUL_ASSIGN/DIV_ASSIGN/MOD_ASSIGN/ADD_ASSIGN/SUB_ASSIGN/LEFT_ASSIGN/RIGHT_ASSIGN/AND_ASSIGN/XOR_ASSIGN/OR_ASSIGN/'('/')'/'['/']'/'.'/','/'&'/'*'/'+'/'-'/'/'/'%'/'<'/'>'/'^'/'|'/'='/'?'/':'
    9 expression -> • expression '.' IDENTIFIER, PTR_OP/INC_OP/DEC_OP/LEFT_OP/RIGHT_OP/LE_OP/GE_OP/EQ_OP/NE_OP/AND_OP/OR_OP/MUL_ASSIGN/DIV_ASSIGN/MOD_ASSIGN/ADD_ASSIGN/SUB_ASSIGN/LEFT_ASSIGN/RIGHT_ASSIGN/AND_ASSIGN/XOR_ASSIGN/OR_ASSIGN/'('/')'/'['/'.'/','/'&'/'*'/'+'/'-'/'/'/'%'/'<'/'>'/'^'/'|'/'='/'?'
    10 expression -> • expression PTR_OP IDENTIFIER, PTR_OP/INC_OP/DEC_OP/LEFT_OP/RIGHT_OP/LE_OP/GE_OP/EQ_OP/NE_OP/AND_OP/OR_OP/MUL_ASSIGN/DIV_ASSIGN/MOD_ASSIGN/ADD_ASSIGN/SUB_ASSIGN/LEFT_ASSIGN/RIGHT_ASSIGN/AND_ASSIGN/XOR_ASSIGN/OR_ASSIGN/'('/')'/'['/'.'/','/'&'/'*'/'+'/'-'/'/'/'%'/'<'/'>'/'^'/'|'/'='/'?'
    11 expression -> • expression INC_OP, PTR_OP/INC_OP/DEC_OP/LEFT_OP/RIGHT_OP/LE_OP/GE_OP/EQ_OP/NE_OP/AND_OP/OR_OP/MUL_ASSIGN/DIV_ASSIGN/MOD_ASSIGN/ADD_ASSIGN/SUB_ASSIGN/LEFT_ASSIGN/RIGHT_ASSIGN/AND_ASSIGN/XOR_ASSIGN/OR_ASSIGN/'('/')'/'['/'.'/','/'&'/'*'/'+'/'-'/'/'/'%'/'<'/'>'/'^'/'|'/'='/'?'
    12 expression -> • expression DEC_OP, PTR_OP/INC_OP/DEC_OP/LEFT_OP/RIGHT_OP/LE_OP/GE_OP/EQ_OP/NE_OP/AND_OP/OR_OP/MUL_ASSIGN/DIV_ASSIGN/MOD_ASSIGN/ADD_ASSIGN/SUB_ASSIGN/LEFT_ASSIGN/RIGHT_ASSIGN/AND_ASSIGN/XOR_ASSIGN/OR_ASSIGN/'('/')'/'['/'.'/','/'&'/'*'/'+'/'-'/'/'/'%'/'<'/'>'/'^'/'|'/'='/'?'
    13 expression -> • expression ',' expression, PTR_OP/INC_OP/DEC_OP/LEFT_OP/RIGHT_OP/LE_OP/GE_OP/EQ_OP/NE_OP/AND_OP/OR_OP/MUL_ASSIGN/DIV_ASSIGN/MOD_ASSIGN/ADD_ASSIGN/SUB_ASSIGN/LEFT_ASSIGN/RIGHT_ASSIGN/AND_ASSIGN/XOR_ASSIGN/OR_ASSIGN/'('/')'/'['/'.'/','/'&'/'*'/'+'/'-'/'/'/'%'/'<'/'>'/'^'/'|'/'='/'?'
    14 expression -> • INC_OP expression, PTR_OP/INC_OP/DEC_OP/LEFT_OP/RIGHT_OP/LE_OP/GE_OP/EQ_OP/NE_OP/AND_OP/OR_OP/MUL_ASSIGN/DIV_ASSIGN/MOD_ASSIGN/ADD_ASSIGN/SUB_ASSIGN/LEFT_ASSIGN/RIGHT_ASSIGN/AND_ASSIGN/XOR_ASSIGN/OR_ASSIGN/'('/')'/'['/'.'/','/'&'/'*'/'+'/'-'/'/'/'%'/'<'/'>'/'^'/'|'/'='/'?'
    15 expression -> • DEC_OP expression, PTR_OP/INC_OP/DEC_OP/LEFT_OP/RIGHT_OP/LE_OP/GE_OP/EQ_OP/NE_OP/AND_OP/OR_OP/MUL_ASSIGN/DIV_ASSIGN/MOD_ASSIGN/ADD_ASSIGN/SUB_ASSIGN/LEFT_ASSIGN/RIGHT_ASSIGN/AND_ASSIGN/XOR_ASSIGN/OR_ASSIGN/'('/')'/'['/'.'/','/'&'/'*'/'+'/'-'/'/'/'%'/'<'/'>'/'^'/'|'/'='/'?'
    16 expression -> • SIZEOF expression, PTR_OP/INC_OP/DEC_OP/LEFT_OP/RIGHT_OP/LE_OP/GE_OP/EQ_OP/NE_OP/AND_OP/OR_OP/MUL_ASSIGN/DIV_ASSIGN/MOD_ASSIGN/ADD_ASSIGN/SUB_ASSIGN/LEFT_ASSIGN/RIGHT_ASSIGN/AND_ASSIGN/XOR_ASSIGN/OR_ASSIGN/'('/')'/'['/'.'/','/'&'/'*'/'+'/'-'/'/'/'%'/'<'/'>'/'^'/'|'/'='/'?'
    17 expression -> • SIZEOF '(' type_name ')', PTR_OP/INC_OP/DEC_OP/LEFT_OP/RIGHT_OP/LE_OP/GE_OP/EQ_OP/NE_OP/AND_OP/OR_OP/MUL_ASSIGN/DIV_ASSIGN/MOD_ASSIGN/ADD_ASSIGN/SUB_ASSIGN/LEFT_ASSIGN/RIGHT_ASSIGN/AND_ASSIGN/XOR_ASSIGN/OR_ASSIGN/'('/')'/'['/'.'/','/'&'/'*'/'+'/'-'/'/'/'%'/'<'/'>'/'^'/'|'/'='/'?'
    18 expression -> • '(' type_name ')' expression, PTR_OP/INC_OP/DEC_OP/LEFT_OP/RIGHT_OP/LE_OP/GE_OP/EQ_OP/NE_OP/AND_OP/OR_OP/MUL_ASSIGN/DIV_ASSIGN/MOD_ASSIGN/ADD_ASSIGN/SUB_ASSIGN/LEFT_ASSIGN/RIGHT_ASSIGN/AND_ASSIGN/XOR_ASSIGN/OR_ASSIGN/'('/')'/'['/'.'/','/'&'/'*'/'+'/'-'/'/'/'%'/'<'/'>'/'^'/'|'/'='/'?'
    19 expression -> • '&' expression, PTR_OP/INC_OP/DEC_OP/LEFT_OP/RIGHT_OP/LE_OP/GE_OP/EQ_OP/NE_OP/AND_OP/OR_OP/MUL_ASSIGN/DIV_ASSIGN/MOD_ASSIGN/ADD_ASSIGN/SUB_ASSIGN/LEFT_ASSIGN/RIGHT_ASSIGN/AND_ASSIGN/XOR_ASSIGN/OR_ASSIGN/'('/')'/'['/'.'/','/'&'/'*'/'+'/'-'/'/'/'%'/'<'/'>'/'^'/'|'/'='/'?'
    20 expression -> • '*' expression, PTR_OP/INC_OP/DEC_OP/LEFT_OP/RIGHT_OP/LE_OP/GE_OP/EQ_OP/NE_OP/AND_OP/OR_OP/MUL_ASSIGN/DIV_ASSIGN/MOD_ASSIGN/ADD_ASSIGN/SUB_ASSIGN/LEFT_ASSIGN/RIGHT_ASSIGN/AND_ASSIGN/XOR_ASSIGN/OR_ASSIGN/'('/')'/'['/'.'/','/'&'/'*'/'+'/'-'/'/'/'%'/'<'/'>'/'^'/'|'/'='/'?'
    21 expression -> • '+' expression, PTR_OP/INC_OP/DEC_OP/LEFT_OP/RIGHT_OP/LE_OP/GE_OP/EQ_OP/NE_OP/AND_OP/OR_OP/MUL_ASSIGN/DIV_ASSIGN/MOD_ASSIGN/ADD_ASSIGN/SUB_ASSIGN/LEFT_ASSIGN/RIGHT_ASSIGN/AND_ASSIGN/XOR_ASSIGN/OR_ASSIGN/'('/')'/'['/'.'/','/'&'/'*'/'+'/'-'/'/'/'%'/'<'/'>'/'^'/'|'/'='/'?'
    22 expression -> • '-' expression, PTR_OP/INC_OP/DEC_OP/LEFT_OP/RIGHT_OP/LE_OP/GE_OP/EQ_OP/NE_OP/AND_OP/OR_OP/MUL_ASSIGN/DIV_ASSIGN/MOD_ASSIGN/ADD_ASSIGN/SUB_ASSIGN/LEFT_ASSIGN/RIGHT_ASSIGN/AND_ASSIGN/XOR_ASSIGN/OR_ASSIGN/'('/')'/'['/'.'/','/'&'/'*'/'+'/'-'/'/'/'%'/'<'/'>'/'^'/'|'/'='/'?'
    23 expression -> • '~' expression, PTR_OP/INC_OP/DEC_OP/LEFT_OP/RIGHT_OP/LE_OP/GE_OP/EQ_OP/NE_OP/AND_OP/OR_OP/MUL_ASSIGN/DIV_ASSIGN/MOD_ASSIGN/ADD_ASSIGN/SUB_ASSIGN/LEFT_ASSIGN/RIGHT_ASSIGN/AND_ASSIGN/XOR_ASSIGN/OR_ASSIGN/'('/')'/'['/'.'/','/'&'/'*'/'+'/'-'/'/'/'%'/'<'/'>'/'^'/'|'/'='/'?'
    24 expression -> • '!' expression, PTR_OP/INC_OP/DEC_OP/LEFT_OP/RIGHT_OP/LE_OP/GE_OP/EQ_OP/NE_OP/AND_OP/OR_OP/MUL_ASSIGN/DIV_ASSIGN/MOD_ASSIGN/ADD_ASSIGN/SUB_ASSIGN/LEFT_ASSIGN/RIGHT_ASSIGN/AND_ASSIGN/XOR_ASSIGN/OR_ASSIGN/'('/')'/'['/'.'/','/'&'/'*'/'+'/'-'/'/'/'%'/'<'/'>'/'^'/'|'/'='/'?'
    25 expression -> • expression '+' expression, PTR_OP/INC_OP/DEC_OP/LEFT_OP/RIGHT_OP/LE_OP/GE_OP/EQ_OP/NE_OP/AND_OP/OR_OP/MUL_ASSIGN/DIV_ASSIGN/MOD_ASSIGN/ADD_ASSIGN/SUB_ASSIGN/LEFT_ASSIGN/RIGHT_ASSIGN/AND_ASSIGN/XOR_ASSIGN/OR_ASSIGN/'('/')'/'['/'.'/','/'&'/'*'/'+'/'-'/'/'/'%'/'<'/'>'/'^'/'|'/'='/'?'
    26 expression -> • expression '-' expression, PTR_OP/INC_OP/DEC_OP/LEFT_OP/RIGHT_OP/LE_OP/GE_OP/EQ_OP/NE_OP/AND_OP/OR_OP/MUL_ASSIGN/DIV_ASSIGN/MOD_ASSIGN/ADD_ASSIGN/SUB_ASSIGN/LEFT_ASSIGN/RIGHT_ASSIGN/AND_ASSIGN/XOR_ASSIGN/OR_ASSIGN/'('/')'/'['/'.'/','/'&'/'*'/'+'/'-'/'/'/'%'/'<'/'>'/'^'/'|'/'='/'?'
    27 expression -> • expression '*' expression, PTR_OP/INC_OP/DEC_OP/LEFT_OP/RIGHT_OP/LE_OP/GE_OP/EQ_OP/NE_OP/AND_OP/OR_OP/MUL_ASSIGN/DIV_ASSIGN/MOD_ASSIGN/ADD_ASSIGN/SUB_ASSIGN/LEFT_ASSIGN/RIGHT_ASSIGN/AND_ASSIGN/XOR_ASSIGN/OR_ASSIGN/'('/')'/'['/'.'/','/'&'/'*'/'+'/'-'/'/'/'%'/'<'/'>'/'^'/'|'/'='/'?'
    28 expression -> • expression '/' expression, PTR_OP/INC_OP/DEC_OP/LEFT_OP/RIGHT_OP/LE_OP/GE_OP/EQ_OP/NE_OP/AND_OP/OR_OP/MUL_ASSIGN/DIV_ASSIGN/MOD_ASSIGN/ADD_ASSIGN/SUB_ASSIGN/LEFT_ASSIGN/RIGHT_ASSIGN/AND_ASSIGN/XOR_ASSIGN/OR_ASSIGN/'('/')'/'['/'.'/','/'&'/'*'/'+'/'-'/'/'/'%'/'<'/'>'/'^'/'|'/'='/'?'
    29 expression -> • expression '%' expression, PTR_OP/INC_OP/DEC_OP/LEFT_OP/RIGHT_OP/LE_OP/GE_OP/EQ_OP/NE_OP/AND_OP/OR_OP/MUL_ASSIGN/DIV_ASSIGN/MOD_ASSIGN/ADD_ASSIGN/SUB_ASSIGN/LEFT_ASSIGN/RIGHT_ASSIGN/AND_ASSIGN/XOR_ASSIGN/OR_ASSIGN/'('/')'/'['/'.'/','/'&'/'*'/'+'/'-'/'/'/'%'/'<'/'>'/'^'/'|'/'='/'?'
    30 expression -> • expression LEFT_OP expression, PTR_OP/INC_OP/DEC_OP/LEFT_OP/RIGHT_OP/LE_OP/GE_OP/EQ_OP/NE_OP/AND_OP/OR_OP/MUL_ASSIGN/DIV_ASSIGN/MOD_ASSIGN/ADD_ASSIGN/SUB_ASSIGN/LEFT_ASSIGN/RIGHT_ASSIGN/AND_ASSIGN/XOR_ASSIGN/OR_ASSIGN/'('/')'/'['/'.'/','/'&'/'*'/'+'/'-'/'/'/'%'/'<'/'>'/'^'/'|'/'='/'?'
    31 expression -> • expression RIGHT_OP expression, PTR_OP/INC_OP/DEC_OP/LEFT_OP/RIGHT_OP/LE_OP/GE_OP/EQ_OP/NE_OP/AND_OP/OR_OP/MUL_ASSIGN/DIV_ASSIGN/MOD_ASSIGN/ADD_ASSIGN/SUB_ASSIGN/LEFT_ASSIGN/RIGHT_ASSIGN/AND_ASSIGN/XOR_ASSIGN/OR_ASSIGN/'('/')'/'['/'.'/','/'&'/'*'/'+'/'-'/'/'/'%'/'<'/'>'/'^'/'|'/'='/'?'
    32 expression -> • expression '<' expression, PTR_OP/INC_OP/DEC_OP/LEFT_OP/RIGHT_OP/LE_OP/GE_OP/EQ_OP/NE_OP/AND_OP/OR_OP/MUL_ASSIGN/DIV_ASSIGN/MOD_ASSIGN/ADD_ASSIGN/SUB_ASSIGN/LEFT_ASSIGN/RIGHT_ASSIGN/AND_ASSIGN/XOR_ASSIGN/OR_ASSIGN/'('/')'/'['/'.'/','/'&'/'*'/'+'/'-'/'/'/'%'/'<'/'>'/'^'/'|'/'='/'?'
    33 expression -> • expression '>' expression, PTR_OP/INC_OP/DEC_OP/LEFT_OP/RIGHT_OP/LE_OP/GE_OP/EQ_OP/NE_OP/AND_OP/OR_OP/MUL_ASSIGN/DIV_ASSIGN/MOD_ASSIGN/ADD_ASSIGN/SUB_ASSIGN/LEFT_ASSIGN/RIGHT_ASSIGN/AND_ASSIGN/XOR_ASSIGN/OR_ASSIGN/'('/')'/'['/'.'/','/'&'/'*'/'+'/'-'/'/'/'%'/'<'/'>'/'^'/'|'/'='/'?'
    34 expression -> • expression LE_OP expression, PTR_OP/INC_OP/DEC_OP/LEFT_OP/RIGHT_OP/LE_OP/GE_OP/EQ_OP/NE_OP/AND_OP/OR_OP/MUL_ASSIGN/DIV_ASSIGN/MOD_ASSIGN/ADD_ASSIGN/SUB_ASSIGN/LEFT_ASSIGN/RIGHT_ASSIGN/AND_ASSIGN/XOR_ASSIGN/OR_ASSIGN/'('/')'/'['/'.'/','/'&'/'*'/'+'/'-'/'/'/'%'/'<'/'>'/'^'/'|'/'='/'?'
    35 expression -> • expression GE_OP expression, PTR_OP/INC_OP/DEC_OP/LEFT_OP/RIGHT_OP/LE_OP/GE_OP/EQ_OP/NE_OP/AND_OP/OR_OP/MUL_ASSIGN/DIV_ASSIGN/MOD_ASSIGN/ADD_ASSIGN/SUB_ASSIGN/LEFT_ASSIGN/RIGHT_ASSIGN/AND_ASSIGN/XOR_ASSIGN/OR_ASSIGN/'('/')'/'['/'.'/','/'&'/'*'/'+'/'-'/'/'/'%'/'<'/'>'/'^'/'|'/'='/'?'
    36 expression -> • expression EQ_OP expression, PTR_OP/INC_OP/DEC_OP/LEFT_OP/RIGHT_OP/LE_OP/GE_OP/EQ_OP/NE_OP/AND_OP/OR_OP/MUL_ASSIGN/DIV_ASSIGN/MOD_ASSIGN/ADD_ASSIGN/SUB_ASSIGN/LEFT_ASSIGN/RIGHT_ASSIGN/AND_ASSIGN/XOR_ASSIGN/OR_ASSIGN/'('/')'/'['/'.'/','/'&'/'*'/'+'/'-'/'/'/'%'/'<'/'>'/'^'/'|'/'='/'?'
    37 expression -> • expression NE_OP expression, PTR_OP/INC_OP/DEC_OP/LEFT_OP/RIGHT_OP/LE_OP/GE_OP/EQ_OP/NE_OP/AND_OP/OR_OP/MUL_ASSIGN/DIV_ASSIGN/MOD_ASSIGN/ADD_ASSIGN/SUB_ASSIGN/LEFT_ASSIGN/RIGHT_ASSIGN/AND_ASSIGN/XOR_ASSIGN/OR_ASSIGN/'('/')'/'['/'.'/','/'&'/'*'/'+'/'-'/'/'/'%'/'<'/'>'/'^'/'|'/'='/'?'
    38 expression -> • expression '&' expression, PTR_OP/INC_OP/DEC_OP/LEFT_OP/RIGHT_OP/LE_OP/GE_OP/EQ_OP/NE_OP/AND_OP/OR_OP/MUL_ASSIGN/DIV_ASSIGN/MOD_ASSIGN/ADD_ASSIGN/SUB_ASSIGN/LEFT_ASSIGN/RIGHT_ASSIGN/AND_ASSIGN/XOR_ASSIGN/OR_ASSIGN/'('/')'/'['/'.'/','/'&'/'*'/'+'/'-'/'/'/'%'/'<'/'>'/'^'/'|'/'='/'?'
    39 expression -> • expression '^' expression, PTR_OP/INC_OP/DEC_OP/LEFT_OP/RIGHT_OP/LE_OP/GE_OP/EQ_OP/NE_OP/AND_OP/OR_OP/MUL_ASSIGN/DIV_ASSIGN/MOD_ASSIGN/ADD_ASSIGN/SUB_ASSIGN/LEFT_ASSIGN/RIGHT_ASSIGN/AND_ASSIGN/XOR_ASSIGN/OR_ASSIGN/'('/')'/'['/'.'/','/'&'/'*'/'+'/'-'/'/'/'%'/'<'/'>'/'^'/'|'/'='/'?'
    40 expression -> • expression '|' expression, PTR_OP/INC_OP/DEC_OP/LEFT_OP/RIGHT_OP/LE_OP/GE_OP/EQ_OP/NE_OP/AND_OP/OR_OP/MUL_ASSIGN/DIV_ASSIGN/MOD_ASSIGN/ADD_ASSIGN/SUB_ASSIGN/LEFT_ASSIGN/RIGHT_ASSIGN/AND_ASSIGN/XOR_ASSIGN/OR_ASSIGN/'('/')'/'['/'.'/','/'&'/'*'/'+'/'-'/'/'/'%'/'<'/'>'/'^'/'|'/'='/'?'
    41 expression -> • expression AND_OP expression, PTR_OP/INC_OP/DEC_OP/LEFT_OP/RIGHT_OP/LE_OP/GE_OP/EQ_OP/NE_OP/AND_OP/OR_OP/MUL_ASSIGN/DIV_ASSIGN/MOD_ASSIGN/ADD_ASSIGN/SUB_ASSIGN/LEFT_ASSIGN/RIGHT_ASSIGN/AND_ASSIGN/XOR_ASSIGN/OR_ASSIGN/'('/')'/'['/'.'/','/'&'/'*'/'+'/'-'/'/'/'%'/'<'/'>'/'^'/'|'/'='/'?'
    42 expression -> • expression OR_OP expression, PTR_OP/INC_OP/DEC_OP/LEFT_OP/RIGHT_OP/LE_OP/GE_OP/EQ_OP/NE_OP/AND_OP/OR_OP/MUL_ASSIGN/DIV_ASSIGN/MOD_ASSIGN/ADD_ASSIGN/SUB_ASSIGN/LEFT_ASSIGN/RIGHT_ASSIGN/AND_ASSIGN/XOR_ASSIGN/OR_ASSIGN/'('/')'/'['/'.'/','/'&'/'*'/'+'/'-'/'/'/'%'/'<'/'>'/'^'/'|'/'='/'?'
    43 expression -> • expression '=' expression, PTR_OP/INC_OP/DEC_OP/LEFT_OP/RIGHT_OP/LE_OP/GE_OP/EQ_OP/NE_OP/AND_OP/OR_OP/MUL_ASSIGN/DIV_ASSIGN/MOD_ASSIGN/ADD_ASSIGN/SUB_ASSIGN/LEFT_ASSIGN/RIGHT_ASSIGN/AND_ASSIGN/XOR_ASSIGN/OR_ASSIGN/'('/')'/'['/'.'/','/'&'/'*'/'+'/'-'/'/'/'%'/'<'/'>'/'^'/'|'/'='/'?'
    44 expression -> • expression MUL_ASSIGN expression, PTR_OP/INC_OP/DEC_OP/LEFT_OP/RIGHT_OP/LE_OP/GE_OP/EQ_OP/NE_OP/AND_OP/OR_OP/MUL_ASSIGN/DIV_ASSIGN/MOD_ASSIGN/ADD_ASSIGN/SUB_ASSIGN/LEFT_ASSIGN/RIGHT_ASSIGN/AND_ASSIGN/XOR_ASSIGN/OR_ASSIGN/'('/')'/'['/'.'/','/'&'/'*'/'+'/'-'/'/'/'%'/'<'/'>'/'^'/'|'/'='/'?'
    45 expression -> • expression DIV_ASSIGN expression, PTR_OP/INC_OP/DEC_OP/LEFT_OP/RIGHT_OP/LE_OP/GE_OP/EQ_OP/NE_OP/AND_OP/OR_OP/MUL_ASSIGN/DIV_ASSIGN/MOD_ASSIGN/ADD_ASSIGN/SUB_ASSIGN/LEFT_ASSIGN/RIGHT_ASSIGN/AND_ASSIGN/XOR_ASSIGN/OR_ASSIGN/'('/')'/'['/'.'/','/'&'/'*'/'+'/'-'/'/'/'%'/'<'/'>'/'^'/'|'/'='/'?'
    46 expression -> • expression MOD_ASSIGN expression, PTR_OP/INC_OP/DEC_OP/LEFT_OP/RIGHT_OP/LE_OP/GE_OP/EQ_OP/NE_OP/AND_OP/OR_OP/MUL_ASSIGN/DIV_ASSIGN/MOD_ASSIGN/ADD_ASSIGN/SUB_ASSIGN/LEFT_ASSIGN/RIGHT_ASSIGN/AND_ASSIGN/XOR_ASSIGN/OR_ASSIGN/'('/')'/'['/'.'/','/'&'/'*'/'+'/'-'/'/'/'%'/'<'/'>'/'^'/'|'/'='/'?'
    47 expression -> • expression ADD_ASSIGN expression, PTR_OP/INC_OP/DEC_OP/LEFT_OP/RIGHT_OP/LE_OP/GE_OP/EQ_OP/NE_OP/AND_OP/OR_OP/MUL_ASSIGN/DIV_ASSIGN/MOD_ASSIGN/ADD_ASSIGN/SUB_ASSIGN/LEFT_ASSIGN/RIGHT_ASSIGN/AND_ASSIGN/XOR_ASSIGN/OR_ASSIGN/'('/')'/'['/'.'/','/'&'/'*'/'+'/'-'/'/'/'%'/'<'/'>'/'^'/'|'/'='/'?'
    48 expression -> • expression SUB_ASSIGN expression, PTR_OP/INC_OP/DEC_OP/LEFT_OP/RIGHT_OP/LE_OP/GE_OP/EQ_OP/NE_OP/AND_OP/OR_OP/MUL_ASSIGN/DIV_ASSIGN/MOD_ASSIGN/ADD_ASSIGN/SUB_ASSIGN/LEFT_ASSIGN/RIGHT_ASSIGN/AND_ASSIGN/XOR_ASSIGN/OR_ASSIGN/'('/')'/'['/'.'/','/'&'/'*'/'+'/'-'/'/'/'%'/'<'/'>'/'^'/'|'/'='/'?'
    49 expression -> • expression LEFT_ASSIGN expression, PTR_OP/INC_OP/DEC_OP/LEFT_OP/RIGHT_OP/LE_OP/GE_OP/EQ_OP/NE_OP/AND_OP/OR_OP/MUL_ASSIGN/DIV_ASSIGN/MOD_ASSIGN/ADD_ASSIGN/SUB_ASSIGN/LEFT_ASSIGN/RIGHT_ASSIGN/AND_ASSIGN/XOR_ASSIGN/OR_ASSIGN/'('/')'/'['/'.'/','/'&'/'*'/'+'/'-'/'/'/'%'/'<'/'>'/'^'/'|'/'='/'?'
    50 expression -> • expression RIGHT_ASSIGN expression, PTR_OP/INC_OP/DEC_OP/LEFT_OP/RIGHT_OP/LE_OP/GE_OP/EQ_OP/NE_OP/AND_OP/OR_OP/MUL_ASSIGN/DIV_ASSIGN/MOD_ASSIGN/ADD_ASSIGN/SUB_ASSIGN/LEFT_ASSIGN/RIGHT_ASSIGN/AND_ASSIGN/XOR_ASSIGN/OR_ASSIGN/'('/')'/'['/'.'/','/'&'/'*'/'+'/'-'/'/'/'%'/'<'/'>'/'^'/'|'/'='/'?'
    51 expression -> • expression AND_ASSIGN expression, PTR_OP/INC_OP/DEC_OP/LEFT_OP/RIGHT_OP/LE_OP/GE_OP/EQ_OP/NE_OP/AND_OP/OR_OP/MUL_ASSIGN/DIV_ASSIGN/MOD_ASSIGN/ADD_ASSIGN/SUB_ASSIGN/LEFT_ASSIGN/RIGHT_ASSIGN/AND_ASSIGN/XOR_ASSIGN/OR_ASSIGN/'('/')'/'['/'.'/','/'&'/'*'/'+'/'-'/'/'/'%'/'<'/'>'/'^'/'|'/'='/'?'
    52 expression -> • expression XOR_ASSIGN expression, PTR_OP/INC_OP/DEC_OP/LEFT_OP/RIGHT_OP/LE_OP/GE_OP/EQ_OP/NE_OP/AND_OP/OR_OP/MUL_ASSIGN/DIV_ASSIGN/MOD_ASSIGN/ADD_ASSIGN/SUB_ASSIGN/LEFT_ASSIGN/RIGHT_ASSIGN/AND_ASSIGN/XOR_ASSIGN/OR_ASSIGN/'('/')'/'['/'.'/','/'&'/'*'/'+'/'-'/'/'/'%'/'<'/'>'/'^'/'|'/'='/'?'
    53 expression -> • expression OR_ASSIGN expression, PTR_OP/INC_OP/DEC_OP/LEFT_OP/RIGHT_OP/LE_OP/GE_OP/EQ_OP/NE_OP/AND_OP/OR_OP/MUL_ASSIGN/DIV_ASSIGN/MOD_ASSIGN/ADD_ASSIGN/SUB_ASSIGN/LEFT_ASSIGN/RIGHT_ASSIGN/AND_ASSIGN/XOR_ASSIGN/OR_ASSIGN/'('/')'/'['/'.'/','/'&'/'*'/'+'/'-'/'/'/'%'/'<'/'>'/'^'/'|'/'='/'?'
    54 expression -> • expression ',' expression, PTR_OP/INC_OP/DEC_OP/LEFT_OP/RIGHT_OP/LE_OP/GE_OP/EQ_OP/NE_OP/AND_OP/OR_OP/MUL_ASSIGN/DIV_ASSIGN/MOD_ASSIGN/ADD_ASSIGN/SUB_ASSIGN/LEFT_ASSIGN/RIGHT_ASSIGN/AND_ASSIGN/XOR_ASSIGN/OR_ASSIGN/'('/')'/'['/'.'/','/'&'/'*'/'+'/'-'/'/'/'%'/'<'/'>'/'^'/'|'/'='/'?'
    55 expression -> • expression '?' expression ':' expression, PTR_OP/INC_OP/DEC_OP/LEFT_OP/RIGHT_OP/LE_OP/GE_OP/EQ_OP/NE_OP/AND_OP/OR_OP/MUL_ASSIGN/DIV_ASSIGN/MOD_ASSIGN/ADD_ASSIGN/SUB_ASSIGN/LEFT_ASSIGN/RIGHT_ASSIGN/AND_ASSIGN/XOR_ASSIGN/OR_ASSIGN/'('/')'/'['/'.'/','/'&'/'*'/'+'/'-'/'/'/'%'/'<'/'>'/'^'/'|'/'='/'?'

    IDENTIFIER shift, and go to state 1
    STRING_LITERAL shift, and go to state 2
    CONSTANT shift, and go to state 3
    SIZEOF shift, and go to state 4
    INC_OP shift, and go to state 5
    DEC_OP shift, and go to state 6
    '(' shift, and go to state 9
    '&' shift, and go to state 10
    '*' shift, and go to state 11
    '+' shift, and go to state 12
    '-' shift, and go to state 13
    '~' shift, and go to state 14
    '!' shift, and go to state 15
    ')' shift, and go to state 86

    expression go to state 85


State 42

    2 expression -> • IDENTIFIER, PTR_OP/INC_OP/DEC_OP/LEFT_OP/RIGHT_OP/LE_OP/GE_OP/EQ_OP/NE_OP/AND_OP/OR_OP/MUL_ASSIGN/DIV_ASSIGN/MOD_ASSIGN/ADD_ASSIGN/SUB_ASSIGN/LEFT_ASSIGN/RIGHT_ASSIGN/AND_ASSIGN/XOR_ASSIGN/OR_ASSIGN/'('/'['/']'/'.'/','/'&'/'*'/'+'/'-'/'/'/'%'/'<'/'>'/'^'/'|'/'='/'?'
    3 expression -> • CONSTANT, PTR_OP/INC_OP/DEC_OP/LEFT_OP/RIGHT_OP/LE_OP/GE_OP/EQ_OP/NE_OP/AND_OP/OR_OP/MUL_ASSIGN/DIV_ASSIGN/MOD_ASSIGN/ADD_ASSIGN/SUB_ASSIGN/LEFT_ASSIGN/RIGHT_ASSIGN/AND_ASSIGN/XOR_ASSIGN/OR_ASSIGN/'('/'['/']'/'.'/','/'&'/'*'/'+'/'-'/'/'/'%'/'<'/'>'/'^'/'|'/'='/'?'
    4 expression -> • STRING_LITERAL, PTR_OP/INC_OP/DEC_OP/LEFT_OP/RIGHT_OP/LE_OP/GE_OP/EQ_OP/NE_OP/AND_OP/OR_OP/MUL_ASSIGN/DIV_ASSIGN/MOD_ASSIGN/ADD_ASSIGN/SUB_ASSIGN/LEFT_ASSIGN/RIGHT_ASSIGN/AND_ASSIGN/XOR_ASSIGN/OR_ASSIGN/'('/'['/']'/'.'/','/'&'/'*'/'+'/'-'/'/'/'%'/'<'/'>'/'^'/'|'/'='/'?'
    5 expression -> • '(' expression ')', PTR_OP/INC_OP/DEC_OP/LEFT_OP/RIGHT_OP/LE_OP/GE_OP/EQ_OP/NE_OP/AND_OP/OR_OP/MUL_ASSIGN/DIV_ASSIGN/MOD_ASSIGN/ADD_ASSIGN/SUB_ASSIGN/LEFT_ASSIGN/RIGHT_ASSIGN/AND_ASSIGN/XOR_ASSIGN/OR_ASSIGN/'('/'['/']'/'.'/','/'&'/'*'/'+'/'-'/'/'/'%'/'<'/'>'/'^'/'|'/'='/'?'
    6 expression -> • expression '[' expression ']', PTR_OP/INC_OP/DEC_OP/LEFT_OP/RIGHT_OP/LE_OP/GE_OP/EQ_OP/NE_OP/AND_OP/OR_OP/MUL_ASSIGN/DIV_ASSIGN/MOD_ASSIGN/ADD_ASSIGN/SUB_ASSIGN/LEFT_ASSIGN/RIGHT_ASSIGN/AND_ASSIGN/XOR_ASSIGN/OR_ASSIGN/'('/'['/']'/'.'/','/'&'/'*'/'+'/'-'/'/'/'%'/'<'/'>'/'^'/'|'/'='/'?'
    6 expression -> expression '[' • expression ']', yyeof/PTR_OP/INC_OP/DEC_OP/LEFT_OP/RIGHT_OP/LE_OP/GE_OP/EQ_OP/NE_OP/AND_OP/OR_OP/MUL_ASSIGN/DIV_ASSIGN/MOD_ASSIGN/ADD_ASSIGN/SUB_ASSIGN/LEFT_ASSIGN/RIGHT_ASSIGN/AND_ASSIGN/XOR_ASSIGN/OR_ASSIGN/'('/')'/'['/']'/'.'/','/'&'/'*'/'+'/'-'/'/'/'%'/'<'/'>'/'^'/'|'/'='/'?'/':'
    7 expression -> • expression '(' ')', PTR_OP/INC_OP/DEC_OP/LEFT_OP/RIGHT_OP/LE_OP/GE_OP/EQ_OP/NE_OP/AND_OP/OR_OP/MUL_ASSIGN/DIV_ASSIGN/MOD_ASSIGN/ADD_ASSIGN/SUB_ASSIGN/LEFT_ASSIGN/RIGHT_ASSIGN/AND_ASSIGN/XOR_ASSIGN/OR_ASSIGN/'('/'['/']'/'.'/','/'&'/'*'/'+'/'-'/'/'/'%'/'<'/'>'/'^'/'|'/'='/'?'
    8 expression -> • expression '(' expression ')', PTR_OP/INC_OP/DEC_OP/LEFT_OP/RIGHT_OP/LE_OP/GE_OP/EQ_OP/NE_OP/AND_OP/OR_OP/MUL_ASSIGN/DIV_ASSIGN/MOD_ASSIGN/ADD_ASSIGN/SUB_ASSIGN/LEFT_ASSIGN/RIGHT_ASSIGN/AND_ASSIGN/XOR_ASSIGN/OR_ASSIGN/'('/'['/']'/'.'/','/'&'/'*'/'+'/'-'/'/'/'%'/'<'/'>'/'^'/'|'/'='/'?'
    9 expression -> • expression '.' IDENTIFIER, PTR_OP/INC_OP/DEC_OP/LEFT_OP/RIGHT_OP/LE_OP/GE_OP/EQ_OP/NE_OP/AND_OP/OR_OP/MUL_ASSIGN/DIV_ASSIGN/MOD_ASSIGN/ADD_ASSIGN/SUB_ASSIGN/LEFT_ASSIGN/RIGHT_ASSIGN/AND_ASSIGN/XOR_ASSIGN/OR_ASSIGN/'('/'['/']'/'.'/','/'&'/'*'/'+'/'-'/'/'/'%'/'<'/'>'/'^'/'|'/'='/'?'
    10 expression -> • expression PTR_OP IDENTIFIER, PTR_OP/INC_OP/DEC_OP/LEFT_OP/RIGHT_OP/LE_OP/GE_OP/EQ_OP/NE_OP/AND_OP/OR_OP/MUL_ASSIGN/DIV_ASSIGN/MOD_ASSIGN/ADD_ASSIGN/SUB_ASSIGN/LEFT_ASSIGN/RIGHT_ASSIGN/AND_ASSIGN/XOR_ASSIGN/OR_ASSIGN/'('/'['/']'/'.'/','/'&'/'*'/'+'/'-'/'/'/'%'/'<'/'>'/'^'/'|'/'='/'?'
    11 expression -> • expression INC_OP, PTR_OP/INC_OP/DEC_OP/LEFT_OP/RIGHT_OP/LE_OP/GE_OP/EQ_OP/NE_OP/AND_OP/OR_OP/MUL_ASSIGN/DIV_ASSIGN/MOD_ASSIGN/ADD_ASSIGN/SUB_ASSIGN/LEFT_ASSIGN/RIGHT_ASSIGN/AND_ASSIGN/XOR_ASSIGN/OR_ASSIGN/'('/'['/']'/'.'/','/'&'/'*'/'+'/'-'/'/'/'%'/'<'/'>'/'^'/'|'/'='/'?'
    12 expression -> • expression DEC_OP, PTR_OP/INC_OP/DEC_OP/LEFT_OP/RIGHT_OP/LE_OP/GE_OP/EQ_OP/NE_OP/AND_OP/OR_OP/MUL_ASSIGN/DIV_ASSIGN/MOD_ASSIGN/ADD_ASSIGN/SUB_ASSIGN/LEFT_ASSIGN/RIGHT_ASSIGN/AND_ASSIGN/XOR_ASSIGN/OR_ASSIGN/'('/'['/']'/'.'/','/'&'/'*'/'+'/'-'/'/'/'%'/'<'/'>'/'^'/'|'/'='/'?'
    13 expression -> • expression ',' expression, PTR_OP/INC_OP/DEC_OP/LEFT_OP/RIGHT_OP/LE_OP/GE_OP/EQ_OP/NE_OP/AND_OP/OR_OP/MUL_ASSIGN/DIV_ASSIGN/MOD_ASSIGN/ADD_ASSIGN/SUB_ASSIGN/LEFT_ASSIGN/RIGHT_ASSIGN/AND_ASSIGN/XOR_ASSIGN/OR_ASSIGN/'('/'['/']'/'.'/','/'&'/'*'/'+'/'-'/'/'/'%'/'<'/'>'/'^'/'|'/'='/'?'
    14 expression -> • INC_OP expression, PTR_OP/INC_OP/DEC_OP/LEFT_OP/RIGHT_OP/LE_OP/GE_OP/EQ_OP/NE_OP/AND_OP/OR_OP/MUL_ASSIGN/DIV_ASSIGN/MOD_ASSIGN/ADD_ASSIGN/SUB_ASSIGN/LEFT_ASSIGN/RIGHT_ASSIGN/AND_ASSIGN/XOR_ASSIGN/OR_ASSIGN/'('/'['/']'/'.'/','/'&'/'*'/'+'/'-'/'/'/'%'/'<'/'>'/'^'/'|'/'='/'?'
    15 expression -> • DEC_OP expression, PTR_OP/INC_OP/DEC_OP/LEFT_OP/RIGHT_OP/LE_OP/GE_OP/EQ_OP/NE_OP/AND_OP/OR_OP/MUL_ASSIGN/DIV_ASSIGN/MOD_ASSIGN/ADD_ASSIGN/SUB_ASSIGN/LEFT_ASSIGN/RIGHT_ASSIGN/AND_ASSIGN/XOR_ASSIGN/OR_ASSIGN/'('/'['/']'/'.'/','/'&'/'*'/'+'/'-'/'/'/'%'/'<'/'>'/'^'/'|'/'='/'?'
    16 expression -> • SIZEOF expression, PTR_OP/INC_OP/DEC_OP/LEFT_OP/RIGHT_OP/LE_OP/GE_OP/EQ_OP/NE_OP/AND_OP/OR_OP/MUL_ASSIGN/DIV_ASSIGN/MOD_ASSIGN/ADD_ASSIGN/SUB_ASSIGN/LEFT_ASSIGN/RIGHT_ASSIGN/AND_ASSIGN/XOR_ASSIGN/OR_ASSIGN/'('/'['/']'/'.'/','/'&'/'*'/'+'/'-'/'/'/'%'/'<'/'>'/'^'/'|'/'='/'?'
    17 expression -> • SIZEOF '(' type_name ')', PTR_OP/INC_OP/DEC_OP/LEFT_OP/RIGHT_OP/LE_OP/GE_OP/EQ_OP/NE_OP/AND_OP/OR_OP/MUL_ASSIGN/DIV_ASSIGN/MOD_ASSIGN/ADD_ASSIGN/SUB_ASSIGN/LEFT_ASSIGN/RIGHT_ASSIGN/AND_ASSIGN/XOR_ASSIGN/OR_ASSIGN/'('/'['/']'/'.'/','/'&'/'*'/'+'/'-'/'/'/'%'/'<'/'>'/'^'/'|'/'='/'?'
    18 expression -> • '(' type_name ')' expression, PTR_OP/INC_OP/DEC_OP/LEFT_OP/RIGHT_OP/LE_OP/GE_OP/EQ_OP/NE_OP/AND_OP/OR_OP/MUL_ASSIGN/DIV_ASSIGN/MOD_ASSIGN/ADD_ASSIGN/SUB_ASSIGN/LEFT_ASSIGN/RIGHT_ASSIGN/AND_ASSIGN/XOR_ASSIGN/OR_ASSIGN/'('/'['/']'/'.'/','/'&'/'*'/'+'/'-'/'/'/'%'/'<'/'>'/'^'/'|'/'='/'?'
    19 expression -> • '&' expression, PTR_OP/INC_OP/DEC_OP/LEFT_OP/RIGHT_OP/LE_OP/GE_OP/EQ_OP/NE_OP/AND_OP/OR_OP/MUL_ASSIGN/DIV_ASSIGN/MOD_ASSIGN/ADD_ASSIGN/SUB_ASSIGN/LEFT_ASSIGN/RIGHT_ASSIGN/AND_ASSIGN/XOR_ASSIGN/OR_ASSIGN/'('/'['/']'/'.'/','/'&'/'*'/'+'/'-'/'/'/'%'/'<'/'>'/'^'/'|'/'='/'?'
    20 expression -> • '*' expression, PTR_OP/INC_OP/DEC_OP/LEFT_OP/RIGHT_OP/LE_OP/GE_OP/EQ_OP/NE_OP/AND_OP/OR_OP/MUL_ASSIGN/DIV_ASSIGN/MOD_ASSIGN/ADD_ASSIGN/SUB_ASSIGN/LEFT_ASSIGN/RIGHT_ASSIGN/AND_ASSIGN/XOR_ASSIGN/OR_ASSIGN/'('/'['/']'/'.'/','/'&'/'*'/'+'/'-'/'/'/'%'/'<'/'>'/'^'/'|'/'='/'?'
    21 expression -> • '+' expression, PTR_OP/INC_OP/DEC_OP/LEFT_OP/RIGHT_OP/LE_OP/GE_OP/EQ_OP/NE_OP/AND_OP/OR_OP/MUL_ASSIGN/DIV_ASSIGN/MOD_ASSIGN/ADD_ASSIGN/SUB_ASSIGN/LEFT_ASSIGN/RIGHT_ASSIGN/AND_ASSIGN/XOR_ASSIGN/OR_ASSIGN/'('/'['/']'/'.'/','/'&'/'*'/'+'/'-'/'/'/'%'/'<'/'>'/'^'/'|'/'='/'?'
    22 expression -> • '-' expression, PTR_OP/INC_OP/DEC_OP/LEFT_OP/RIGHT_OP/LE_OP/GE_OP/EQ_OP/NE_OP/AND_OP/OR_OP/MUL_ASSIGN/DIV_ASSIGN/MOD_ASSIGN/ADD_ASSIGN/SUB_ASSIGN/LEFT_ASSIGN/RIGHT_ASSIGN/AND_ASSIGN/XOR_ASSIGN/OR_ASSIGN/'('/'['/']'/'.'/','/'&'/'*'/'+'/'-'/'/'/'%'/'<'/'>'/'^'/'|'/'='/'?'
    23 expression -> • '~' expression, PTR_OP/INC_OP/DEC_OP/LEFT_OP/RIGHT_OP/LE_OP/GE_OP/EQ_OP/NE_OP/AND_OP/OR_OP/MUL_ASSIGN/DIV_ASSIGN/MOD_ASSIGN/ADD_ASSIGN/SUB_ASSIGN/LEFT_ASSIGN/RIGHT_ASSIGN/AND_ASSIGN/XOR_ASSIGN/OR_ASSIGN/'('/'['/']'/'.'/','/'&'/'*'/'+'/'-'/'/'/'%'/'<'/'>'/'^'/'|'/'='/'?'
    24 expression -> • '!' expression, PTR_OP/INC_OP/DEC_OP/LEFT_OP/RIGHT_OP/LE_OP/GE_OP/EQ_OP/NE_OP/AND_OP/OR_OP/MUL_ASSIGN/DIV_ASSIGN/MOD_ASSIGN/ADD_ASSIGN/SUB_ASSIGN/LEFT_ASSIGN/RIGHT_ASSIGN/AND_ASSIGN/XOR_ASSIGN/OR_ASSIGN/'('/'['/']'/'.'/','/'&'/'*'/'+'/'-'/'/'/'%'/'<'/'>'/'^'/'|'/'='/'?'
    25 expression -> • expression '+' expression, PTR_OP/INC_OP/DEC_OP/LEFT_OP/RIGHT_OP/LE_OP/GE_OP/EQ_OP/NE_OP/AND_OP/OR_OP/MUL_ASSIGN/DIV_ASSIGN/MOD_ASSIGN/ADD_ASSIGN/SUB_ASSIGN/LEFT_ASSIGN/RIGHT_ASSIGN/AND_ASSIGN/XOR_ASSIGN/OR_ASSIGN/'('/'['/']'/'.'/','/'&'/'*'/'+'/'-'/'/'/'%'/'<'/'>'/'^'/'|'/'='/'?'
    26 expression -> • expression '-' expression, PTR_OP/INC_OP/DEC_OP/LEFT_OP/RIGHT_OP/LE_OP/GE_OP/EQ_OP/NE_OP/AND_OP/OR_OP/MUL_ASSIGN/DIV_ASSIGN/MOD_ASSIGN/ADD_ASSIGN/SUB_ASSIGN/LEFT_ASSIGN/RIGHT_ASSIGN/AND_ASSIGN/XOR_ASSIGN/OR_ASSIGN/'('/'['/']'/'.'/','/'&'/'*'/'+'/'-'/'/'/'%'/'<'/'>'/'^'/'|'/'='/'?'
    27 expression -> • expression '*' expression, PTR_OP/INC_OP/DEC_OP/LEFT_OP/RIGHT_OP/LE_OP/GE_OP/EQ_OP/NE_OP/AND_OP/OR_OP/MUL_ASSIGN/DIV_ASSIGN/MOD_ASSIGN/ADD_ASSIGN/SUB_ASSIGN/LEFT_ASSIGN/RIGHT_ASSIGN/AND_ASSIGN/XOR_ASSIGN/OR_ASSIGN/'('/'['/']'/'.'/','/'&'/'*'/'+'/'-'/'/'/'%'/'<'/'>'/'^'/'|'/'='/'?'
    28 expression -> • expression '/' expression, PTR_OP/INC_OP/DEC_OP/LEFT_OP/RIGHT_OP/LE_OP/GE_OP/EQ_OP/NE_OP/AND_OP/OR_OP/MUL_ASSIGN/DIV_ASSIGN/MOD_ASSIGN/ADD_ASSIGN/SUB_ASSIGN/LEFT_ASSIGN/RIGHT_ASSIGN/AND_ASSIGN/XOR_ASSIGN/OR_ASSIGN/'('/'['/']'/'.'/','/'&'/'*'/'+'/'-'/'/'/'%'/'<'/'>'/'^'/'|'/'='/'?'
    29 expression -> • expression '%' expression, PTR_OP/INC_OP/DEC_OP/LEFT_OP/RIGHT_OP/LE_OP/GE_OP/EQ_OP/NE_OP/AND_OP/OR_OP/MUL_ASSIGN/DIV_ASSIGN/MOD_ASSIGN/ADD_ASSIGN/SUB_ASSIGN/LEFT_ASSIGN/RIGHT_ASSIGN/AND_ASSIGN/XOR_ASSIGN/OR_ASSIGN/'('/'['/']'/'.'/','/'&'/'*'/'+'/'-'/'/'/'%'/'<'/'>'/'^'/'|'/'='/'?'
    30 expression -> • expression LEFT_OP expression, PTR_OP/INC_OP/DEC_OP/LEFT_OP/RIGHT_OP/LE_OP/GE_OP/EQ_OP/NE_OP/AND_OP/OR_OP/MUL_ASSIGN/DIV_ASSIGN/MOD_ASSIGN/ADD_ASSIGN/SUB_ASSIGN/LEFT_ASSIGN/RIGHT_ASSIGN/AND_ASSIGN/XOR_ASSIGN/OR_ASSIGN/'('/'['/']'/'.'/','/'&'/'*'/'+'/'-'/'/'/'%'/'<'/'>'/'^'/'|'/'='/'?'
    31 expression -> • expression RIGHT_OP expression, PTR_OP/INC_OP/DEC_OP/LEFT_OP/RIGHT_OP/LE_OP/GE_OP/EQ_OP/NE_OP/AND_OP/OR_OP/MUL_ASSIGN/DIV_ASSIGN/MOD_ASSIGN/ADD_ASSIGN/SUB_ASSIGN/LEFT_ASSIGN/RIGHT_ASSIGN/AND_ASSIGN/XOR_ASSIGN/OR_ASSIGN/'('/'['/']'/'.'/','/'&'/'*'/'+'/'-'/'/'/'%'/'<'/'>'/'^'/'|'/'='/'?'
    32 expression -> • expression '<' expression, PTR_OP/INC_OP/DEC_OP/LEFT_OP/RIGHT_OP/LE_OP/GE_OP/EQ_OP/NE_OP/AND_OP/OR_OP/MUL_ASSIGN/DIV_ASSIGN/MOD_ASSIGN/ADD_ASSIGN/SUB_ASSIGN/LEFT_ASSIGN/RIGHT_ASSIGN/AND_ASSIGN/XOR_ASSIGN/OR_ASSIGN/'('/'['/']'/'.'/','/'&'/'*'/'+'/'-'/'/'/'%'/'<'/'>'/'^'/'|'/'='/'?'
    33 expression -> • expression '>' expression, PTR_OP/INC_OP/DEC_OP/LEFT_OP/RIGHT_OP/LE_OP/GE_OP/EQ_OP/NE_OP/AND_OP/OR_OP/MUL_ASSIGN/DIV_ASSIGN/MOD_ASSIGN/ADD_ASSIGN/SUB_ASSIGN/LEFT_ASSIGN/RIGHT_ASSIGN/AND_ASSIGN/XOR_ASSIGN/OR_ASSIGN/'('/'['/']'/'.'/','/'&'/'*'/'+'/'-'/'/'/'%'/'<'/'>'/'^'/'|'/'='/'?'
    34 expression -> • expression LE_OP expression, PTR_OP/INC_OP/DEC_OP/LEFT_OP/RIGHT_OP/LE_OP/GE_OP/EQ_OP/NE_OP/AND_OP/OR_OP/MUL_ASSIGN/DIV_ASSIGN/MOD_ASSIGN/ADD_ASSIGN/SUB_ASSIGN/LEFT_ASSIGN/RIGHT_ASSIGN/AND_ASSIGN/XOR_ASSIGN/OR_ASSIGN/'('/'['/']'/'.'/','/'&'/'*'/'+'/'-'/'/'/'%'/'<'/'>'/'^'/'|'/'='/'?'
    35 expression -> • expression GE_OP expression, PTR_OP/INC_OP/DEC_OP/LEFT_OP/RIGHT_OP/LE_OP/GE_OP/EQ_OP/NE_OP/AND_OP/OR_OP/MUL_ASSIGN/DIV_ASSIGN/MOD_ASSIGN/ADD_ASSIGN/SUB_ASSIGN/LEFT_ASSIGN/RIGHT_ASSIGN/AND_ASSIGN/XOR_ASSIGN/OR_ASSIGN/'('/'['/']'/'.'/','/'&'/'*'/'+'/'-'/'/'/'%'/'<'/'>'/'^'/'|'/'='/'?'
    36 expression -> • expression EQ_OP expression, PTR_OP/INC_OP/DEC_OP/LEFT_OP/RIGHT_OP/LE_OP/GE_OP/EQ_OP/NE_OP/AND_OP/OR_OP/MUL_ASSIGN/DIV_ASSIGN/MOD_ASSIGN/ADD_ASSIGN/SUB_ASSIGN/LEFT_ASSIGN/RIGHT_ASSIGN/AND_ASSIGN/XOR_ASSIGN/OR_ASSIGN/'('/'['/']'/'.'/','/'&'/'*'/'+'/'-'/'/'/'%'/'<'/'>'/'^'/'|'/'='/'?'
    37 expression -> • expression NE_OP expression, PTR_OP/INC_OP/DEC_OP/LEFT_OP/RIGHT_OP/LE_OP/GE_OP/EQ_OP/NE_OP/AND_OP/OR_OP/MUL_ASSIGN/DIV_ASSIGN/MOD_ASSIGN/ADD_ASSIGN/SUB_ASSIGN/LEFT_ASSIGN/RIGHT_ASSIGN/AND_ASSIGN/XOR_ASSIGN/OR_ASSIGN/'('/'['/']'/'.'/','/'&'/'*'/'+'/'-'/'/'/'%'/'<'/'>'/'^'/'|'/'='/'?'
    38 expression -> • expression '&' expression, PTR_OP/INC_OP/DEC_OP/LEFT_OP/RIGHT_OP/LE_OP/GE_OP/EQ_OP/NE_OP/AND_OP/OR_OP/MUL_ASSIGN/DIV_ASSIGN/MOD_ASSIGN/ADD_ASSIGN/SUB_ASSIGN/LEFT_ASSIGN/RIGHT_ASSIGN/AND_ASSIGN/XOR_ASSIGN/OR_ASSIGN/'('/'['/']'/'.'/','/'&'/'*'/'+'/'-'/'/'/'%'/'<'/'>'/'^'/'|'/'='/'?'
    39 expression -> • expression '^' expression, PTR_OP/INC_OP/DEC_OP/LEFT_OP/RIGHT_OP/LE_OP/GE_OP/EQ_OP/NE_OP/AND_OP/OR_OP/MUL_ASSIGN/DIV_ASSIGN/MOD_ASSIGN/ADD_ASSIGN/SUB_ASSIGN/LEFT_ASSIGN/RIGHT_ASSIGN/AND_ASSIGN/XOR_ASSIGN/OR_ASSIGN/'('/'['/']'/'.'/','/'&'/'*'/'+'/'-'/'/'/'%'/'<'/'>'/'^'/'|'/'='/'?'
    40 expression -> • expression '|' expression, PTR_OP/INC_OP/DEC_OP/LEFT_OP/RIGHT_OP/LE_OP/GE_OP/EQ_OP/NE_OP/AND_OP/OR_OP/MUL_ASSIGN/DIV_ASSIGN/MOD_ASSIGN/ADD_ASSIGN/SUB_ASSIGN/LEFT_ASSIGN/RIGHT_ASSIGN/AND_ASSIGN/XOR_ASSIGN/OR_ASSIGN/'('/'['/']'/'.'/','/'&'/'*'/'+'/'-'/'/'/'%'/'<'/'>'/'^'/'|'/'='/'?'
    41 expression -> • expression AND_OP expression, PTR_OP/INC_OP/DEC_OP/LEFT_OP/RIGHT_OP/LE_OP/GE_OP/EQ_OP/NE_OP/AND_OP/OR_OP/MUL_ASSIGN/DIV_ASSIGN/MOD_ASSIGN/ADD_ASSIGN/SUB_ASSIGN/LEFT_ASSIGN/RIGHT_ASSIGN/AND_ASSIGN/XOR_ASSIGN/OR_ASSIGN/'('/'['/']'/'.'/','/'&'/'*'/'+'/'-'/'/'/'%'/'<'/'>'/'^'/'|'/'='/'?'
    42 expression -> • expression OR_OP expression, PTR_OP/INC_OP/DEC_OP/LEFT_OP/RIGHT_OP/LE_OP/GE_OP/EQ_OP/NE_OP/AND_OP/OR_OP/MUL_ASSIGN/DIV_ASSIGN/MOD_ASSIGN/ADD_ASSIGN/SUB_ASSIGN/LEFT_ASSIGN/RIGHT_ASSIGN/AND_ASSIGN/XOR_ASSIGN/OR_ASSIGN/'('/'['/']'/'.'/','/'&'/'*'/'+'/'-'/'/'/'%'/'<'/'>'/'^'/'|'/'='/'?'
    43 expression -> • expression '=' expression, PTR_OP/INC_OP/DEC_OP/LEFT_OP/RIGHT_OP/LE_OP/GE_OP/EQ_OP/NE_OP/AND_OP/OR_OP/MUL_ASSIGN/DIV_ASSIGN/MOD_ASSIGN/ADD_ASSIGN/SUB_ASSIGN/LEFT_ASSIGN/RIGHT_ASSIGN/AND_ASSIGN/XOR_ASSIGN/OR_ASSIGN/'('/'['/']'/'.'/','/'&'/'*'/'+'/'-'/'/'/'%'/'<'/'>'/'^'/'|'/'='/'?'
    44 expression -> • expression MUL_ASSIGN expression, PTR_OP/INC_OP/DEC_OP/LEFT_OP/RIGHT_OP/LE_OP/GE_OP/EQ_OP/NE_OP/AND_OP/OR_OP/MUL_ASSIGN/DIV_ASSIGN/MOD_ASSIGN/ADD_ASSIGN/SUB_ASSIGN/LEFT_ASSIGN/RIGHT_ASSIGN/AND_ASSIGN/XOR_ASSIGN/OR_ASSIGN/'('/'['/']'/'.'/','/'&'/'*'/'+'/'-'/'/'/'%'/'<'/'>'/'^'/'|'/'='/'?'
    45 expression -> • expression DIV_ASSIGN expression, PTR_OP/INC_OP/DEC_OP/LEFT_OP/RIGHT_OP/LE_OP/GE_OP/EQ_OP/NE_OP/AND_OP/OR_OP/MUL_ASSIGN/DIV_ASSIGN/MOD_ASSIGN/ADD_ASSIGN/SUB_ASSIGN/LEFT_ASSIGN/RIGHT_ASSIGN/AND_ASSIGN/XOR_ASSIGN/OR_ASSIGN/'('/'['/']'/'.'/','/'&'/'*'/'+'/'-'/'/'/'%'/'<'/'>'/'^'/'|'/'='/'?'
    46 expression -> • expression MOD_ASSIGN expression, PTR_OP/INC_OP/DEC_OP/LEFT_OP/RIGHT_OP/LE_OP/GE_OP/EQ_OP/NE_OP/AND_OP/OR_OP/MUL_ASSIGN/DIV_ASSIGN/MOD_ASSIGN/ADD_ASSIGN/SUB_ASSIGN/LEFT_ASSIGN/RIGHT_ASSIGN/AND_ASSIGN/XOR_ASSIGN/OR_ASSIGN/'('/'['/']'/'.'/','/'&'/'*'/'+'/'-'/'/'/'%'/'<'/'>'/'^'/'|'/'='/'?'
    47 expression -> • expression ADD_ASSIGN expression, PTR_OP/INC_OP/DEC_OP/LEFT_OP/RIGHT_OP/LE_OP/GE_OP/EQ_OP/NE_OP/AND_OP/OR_OP/MUL_ASSIGN/DIV_ASSIGN/MOD_ASSIGN/ADD_ASSIGN/SUB_ASSIGN/LEFT_ASSIGN/RIGHT_ASSIGN/AND_ASSIGN/XOR_ASSIGN/OR_ASSIGN/'('/'['/']'/'.'/','/'&'/'*'/'+'/'-'/'/'/'%'/'<'/'>'/'^'/'|'/'='/'?'
    48 expression -> • expression SUB_ASSIGN expression, PTR_OP/INC_OP/DEC_OP/LEFT_OP/RIGHT_OP/LE_OP/GE_OP/EQ_OP/NE_OP/AND_OP/OR_OP/MUL_ASSIGN/DIV_ASSIGN/MOD_ASSIGN/ADD_ASSIGN/SUB_ASSIGN/LEFT_ASSIGN/RIGHT_ASSIGN/AND_ASSIGN/XOR_ASSIGN/OR_ASSIGN/'('/'['/']'/'.'/','/'&'/'*'/'+'/'-'/'/'/'%'/'<'/'>'/'^'/'|'/'='/'?'
    49 expression -> • expression LEFT_ASSIGN expression, PTR_OP/INC_OP/DEC_OP/LEFT_OP/RIGHT_OP/LE_OP/GE_OP/EQ_OP/NE_OP/AND_OP/OR_OP/MUL_ASSIGN/DIV_ASSIGN/MOD_ASSIGN/ADD_ASSIGN/SUB_ASSIGN/LEFT_ASSIGN/RIGHT_ASSIGN/AND_ASSIGN/XOR_ASSIGN/OR_ASSIGN/'('/'['/']'/'.'/','/'&'/'*'/'+'/'-'/'/'/'%'/'<'/'>'/'^'/'|'/'='/'?'
    50 expression -> • expression RIGHT_ASSIGN expression, PTR_OP/INC_OP/DEC_OP/LEFT_OP/RIGHT_OP/LE_OP/GE_OP/EQ_OP/NE_OP/AND_OP/OR_OP/MUL_ASSIGN/DIV_ASSIGN/MOD_ASSIGN/ADD_ASSIGN/SUB_ASSIGN/LEFT_ASSIGN/RIGHT_ASSIGN/AND_ASSIGN/XOR_ASSIGN/OR_ASSIGN/'('/'['/']'/'.'/','/'&'/'*'/'+'/'-'/'/'/'%'/'<'/'>'/'^'/'|'/'='/'?'
    51 expression -> • expression AND_ASSIGN expression, PTR_OP/INC_OP/DEC_OP/LEFT_OP/RIGHT_OP/LE_OP/GE_OP/EQ_OP/NE_OP/AND_OP/OR_OP/MUL_ASSIGN/DIV_ASSIGN/MOD_ASSIGN/ADD_ASSIGN/SUB_ASSIGN/LEFT_ASSIGN/RIGHT_ASSIGN/AND_ASSIGN/XOR_ASSIGN/OR_ASSIGN/'('/'['/']'/'.'/','/'&'/'*'/'+'/'-'/'/'/'%'/'<'/'>'/'^'/'|'/'='/'?'
    52 expression -> • expression XOR_ASSIGN expression, PTR_OP/INC_OP/DEC_OP/LEFT_OP/RIGHT_OP/LE_OP/GE_OP/EQ_OP/NE_OP/AND_OP/OR_OP/MUL_ASSIGN/DIV_ASSIGN/MOD_ASSIGN/ADD_ASSIGN/SUB_ASSIGN/LEFT_ASSIGN/RIGHT_ASSIGN/AND_ASSIGN/XOR_ASSIGN/OR_ASSIGN/'('/'['/']'/'.'/','/'&'/'*'/'+'/'-'/'/'/'%'/'<'/'>'/'^'/'|'/'='/'?'
    53 expression -> • expression OR_ASSIGN expression, PTR_OP/INC_OP/DEC_OP/LEFT_OP/RIGHT_OP/LE_OP/GE_OP/EQ_OP/NE_OP/AND_OP/OR_OP/MUL_ASSIGN/DIV_ASSIGN/MOD_ASSIGN/ADD_ASSIGN/SUB_ASSIGN/LEFT_ASSIGN/RIGHT_ASSIGN/AND_ASSIGN/XOR_ASSIGN/OR_ASSIGN/'('/'['/']'/'.'/','/'&'/'*'/'+'/'-'/'/'/'%'/'<'/'>'/'^'/'|'/'='/'?'
    54 expression -> • expression ',' expression, PTR_OP/INC_OP/DEC_OP/LEFT_OP/RIGHT_OP/LE_OP/GE_OP/EQ_OP/NE_OP/AND_OP/OR_OP/MUL_ASSIGN/DIV_ASSIGN/MOD_ASSIGN/ADD_ASSIGN/SUB_ASSIGN/LEFT_ASSIGN/RIGHT_ASSIGN/AND_ASSIGN/XOR_ASSIGN/OR_ASSIGN/'('/'['/']'/'.'/','/'&'/'*'/'+'/'-'/'/'/'%'/'<'/'>'/'^'/'|'/'='/'?'
    55 expression -> • expression '?' expression ':' expression, PTR_OP/INC_OP/DEC_OP/LEFT_OP/RIGHT_OP/LE_OP/GE_OP/EQ_OP/NE_OP/AND_OP/OR_OP/MUL_ASSIGN/DIV_ASSIGN/MOD_ASSIGN/ADD_ASSIGN/SUB_ASSIGN/LEFT_ASSIGN/RIGHT_ASSIGN/AND_ASSIGN/XOR_ASSIGN/OR_ASSIGN/'('/'['/']'/'.'/','/'&'/'*'/'+'/'-'/'/'/'%'/'<'/'>'/'^'/'|'/'='/'?'

    IDENTIFIER shift, and go to state 1
    STRING_LITERAL shift, and go to state 2
    CONSTANT shift, and go to state 3
    SIZEOF shift, and go to state 4
    INC_OP shift, and go to state 5
    DEC_OP shift, and go to state 6
    '(' shift, and go to state 9
    '&' shift, and go to state 10
    '*' shift, and go to state 11
    '+' shift, and go to state 12
    '-' shift, and go to state 13
    '~' shift, and go to state 14
    '!' shift, and go to state 15

    expression go to state 87


State 43

    9 expression -> expression '.' • IDENTIFIER, yyeof/PTR_OP/INC_OP/DEC_OP/LEFT_OP/RIGHT_OP/LE_OP/GE_OP/EQ_OP/NE_OP/AND_OP/OR_OP/MUL_ASSIGN/DIV_ASSIGN/MOD_ASSIGN/ADD_ASSIGN/SUB_ASSIGN/LEFT_ASSIGN/RIGHT_ASSIGN/AND_ASSIGN/XOR_ASSIGN/OR_ASSIGN/'('/')'/'['/']'/'.'/','/'&'/'*'/'+'/'-'/'/'/'%'/'<'/'>'/'^'/'|'/'='/'?'/':'

    IDENTIFIER shift, and go to state 88


State 44

    2 expression -> • IDENTIFIER, yyeof/PTR_OP/INC_OP/DEC_OP/LEFT_OP/RIGHT_OP/LE_OP/GE_OP/EQ_OP/NE_OP/AND_OP/OR_OP/MUL_ASSIGN/DIV_ASSIGN/MOD_ASSIGN/ADD_ASSIGN/SUB_ASSIGN/LEFT_ASSIGN/RIGHT_ASSIGN/AND_ASSIGN/XOR_ASSIGN/OR_ASSIGN/'('/')'/'['/']'/'.'/','/'&'/'*'/'+'/'-'/'/'/'%'/'<'/'>'/'^'/'|'/'='/'?'/':'
    3 expression -> • CONSTANT, yyeof/PTR_OP/INC_OP/DEC_OP/LEFT_OP/RIGHT_OP/LE_OP/GE_OP/EQ_OP/NE_OP/AND_OP/OR_OP/MUL_ASSIGN/DIV_ASSIGN/MOD_ASSIGN/ADD_ASSIGN/SUB_ASSIGN/LEFT_ASSIGN/RIGHT_ASSIGN/AND_ASSIGN/XOR_ASSIGN/OR_ASSIGN/'('/')'/'['/']'/'.'/','/'&'/'*'/'+'/'-'/'/'/'%'/'<'/'>'/'^'/'|'/'='/'?'/':'
    4 expression -> • STRING_LITERAL, yyeof/PTR_OP/INC_OP/DEC_OP/LEFT_OP/RIGHT_OP/LE_OP/GE_OP/EQ_OP/NE_OP/AND_OP/OR_OP/MUL_ASSIGN/DIV_ASSIGN/MOD_ASSIGN/ADD_ASSIGN/SUB_ASSIGN/LEFT_ASSIGN/RIGHT_ASSIGN/AND_ASSIGN/XOR_ASSIGN/OR_ASSIGN/'('/')'/'['/']'/'.'/','/'&'/'*'/'+'/'-'/'/'/'%'/'<'/'>'/'^'/'|'/'='/'?'/':'
    5 expression -> • '(' expression ')', yyeof/PTR_OP/INC_OP/DEC_OP/LEFT_OP/RIGHT_OP/LE_OP/GE_OP/EQ_OP/NE_OP/AND_OP/OR_OP/MUL_ASSIGN/DIV_ASSIGN/MOD_ASSIGN/ADD_ASSIGN/SUB_ASSIGN/LEFT_ASSIGN/RIGHT_ASSIGN/AND_ASSIGN/XOR_ASSIGN/OR_ASSIGN/'('/')'/'['/']'/'.'/','/'&'/'*'/'+'/'-'/'/'/'%'/'<'/'>'/'^'/'|'/'='/'?'/':'
    6 expression -> • expression '[' expression ']', yyeof/PTR_OP/INC_OP/DEC_OP/LEFT_OP/RIGHT_OP/LE_OP/GE_OP/EQ_OP/NE_OP/AND_OP/OR_OP/MUL_ASSIGN/DIV_ASSIGN/MOD_ASSIGN/ADD_ASSIGN/SUB_ASSIGN/LEFT_ASSIGN/RIGHT_ASSIGN/AND_ASSIGN/XOR_ASSIGN/OR_ASSIGN/'('/')'/'['/']'/'.'/','/'&'/'*'/'+'/'-'/'/'/'%'/'<'/'>'/'^'/'|'/'='/'?'/':'
    7 expression -> • expression '(' ')', yyeof/PTR_OP/INC_OP/DEC_OP/LEFT_OP/RIGHT_OP/LE_OP/GE_OP/EQ_OP/NE_OP/AND_OP/OR_OP/MUL_ASSIGN/DIV_ASSIGN/MOD_ASSIGN/ADD_ASSIGN/SUB_ASSIGN/LEFT_ASSIGN/RIGHT_ASSIGN/AND_ASSIGN/XOR_ASSIGN/OR_ASSIGN/'('/')'/'['/']'/'.'/','/'&'/'*'/'+'/'-'/'/'/'%'/'<'/'>'/'^'/'|'/'='/'?'/':'
    8 expression -> • expression '(' expression ')', yyeof/PTR_OP/INC_OP/DEC_OP/LEFT_OP/RIGHT_OP/LE_OP/GE_OP/EQ_OP/NE_OP/AND_OP/OR_OP/MUL_ASSIGN/DIV_ASSIGN/MOD_ASSIGN/ADD_ASSIGN/SUB_ASSIGN/LEFT_ASSIGN/RIGHT_ASSIGN/AND_ASSIGN/XOR_ASSIGN/OR_ASSIGN/'('/')'/'['/']'/'.'/','/'&'/'*'/'+'/'-'/'/'/'%'/'<'/'>'/'^'/'|'/'='/'?'/':'
    9 expression -> • expression '.' IDENTIFIER, yyeof/PTR_OP/INC_OP/DEC_OP/LEFT_OP/RIGHT_OP/LE_OP/GE_OP/EQ_OP/NE_OP/AND_OP/OR_OP/MUL_ASSIGN/DIV_ASSIGN/MOD_ASSIGN/ADD_ASSIGN/SUB_ASSIGN/LEFT_ASSIGN/RIGHT_ASSIGN/AND_ASSIGN/XOR_ASSIGN/OR_ASSIGN/'('/')'/'['/']'/'.'/','/'&'/'*'/'+'/'-'/'/'/'%'/'<'/'>'/'^'/'|'/'='/'?'/':'
    10 expression -> • expression PTR_OP IDENTIFIER, yyeof/PTR_OP/INC_OP/DEC_OP/LEFT_OP/RIGHT_OP/LE_OP/GE_OP/EQ_OP/NE_OP/AND_OP/OR_OP/MUL_ASSIGN/DIV_ASSIGN/MOD_ASSIGN/ADD_ASSIGN/SUB_ASSIGN/LEFT_ASSIGN/RIGHT_ASSIGN/AND_ASSIGN/XOR_ASSIGN/OR_ASSIGN/'('/')'/'['/']'/'.'/','/'&'/'*'/'+'/'-'/'/'/'%'/'<'/'>'/'^'/'|'/'='/'?'/':'
    11 expression -> • expression INC_OP, yyeof/PTR_OP/INC_OP/DEC_OP/LEFT_OP/RIGHT_OP/LE_OP/GE_OP/EQ_OP/NE_OP/AND_OP/OR_OP/MUL_ASSIGN/DIV_ASSIGN/MOD_ASSIGN/ADD_ASSIGN/SUB_ASSIGN/LEFT_ASSIGN/RIGHT_ASSIGN/AND_ASSIGN/XOR_ASSIGN/OR_ASSIGN/'('/')'/'['/']'/'.'/','/'&'/'*'/'+'/'-'/'/'/'%'/'<'/'>'/'^'/'|'/'='/'?'/':'
    12 expression -> • expression DEC_OP, yyeof/PTR_OP/INC_OP/DEC_OP/LEFT_OP/RIGHT_OP/LE_OP/GE_OP/EQ_OP/NE_OP/AND_OP/OR_OP/MUL_ASSIGN/DIV_ASSIGN/MOD_ASSIGN/ADD_ASSIGN/SUB_ASSIGN/LEFT_ASSIGN/RIGHT_ASSIGN/AND_ASSIGN/XOR_ASSIGN/OR_ASSIGN/'('/')'/'['/']'/'.'/','/'&'/'*'/'+'/'-'/'/'/'%'/'<'/'>'/'^'/'|'/'='/'?'/':'
    13 expression -> • expression ',' expression, yyeof/PTR_OP/INC_OP/DEC_OP/LEFT_OP/RIGHT_OP/LE_OP/GE_OP/EQ_OP/NE_OP/AND_OP/OR_OP/MUL_ASSIGN/DIV_ASSIGN/MOD_ASSIGN/ADD_ASSIGN/SUB_ASSIGN/LEFT_ASSIGN/RIGHT_ASSIGN/AND_ASSIGN/XOR_ASSIGN/OR_ASSIGN/'('/')'/'['/']'/'.'/','/'&'/'*'/'+'/'-'/'/'/'%'/'<'/'>'/'^'/'|'/'='/'?'/':'
    13 expression -> expression ',' • expression, yyeof/PTR_OP/INC_OP/DEC_OP/LEFT_OP/RIGHT_OP/LE_OP/GE_OP/EQ_OP/NE_OP/AND_OP/OR_OP/MUL_ASSIGN/DIV_ASSIGN/MOD_ASSIGN/ADD_ASSIGN/SUB_ASSIGN/LEFT_ASSIGN/RIGHT_ASSIGN/AND_ASSIGN/XOR_ASSIGN/OR_ASSIGN/'('/')'/'['/']'/'.'/','/'&'/'*'/'+'/'-'/'/'/'%'/'<'/'>'/'^'/'|'/'='/'?'/':'
    14 expression -> • INC_OP expression, yyeof/PTR_OP/INC_OP/DEC_OP/LEFT_OP/RIGHT_OP/LE_OP/GE_OP/EQ_OP/NE_OP/AND_OP/OR_OP/MUL_ASSIGN/DIV_ASSIGN/MOD_ASSIGN/ADD_ASSIGN/SUB_ASSIGN/LEFT_ASSIGN/RIGHT_ASSIGN/AND_ASSIGN/XOR_ASSIGN/OR_ASSIGN/'('/')'/'['/']'/'.'/','/'&'/'*'/'+'/'-'/'/'/'%'/'<'/'>'/'^'/'|'/'='/'?'/':'
    15 expression -> • DEC_OP expression, yyeof/PTR_OP/INC_OP/DEC_OP/LEFT_OP/RIGHT_OP/LE_OP/GE_OP/EQ_OP/NE_OP/AND_OP/OR_OP/MUL_ASSIGN/DIV_ASSIGN/MOD_ASSIGN/ADD_ASSIGN/SUB_ASSIGN/LEFT_ASSIGN/RIGHT_ASSIGN/AND_ASSIGN/XOR_ASSIGN/OR_ASSIGN/'('/')'/'['/']'/'.'/','/'&'/'*'/'+'/'-'/'/'/'%'/'<'/'>'/'^'/'|'/'='/'?'/':'
    16 expression -> • SIZEOF expression, yyeof/PTR_OP/INC_OP/DEC_OP/LEFT_OP/RIGHT_OP/LE_OP/GE_OP/EQ_OP/NE_OP/AND_OP/OR_OP/MUL_ASSIGN/DIV_ASSIGN/MOD_ASSIGN/ADD_ASSIGN/SUB_ASSIGN/LEFT_ASSIGN/RIGHT_ASSIGN/AND_ASSIGN/XOR_ASSIGN/OR_ASSIGN/'('/')'/'['/']'/'.'/','/'&'/'*'/'+'/'-'/'/'/'%'/'<'/'>'/'^'/'|'/'='/'?'/':'
    17 expression -> • SIZEOF '(' type_name ')', yyeof/PTR_OP/INC_OP/DEC_OP/LEFT_OP/RIGHT_OP/LE_OP/GE_OP/EQ_OP/NE_OP/AND_OP/OR_OP/MUL_ASSIGN/DIV_ASSIGN/MOD_ASSIGN/ADD_ASSIGN/SUB_ASSIGN/LEFT_ASSIGN/RIGHT_ASSIGN/AND_ASSIGN/XOR_ASSIGN/OR_ASSIGN/'('/')'/'['/']'/'.'/','/'&'/'*'/'+'/'-'/'/'/'%'/'<'/'>'/'^'/'|'/'='/'?'/':'
    18 expression -> • '(' type_name ')' expression, yyeof/PTR_OP/INC_OP/DEC_OP/LEFT_OP/RIGHT_OP/LE_OP/GE_OP/EQ_OP/NE_OP/AND_OP/OR_OP/MUL_ASSIGN/DIV_ASSIGN/MOD_ASSIGN/ADD_ASSIGN/SUB_ASSIGN/LEFT_ASSIGN/RIGHT_ASSIGN/AND_ASSIGN/XOR_ASSIGN/OR_ASSIGN/'('/')'/'['/']'/'.'/','/'&'/'*'/'+'/'-'/'/'/'%'/'<'/'>'/'^'/'|'/'='/'?'/':'
    19 expression -> • '&' expression, yyeof/PTR_OP/INC_OP/DEC_OP/LEFT_OP/RIGHT_OP/LE_OP/GE_OP/EQ_OP/NE_OP/AND_OP/OR_OP/MUL_ASSIGN/DIV_ASSIGN/MOD_ASSIGN/ADD_ASSIGN/SUB_ASSIGN/LEFT_ASSIGN/RIGHT_ASSIGN/AND_ASSIGN/XOR_ASSIGN/OR_ASSIGN/'('/')'/'['/']'/'.'/','/'&'/'*'/'+'/'-'/'/'/'%'/'<'/'>'/'^'/'|'/'='/'?'/':'
    20 expression -> • '*' expression, yyeof/PTR_OP/INC_OP/DEC_OP/LEFT_OP/RIGHT_OP/LE_OP/GE_OP/EQ_OP/NE_OP/AND_OP/OR_OP/MUL_ASSIGN/DIV_ASSIGN/MOD_ASSIGN/ADD_ASSIGN/SUB_ASSIGN/LEFT_ASSIGN/RIGHT_ASSIGN/AND_ASSIGN/XOR_ASSIGN/OR_ASSIGN/'('/')'/'['/']'/'.'/','/'&'/'*'/'+'/'-'/'/'/'%'/'<'/'>'/'^'/'|'/'='/'?'/':'
    21 expression -> • '+' expression, yyeof/PTR_OP/INC_OP/DEC_OP/LEFT_OP/RIGHT_OP/LE_OP/GE_OP/EQ_OP/NE_OP/AND_OP/OR_OP/MUL_ASSIGN/DIV_ASSIGN/MOD_ASSIGN/ADD_ASSIGN/SUB_ASSIGN/LEFT_ASSIGN/RIGHT_ASSIGN/AND_ASSIGN/XOR_ASSIGN/OR_ASSIGN/'('/')'/'['/']'/'.'/','/'&'/'*'/'+'/'-'/'/'/'%'/'<'/'>'/'^'/'|'/'='/'?'/':'
    22 expression -> • '-' expression, yyeof/PTR_OP/INC_OP/DEC_OP/LEFT_OP/RIGHT_OP/LE_OP/GE_OP/EQ_OP/NE_OP/AND_OP/OR_OP/MUL_ASSIGN/DIV_ASSIGN/MOD_ASSIGN/ADD_ASSIGN/SUB_ASSIGN/LEFT_ASSIGN/RIGHT_ASSIGN/AND_ASSIGN/XOR_ASSIGN/OR_ASSIGN/'('/')'/'['/']'/'.'/','/'&'/'*'/'+'/'-'/'/'/'%'/'<'/'>'/'^'/'|'/'='/'?'/':'
    23 expression -> • '~' expression, yyeof/PTR_OP/INC_OP/DEC_OP/LEFT_OP/RIGHT_OP/LE_OP/GE_OP/EQ_OP/NE_OP/AND_OP/OR_OP/MUL_ASSIGN/DIV_ASSIGN/MOD_ASSIGN/ADD_ASSIGN/SUB_ASSIGN/LEFT_ASSIGN/RIGHT_ASSIGN/AND_ASSIGN/XOR_ASSIGN/OR_ASSIGN/'('/')'/'['/']'/'.'/','/'&'/'*'/'+'/'-'/'/'/'%'/'<'/'>'/'^'/'|'/'='/'?'/':'
    24 expression -> • '!' expression, yyeof/PTR_OP/INC_OP/DEC_OP/LEFT_OP/RIGHT_OP/LE_OP/GE_OP/EQ_OP/NE_OP/AND_OP/OR_OP/MUL_ASSIGN/DIV_ASSIGN/MOD_ASSIGN/ADD_ASSIGN/SUB_ASSIGN/LEFT_ASSIGN/RIGHT_ASSIGN/AND_ASSIGN/XOR_ASSIGN/OR_ASSIGN/'('/')'/'['/']'/'.'/','/'&'/'*'/'+'/'-'/'/'/'%'/'<'/'>'/'^'/'|'/'='/'?'/':'
    25 expression -> • expression '+' expression, yyeof/PTR_OP/INC_OP/DEC_OP/LEFT_OP/RIGHT_OP/LE_OP/GE_OP/EQ_OP/NE_OP/AND_OP/OR_OP/MUL_ASSIGN/DIV_ASSIGN/MOD_ASSIGN/ADD_ASSIGN/SUB_ASSIGN/LEFT_ASSIGN/RIGHT_ASSIGN/AND_ASSIGN/XOR_ASSIGN/OR_ASSIGN/'('/')'/'['/']'/'.'/','/'&'/'*'/'+'/'-'/'/'/'%'/'<'/'>'/'^'/'|'/'='/'?'/':'
    26 expression -> • expression '-' expression, yyeof/PTR_OP/INC_OP/DEC_OP/LEFT_OP/RIGHT_OP/LE_OP/GE_OP/EQ_OP/NE_OP/AND_OP/OR_OP/MUL_ASSIGN/DIV_ASSIGN/MOD_ASSIGN/ADD_ASSIGN/SUB_ASSIGN/LEFT_ASSIGN/RIGHT_ASSIGN/AND_ASSIGN/XOR_ASSIGN/OR_ASSIGN/'('/')'/'['/']'/'.'/','/'&'/'*'/'+'/'-'/'/'/'%'/'<'/'>'/'^'/'|'/'='/'?'/':'
    27 expression -> • expression '*' expression, yyeof/PTR_OP/INC_OP/DEC_OP/LEFT_OP/RIGHT_OP/LE_OP/GE_OP/EQ_OP/NE_OP/AND_OP/OR_OP/MUL_ASSIGN/DIV_ASSIGN/MOD_ASSIGN/ADD_ASSIGN/SUB_ASSIGN/LEFT_ASSIGN/RIGHT_ASSIGN/AND_ASSIGN/XOR_ASSIGN/OR_ASSIGN/'('/')'/'['/']'/'.'/','/'&'/'*'/'+'/'-'/'/'/'%'/'<'/'>'/'^'/'|'/'='/'?'/':'
    28 expression -> • expression '/' expression, yyeof/PTR_OP/INC_OP/DEC_OP/LEFT_OP/RIGHT_OP/LE_OP/GE_OP/EQ_OP/NE_OP/AND_OP/OR_OP/MUL_ASSIGN/DIV_ASSIGN/MOD_ASSIGN/ADD_ASSIGN/SUB_ASSIGN/LEFT_ASSIGN/RIGHT_ASSIGN/AND_ASSIGN/XOR_ASSIGN/OR_ASSIGN/'('/')'/'['/']'/'.'/','/'&'/'*'/'+'/'-'/'/'/'%'/'<'/'>'/'^'/'|'/'='/'?'/':'
    29 expression -> • expression '%' expression, yyeof/PTR_OP/INC_OP/DEC_OP/LEFT_OP/RIGHT_OP/LE_OP/GE_OP/EQ_OP/NE_OP/AND_OP/OR_OP/MUL_ASSIGN/DIV_ASSIGN/MOD_ASSIGN/ADD_ASSIGN/SUB_ASSIGN/LEFT_ASSIGN/RIGHT_ASSIGN/AND_ASSIGN/XOR_ASSIGN/OR_ASSIGN/'('/')'/'['/']'/'.'/','/'&'/'*'/'+'/'-'/'/'/'%'/'<'/'>'/'^'/'|'/'='/'?'/':'
    30 expression -> • expression LEFT_OP expression, yyeof/PTR_OP/INC_OP/DEC_OP/LEFT_OP/RIGHT_OP/LE_OP/GE_OP/EQ_OP/NE_OP/AND_OP/OR_OP/MUL_ASSIGN/DIV_ASSIGN/MOD_ASSIGN/ADD_ASSIGN/SUB_ASSIGN/LEFT_ASSIGN/RIGHT_ASSIGN/AND_ASSIGN/XOR_ASSIGN/OR_ASSIGN/'('/')'/'['/']'/'.'/','/'&'/'*'/'+'/'-'/'/'/'%'/'<'/'>'/'^'/'|'/'='/'?'/':'
    31 expression -> • expression RIGHT_OP expression, yyeof/PTR_OP/INC_OP/DEC_OP/LEFT_OP/RIGHT_OP/LE_OP/GE_OP/EQ_OP/NE_OP/AND_OP/OR_OP/MUL_ASSIGN/DIV_ASSIGN/MOD_ASSIGN/ADD_ASSIGN/SUB_ASSIGN/LEFT_ASSIGN/RIGHT_ASSIGN/AND_ASSIGN/XOR_ASSIGN/OR_ASSIGN/'('/')'/'['/']'/'.'/','/'&'/'*'/'+'/'-'/'/'/'%'/'<'/'>'/'^'/'|'/'='/'?'/':'
    32 expression -> • expression '<' expression, yyeof/PTR_OP/INC_OP/DEC_OP/LEFT_OP/RIGHT_OP/LE_OP/GE_OP/EQ_OP/NE_OP/AND_OP/OR_OP/MUL_ASSIGN/DIV_ASSIGN/MOD_ASSIGN/ADD_ASSIGN/SUB_ASSIGN/LEFT_ASSIGN/RIGHT_ASSIGN/AND_ASSIGN/XOR_ASSIGN/OR_ASSIGN/'('/')'/'['/']'/'.'/','/'&'/'*'/'+'/'-'/'/'/'%'/'<'/'>'/'^'/'|'/'='/'?'/':'
    33 expression -> • expression '>' expression, yyeof/PTR_OP/INC_OP/DEC_OP/LEFT_OP/RIGHT_OP/LE_OP/GE_OP/EQ_OP/NE_OP/AND_OP/OR_OP/MUL_ASSIGN/DIV_ASSIGN/MOD_ASSIGN/ADD_ASSIGN/SUB_ASSIGN/LEFT_ASSIGN/RIGHT_ASSIGN/AND_ASSIGN/XOR_ASSIGN/OR_ASSIGN/'('/')'/'['/']'/'.'/','/'&'/'*'/'+'/'-'/'/'/'%'/'<'/'>'/'^'/'|'/'='/'?'/':'
    34 expression -> • expression LE_OP expression, yyeof/PTR_OP/INC_OP/DEC_OP/LEFT_OP/RIGHT_OP/LE_OP/GE_OP/EQ_OP/NE_OP/AND_OP/OR_OP/MUL_ASSIGN/DIV_ASSIGN/MOD_ASSIGN/ADD_ASSIGN/SUB_ASSIGN/LEFT_ASSIGN/RIGHT_ASSIGN/AND_ASSIGN/XOR_ASSIGN/OR_ASSIGN/'('/')'/'['/']'/'.'/','/'&'/'*'/'+'/'-'/'/'/'%'/'<'/'>'/'^'/'|'/'='/'?'/':'
    35 expression -> • expression GE_OP expression, yyeof/PTR_OP/INC_OP/DEC_OP/LEFT_OP/RIGHT_OP/LE_OP/GE_OP/EQ_OP/NE_OP/AND_OP/OR_OP/MUL_ASSIGN/DIV_ASSIGN/MOD_ASSIGN/ADD_ASSIGN/SUB_ASSIGN/LEFT_ASSIGN/RIGHT_ASSIGN/AND_ASSIGN/XOR_ASSIGN/OR_ASSIGN/'('/')'/'['/']'/'.'/','/'&'/'*'/'+'/'-'/'/'/'%'/'<'/'>'/'^'/'|'/'='/'?'/':'
    36 expression -> • expression EQ_OP expression, yyeof/PTR_OP/INC_OP/DEC_OP/LEFT_OP/RIGHT_OP/LE_OP/GE_OP/EQ_OP/NE_OP/AND_OP/OR_OP/MUL_ASSIGN/DIV_ASSIGN/MOD_ASSIGN/ADD_ASSIGN/SUB_ASSIGN/LEFT_ASSIGN/RIGHT_ASSIGN/AND_ASSIGN/XOR_ASSIGN/OR_ASSIGN/'('/')'/'['/']'/'.'/','/'&'/'*'/'+'/'-'/'/'/'%'/'<'/'>'/'^'/'|'/'='/'?'/':'
    37 expression -> • expression NE_OP expression, yyeof/PTR_OP/INC_OP/DEC_OP/LEFT_OP/RIGHT_OP/LE_OP/GE_OP/EQ_OP/NE_OP/AND_OP/OR_OP/MUL_ASSIGN/DIV_ASSIGN/MOD_ASSIGN/ADD_ASSIGN/SUB_ASSIGN/LEFT_ASSIGN/RIGHT_ASSIGN/AND_ASSIGN/XOR_ASSIGN/OR_ASSIGN/'('/')'/'['/']'/'.'/','/'&'/'*'/'+'/'-'/'/'/'%'/'<'/'>'/'^'/'|'/'='/'?'/':'
    38 expression -> • expression '&' expression, yyeof/PTR_OP/INC_OP/DEC_OP/LEFT_OP/RIGHT_OP/LE_OP/GE_OP/EQ_OP/NE_OP/AND_OP/OR_OP/MUL_ASSIGN/DIV_ASSIGN/MOD_ASSIGN/ADD_ASSIGN/SUB_ASSIGN/LEFT_ASSIGN/RIGHT_ASSIGN/AND_ASSIGN/XOR_ASSIGN/OR_ASSIGN/'('/')'/'['/']'/'.'/','/'&'/'*'/'+'/'-'/'/'/'%'/'<'/'>'/'^'/'|'/'='/'?'/':'
    39 expression -> • expression '^' expression, yyeof/PTR_OP/INC_OP/DEC_OP/LEFT_OP/RIGHT_OP/LE_OP/GE_OP/EQ_OP/NE_OP/AND_OP/OR_OP/MUL_ASSIGN/DIV_ASSIGN/MOD_ASSIGN/ADD_ASSIGN/SUB_ASSIGN/LEFT_ASSIGN/RIGHT_ASSIGN/AND_ASSIGN/XOR_ASSIGN/OR_ASSIGN/'('/')'/'['/']'/'.'/','/'&'/'*'/'+'/'-'/'/'/'%'/'<'/'>'/'^'/'|'/'='/'?'/':'
    40 expression -> • expression '|' expression, yyeof/PTR_OP/INC_OP/DEC_OP/LEFT_OP/RIGHT_OP/LE_OP/GE_OP/EQ_OP/NE_OP/AND_OP/OR_OP/MUL_ASSIGN/DIV_ASSIGN/MOD_ASSIGN/ADD_ASSIGN/SUB_ASSIGN/LEFT_ASSIGN/RIGHT_ASSIGN/AND_ASSIGN/XOR_ASSIGN/OR_ASSIGN/'('/')'/'['/']'/'.'/','/'&'/'*'/'+'/'-'/'/'/'%'/'<'/'>'/'^'/'|'/'='/'?'/':'
    41 expression -> • expression AND_OP expression, yyeof/PTR_OP/INC_OP/DEC_OP/LEFT_OP/RIGHT_OP/LE_OP/GE_OP/EQ_OP/NE_OP/AND_OP/OR_OP/MUL_ASSIGN/DIV_ASSIGN/MOD_ASSIGN/ADD_ASSIGN/SUB_ASSIGN/LEFT_ASSIGN/RIGHT_ASSIGN/AND_ASSIGN/XOR_ASSIGN/OR_ASSIGN/'('/')'/'['/']'/'.'/','/'&'/'*'/'+'/'-'/'/'/'%'/'<'/'>'/'^'/'|'/'='/'?'/':'
    42 expression -> • expression OR_OP expression, yyeof/PTR_OP/INC_OP/DEC_OP/LEFT_OP/RIGHT_OP/LE_OP/GE_OP/EQ_OP/NE_OP/AND_OP/OR_OP/MUL_ASSIGN/DIV_ASSIGN/MOD_ASSIGN/ADD_ASSIGN/SUB_ASSIGN/LEFT_ASSIGN/RIGHT_ASSIGN/AND_ASSIGN/XOR_ASSIGN/OR_ASSIGN/'('/')'/'['/']'/'.'/','/'&'/'*'/'+'/'-'/'/'/'%'/'<'/'>'/'^'/'|'/'='/'?'/':'
    43 expression -> • expression '=' expression, yyeof/PTR_OP/INC_OP/DEC_OP/LEFT_OP/RIGHT_OP/LE_OP/GE_OP/EQ_OP/NE_OP/AND_OP/OR_OP/MUL_ASSIGN/DIV_ASSIGN/MOD_ASSIGN/ADD_ASSIGN/SUB_ASSIGN/LEFT_ASSIGN/RIGHT_ASSIGN/AND_ASSIGN/XOR_ASSIGN/OR_ASSIGN/'('/')'/'['/']'/'.'/','/'&'/'*'/'+'/'-'/'/'/'%'/'<'/'>'/'^'/'|'/'='/'?'/':'
    44 expression -> • expression MUL_ASSIGN expression, yyeof/PTR_OP/INC_OP/DEC_OP/LEFT_OP/RIGHT_OP/LE_OP/GE_OP/EQ_OP/NE_OP/AND_OP/OR_OP/MUL_ASSIGN/DIV_ASSIGN/MOD_ASSIGN/ADD_ASSIGN/SUB_ASSIGN/LEFT_ASSIGN/RIGHT_ASSIGN/AND_ASSIGN/XOR_ASSIGN/OR_ASSIGN/'('/')'/'['/']'/'.'/','/'&'/'*'/'+'/'-'/'/'/'%'/'<'/'>'/'^'/'|'/'='/'?'/':'
    45 expression -> • expression DIV_ASSIGN expression, yyeof/PTR_OP/INC_OP/DEC_OP/LEFT_OP/RIGHT_OP/LE_OP/GE_OP/EQ_OP/NE_OP/AND_OP/OR_OP/MUL_ASSIGN/DIV_ASSIGN/MOD_ASSIGN/ADD_ASSIGN/SUB_ASSIGN/LEFT_ASSIGN/RIGHT_ASSIGN/AND_ASSIGN/XOR_ASSIGN/OR_ASSIGN/'('/')'/'['/']'/'.'/','/'&'/'*'/'+'/'-'/'/'/'%'/'<'/'>'/'^'/'|'/'='/'?'/':'
    46 expression -> • expression MOD_ASSIGN expression, yyeof/PTR_OP/INC_OP/DEC_OP/LEFT_OP/RIGHT_OP/LE_OP/GE_OP/EQ_OP/NE_OP/AND_OP/OR_OP/MUL_ASSIGN/DIV_ASSIGN/MOD_ASSIGN/ADD_ASSIGN/SUB_ASSIGN/LEFT_ASSIGN/RIGHT_ASSIGN/AND_ASSIGN/XOR_ASSIGN/OR_ASSIGN/'('/')'/'['/']'/'.'/','/'&'/'*'/'+'/'-'/'/'/'%'/'<'/'>'/'^'/'|'/'='/'?'/':'
    47 expression -> • expression ADD_ASSIGN expression, yyeof/PTR_OP/INC_OP/DEC_OP/LEFT_OP/RIGHT_OP/LE_OP/GE_OP/EQ_OP/NE_OP/AND_OP/OR_OP/MUL_ASSIGN/DIV_ASSIGN/MOD_ASSIGN/ADD_ASSIGN/SUB_ASSIGN/LEFT_ASSIGN/RIGHT_ASSIGN/AND_ASSIGN/XOR_ASSIGN/OR_ASSIGN/'('/')'/'['/']'/'.'/','/'&'/'*'/'+'/'-'/'/'/'%'/'<'/'>'/'^'/'|'/'='/'?'/':'
    48 expression -> • expression SUB_ASSIGN expression, yyeof/PTR_OP/INC_OP/DEC_OP/LEFT_OP/RIGHT_OP/LE_OP/GE_OP/EQ_OP/NE_OP/AND_OP/OR_OP/MUL_ASSIGN/DIV_ASSIGN/MOD_ASSIGN/ADD_ASSIGN/SUB_ASSIGN/LEFT_ASSIGN/RIGHT_ASSIGN/AND_ASSIGN/XOR_ASSIGN/OR_ASSIGN/'('/')'/'['/']'/'.'/','/'&'/'*'/'+'/'-'/'/'/'%'/'<'/'>'/'^'/'|'/'='/'?'/':'
    49 expression -> • expression LEFT_ASSIGN expression, yyeof/PTR_OP/INC_OP/DEC_OP/LEFT_OP/RIGHT_OP/LE_OP/GE_OP/EQ_OP/NE_OP/AND_OP/OR_OP/MUL_ASSIGN/DIV_ASSIGN/MOD_ASSIGN/ADD_ASSIGN/SUB_ASSIGN/LEFT_ASSIGN/RIGHT_ASSIGN/AND_ASSIGN/XOR_ASSIGN/OR_ASSIGN/'('/')'/'['/']'/'.'/','/'&'/'*'/'+'/'-'/'/'/'%'/'<'/'>'/'^'/'|'/'='/'?'/':'
    50 expression -> • expression RIGHT_ASSIGN expression, yyeof/PTR_OP/INC_OP/DEC_OP/LEFT_OP/RIGHT_OP/LE_OP/GE_OP/EQ_OP/NE_OP/AND_OP/OR_OP/MUL_ASSIGN/DIV_ASSIGN/MOD_ASSIGN/ADD_ASSIGN/SUB_ASSIGN/LEFT_ASSIGN/RIGHT_ASSIGN/AND_ASSIGN/XOR_ASSIGN/OR_ASSIGN/'('/')'/'['/']'/'.'/','/'&'/'*'/'+'/'-'/'/'/'%'/'<'/'>'/'^'/'|'/'='/'?'/':'
    51 expression -> • expression AND_ASSIGN expression, yyeof/PTR_OP/INC_OP/DEC_OP/LEFT_OP/RIGHT_OP/LE_OP/GE_OP/EQ_OP/NE_OP/AND_OP/OR_OP/MUL_ASSIGN/DIV_ASSIGN/MOD_ASSIGN/ADD_ASSIGN/SUB_ASSIGN/LEFT_ASSIGN/RIGHT_ASSIGN/AND_ASSIGN/XOR_ASSIGN/OR_ASSIGN/'('/')'/'['/']'/'.'/','/'&'/'*'/'+'/'-'/'/'/'%'/'<'/'>'/'^'/'|'/'='/'?'/':'
    52 expression -> • expression XOR_ASSIGN expression, yyeof/PTR_OP/INC_OP/DEC_OP/LEFT_OP/RIGHT_OP/LE_OP/GE_OP/EQ_OP/NE_OP/AND_OP/OR_OP/MUL_ASSIGN/DIV_ASSIGN/MOD_ASSIGN/ADD_ASSIGN/SUB_ASSIGN/LEFT_ASSIGN/RIGHT_ASSIGN/AND_ASSIGN/XOR_ASSIGN/OR_ASSIGN/'('/')'/'['/']'/'.'/','/'&'/'*'/'+'/'-'/'/'/'%'/'<'/'>'/'^'/'|'/'='/'?'/':'
    53 expression -> • expression OR_ASSIGN expression, yyeof/PTR_OP/INC_OP/DEC_OP/LEFT_OP/RIGHT_OP/LE_OP/GE_OP/EQ_OP/NE_OP/AND_OP/OR_OP/MUL_ASSIGN/DIV_ASSIGN/MOD_ASSIGN/ADD_ASSIGN/SUB_ASSIGN/LEFT_ASSIGN/RIGHT_ASSIGN/AND_ASSIGN/XOR_ASSIGN/OR_ASSIGN/'('/')'/'['/']'/'.'/','/'&'/'*'/'+'/'-'/'/'/'%'/'<'/'>'/'^'/'|'/'='/'?'/':'
    54 expression -> • expression ',' expression, yyeof/PTR_OP/INC_OP/DEC_OP/LEFT_OP/RIGHT_OP/LE_OP/GE_OP/EQ_OP/NE_OP/AND_OP/OR_OP/MUL_ASSIGN/DIV_ASSIGN/MOD_ASSIGN/ADD_ASSIGN/SUB_ASSIGN/LEFT_ASSIGN/RIGHT_ASSIGN/AND_ASSIGN/XOR_ASSIGN/OR_ASSIGN/'('/')'/'['/']'/'.'/','/'&'/'*'/'+'/'-'/'/'/'%'/'<'/'>'/'^'/'|'/'='/'?'/':'
    54 expression -> expression ',' • expression, yyeof/PTR_OP/INC_OP/DEC_OP/LEFT_OP/RIGHT_OP/LE_OP/GE_OP/EQ_OP/NE_OP/AND_OP/OR_OP/MUL_ASSIGN/DIV_ASSIGN/MOD_ASSIGN/ADD_ASSIGN/SUB_ASSIGN/LEFT_ASSIGN/RIGHT_ASSIGN/AND_ASSIGN/XOR_ASSIGN/OR_ASSIGN/'('/')'/'['/']'/'.'/','/'&'/'*'/'+'/'-'/'/'/'%'/'<'/'>'/'^'/'|'/'='/'?'/':'
    55 expression -> • expression '?' expression ':' expression, yyeof/PTR_OP/INC_OP/DEC_OP/LEFT_OP/RIGHT_OP/LE_OP/GE_OP/EQ_OP/NE_OP/AND_OP/OR_OP/MUL_ASSIGN/DIV_ASSIGN/MOD_ASSIGN/ADD_ASSIGN/SUB_ASSIGN/LEFT_ASSIGN/RIGHT_ASSIGN/AND_ASSIGN/XOR_ASSIGN/OR_ASSIGN/'('/')'/'['/']'/'.'/','/'&'/'*'/'+'/'-'/'/'/'%'/'<'/'>'/'^'/'|'/'='/'?'/':'

    IDENTIFIER shift, and go to state 1
    STRING_LITERAL